"species","candidate_1_path","candidate_2_path","candidate_3_path","candidate_4_path","candidate_5_path","candidate_6_path","candidate_7_path","candidate_1_confidence","candidate_1_kind","candidate_1_locator","candidate_1_resolution_px","candidate_1_use","candidate_1_association_basis","candidate_1_inspection_reference","candidate_1_sha256","candidate_2_confidence","candidate_2_kind","candidate_2_locator","candidate_2_resolution_px","candidate_2_use","candidate_2_association_basis","candidate_2_inspection_reference","candidate_2_sha256","candidate_3_confidence","candidate_3_kind","candidate_3_locator","candidate_3_resolution_px","candidate_3_use","candidate_3_association_basis","candidate_3_inspection_reference","candidate_3_sha256","candidate_4_confidence","candidate_4_kind","candidate_4_locator","candidate_4_resolution_px","candidate_4_use","candidate_4_association_basis","candidate_4_inspection_reference","candidate_4_sha256","candidate_5_confidence","candidate_5_kind","candidate_5_locator","candidate_5_resolution_px","candidate_5_use","candidate_5_association_basis","candidate_5_inspection_reference","candidate_5_sha256","candidate_6_confidence","candidate_6_kind","candidate_6_locator","candidate_6_resolution_px","candidate_6_use","candidate_6_association_basis","candidate_6_inspection_reference","candidate_6_sha256","candidate_7_confidence","candidate_7_kind","candidate_7_locator","candidate_7_resolution_px","candidate_7_use","candidate_7_association_basis","candidate_7_inspection_reference","candidate_7_sha256","current_gallery_entries","current_plant_photographs","current_maps","outcome","review_notes","account_id","source_collection_count","source_quality_recovery_path","source_quality_recovery_locator"
"Abrus precatorius subsp. precatorius","/Volumes/Crucial X10/SD/A A A/Abrus precatorius/_1090154.JPG","/Volumes/Crucial X10/SD/A A A/Abrus precatorius/20240611_155649.jpg","","","","","","B","loose photograph","","4000x3000","gallery option","Association through the named source folder or historical-name trail; Full subspecies/variety not established: retain the source species-level caption.","E001-05","cd256f3ff3649b27eccbdc55011691a89d6a3f8b9476919c8b0a2bd84ddd339a","B","loose photograph","","4032x3024","gallery option","Association through the named source folder or historical-name trail; Full subspecies/variety not established: retain the source species-level caption.","E001-09","46f593ee978b1e731698127e1b7bf9765d4e45af97ba81534b2a7e0445db8e28","","","","","","","","","","","","","","","","","","","","","","","","","","","","","","","","","","","","","","","","","3","3","0","Supported loose additions","Most leads repeat the red-seed cluster already displayed. Candidate 5 adds the climbing vine on a tree; assess sharpness at full size. Additional reviewed sequence shows red/black seeds in opened pods against foliage, a useful attached-fruit option.","plant-2dc76549b57f4a8d","11","",""
"Abutilon indicum var. australiense","/Volumes/Crucial X10/SD/A A A/Abutilon indicum var. australiense/SELECT/PICK/Abutilon indicum.226.a.JPG","/Volumes/Crucial X10/HD/AA NATIVE PLANTS OF NA 2021/FINAL FULL DRAFT/PROOF Native Plants of N Australia-PDF.pdf","/Volumes/Crucial X10/SD/# A A A A NPNA 2026 NEW PHOTOS/A A A A A CASUARINA RES, LEE PT, EAST PT, VESTEY LAGOON, DUKE ST RF, 8.8.2026/Abutilon indicum ftt/P1150469.JPG","/Volumes/Crucial X10/SD/# A A A A NPNA 2026 NEW PHOTOS/A A A A A CASUARINA RES, LEE PT, EAST PT, VESTEY LAGOON, DUKE ST RF, 8.8.2026/Jewel Beetle on Abutilon indicum/SELECT/PICK/Jewel Beetle on Abutilon indicum.488.b.JPG","","","","A","loose photograph","","3228x2305","gallery option","Species named in the filename.","E002-04","5562133a2356b22f57eee191394ab0a92bc924f6371f1ddc5aa84132cf456bc0","A","book image","PDF page 84; printed page 83; page-object index 1 (zero-based)","571x646","low-resolution fallback","Photograph positioned with the authored species account in the book proof.","B-p84-o1","","B","loose photograph","","4864x3648","gallery option","Association through the named source folder or historical-name trail; Full subspecies/variety not established: retain the source species-level caption.","E002-11","791600c42af10f58535d8b2ffeec6c120e7dedb358c6b14ff14dbaa9cd70abaa","B","loose photograph","","2012x1509","gallery option","Species named in the filename; Full subspecies/variety not established: retain the source species-level caption.","E002-12","fee2333434c317bc0d9b6e3ca5dd66ed991b55d0f18b4e08e4a858a704087191","","","","","","","","","","","","","","","","","","","","","","","","","3","3","0","Supported loose additions","Prioritise foliage with developing capsule and the older book's capsule/leaf detail. Most blue-sky flower exports are repeat compositions. Additional options include dry seed heads and a jewel beetle on the leaf.","plant-47826468a29576af","15","",""
"Acacia alleniana","/Volumes/Crucial X10/SD/A A A/Acacia alleniana/_1130840 Acacia alleniana.JPG","/Volumes/Crucial X10/SD/A A A/Acacia alleniana/SELECT/Gunbalanja Acacia alleniana #IM.jpg","/Volumes/Crucial X10/SD/A A A/Acacia alleniana/SELECT/P1010809#.JPG","","","","","A","loose photograph","","4000x3000","gallery option","Species named in the filename.","E003-03","05f6f5d3906d93e90b6b894e6e708458cf441b69ffc3a7af04e9a80612d6e361","A","loose photograph","","3648x2736","gallery option","Species named in the filename.","E003-02","8f9393ea117f49622b06592a06b84c8ccc74c93ff61435fd24b3aa8c50470a0e","B","loose photograph","","4864x3648","gallery option","Association through the named source folder or historical-name trail.","E003-06","8d81ef1b43f267adc55b95c2b03b72a7695f949b9a639c50aac6d2f764f470fa","","","","","","","","","","","","","","","","","","","","","","","","","","","","","","","","","3","3","0","Supported loose additions","Pods and a wider flowering branch/habit view add useful coverage. Candidate 1 is another version of the current blue-sky flowers. Preserve the known alleniana/latescens file-label conflict.","plant-1e6d18d70bc6e65b","5","",""
"Acacia auriculiformis","/Volumes/Crucial X10/HD/# COMPLETE NPNA NEW ED 2026/A. A. PHOTOS AND IMAGES/D. PLANT DESCRIPTIONS GENERA A-Z/AA/Acacia auriculiformis (use 2022 tree habit shot)/PICK/EXTRA/Acacia auriculiformis.285.a.JPG","/Volumes/Crucial X10/SD/AA FB POSTS/TREES ON ROCK/Acacia auriculiformis, Darwin cliffs.JPG","/Volumes/Crucial X10/SD/A A A/Acacia auriculiformis/Acacia auriculiformis_1250223.JPG","","","","","A","loose photograph","","4577x2574","gallery option","Species named in the filename.","E004-01","3616f087601a9f5b6036694ac0aa1c52dff39b604751ffc3465feb902810095a","A","loose photograph","","2048x2731","gallery option","Species named in the filename.","E004-04","d3af40450ab6052680f30b000fb1e8e3088482235b1312a1dbbb1d6d3779d42f","A","loose photograph","","4000x3000","gallery option","Species named in the filename.","E004-05","dd0cd42b461d33753ce360853b8b7af854c765a7eacc269acea909afe7352a84","","","","","","","","","","","","","","","","","","","","","","","","","","","","","","","","","2","2","0","Supported loose additions","Flowering stand, trunk/root base and whole-tree habitat complement current flower and open-pod close-ups.","plant-3313647d5a3519ea","10","",""
"Acacia conspersa","/Volumes/Crucial X10/HD/AA NATIVE PLANTS OF NA 2021/FINAL FULL DRAFT/PROOF Native Plants of N Australia-PDF.pdf","","","","","","","A","book image","PDF page 86; printed page 85; page-object index 58 (zero-based)","566x535","low-resolution fallback","Photograph positioned with the authored species account in the book proof.","B-p86-o58","","","","","","","","","","","","","","","","","","","","","","","","","","","","","","","","","","","","","","","","","","","","","","","","","","1","1","0","Book addition only","The loose candidate repeats the existing photograph. The older book adds only a very small pod inset: a low-resolution fallback, not a strong full-size gallery addition.","plant-d838ae8a75fd2daa","5","",""
"Acacia difficilis","/Volumes/Crucial X10/HD/# COMPLETE NPNA NEW ED 2026/A. A. PHOTOS AND IMAGES/C. HERO SHOTS A-Z/AA/PICK/Little Corella eating seeds of Acacia difficilis.324b.JPG","","","","","","","A","loose photograph","","2619x2876","gallery option","Species named in the filename.","E006-01","cfbf24907fa6a104f4da9ef8ebc78779ec98aa3c395170fb17168f7906adfb4f","","","","","","","","","","","","","","","","","","","","","","","","","","","","","","","","","","","","","","","","","","","","","","","","","2","2","0","Supported loose additions","Corella feeding/perching adds ecological context; keep one bird composition. Most other leads repeat the current flowers and habit.","plant-5ed41325f7d3bfe6","16","",""
"Acacia dimidiata","/Volumes/Crucial X10/HD/# COMPLETE NPNA NEW ED 2026/A. A. PHOTOS AND IMAGES/D. PLANT DESCRIPTIONS GENERA A-Z/AA/Acacia dimidiata/PICK/EXTRA/Acacia dimidiata.290.a.JPG","/Volumes/Crucial X10/HD/AA NATIVE PLANTS OF NA 2021/FINAL FULL DRAFT/PROOF Native Plants of N Australia-PDF.pdf","","","","","","A","loose photograph","","3436x2673","gallery option","Species named in the filename.","E007-01","ea8454e171ade2d2c61af8c968711712c1b8330a8bce248dc73f34b65b72d93b","A","book image","PDF page 87; printed page 86; page-object index 2 (zero-based)","566x573","low-resolution fallback","Photograph positioned with the authored species account in the book proof.","B-p87-o2","","","","","","","","","","","","","","","","","","","","","","","","","","","","","","","","","","","","","","","","","","3","3","0","Supported loose additions","Loose shortlist mainly offers alternate flowering angles, with limited new identification information. The book has a small habit inset worth checking separately.","plant-a26a8baf9cea71f5","9","",""
"Acacia dunnii","/Volumes/Crucial X10/HD/# COMPLETE NPNA NEW ED 2026/A. A. PHOTOS AND IMAGES/B. PLANT COMMUNITIES/A, INTRO to PLANT COMM & SANDSTONE HABITATS/PICK/4. (3rd p. of SH) Elephant Ear Wattle, Acacia dunnii, sandstone country, VRD.IM.jpg","/Volumes/Crucial X10/SD/A A A/Acacia dunnii/_1070865.JPG","/Volumes/Crucial X10/SD/A A A/Acacia dunnii/_1060775.JPG","","","","","A","loose photograph","","3648x2736","gallery option","Species named in the filename.","E008-02","19889774be5ee07e03959e96fd0a41f735fdc440e61335fd7a162f4faf145dfb","B","loose photograph","","4000x3000","gallery option","Association through the named source folder or historical-name trail.","E008-06","a5813d7ca0439e78ba3722e47ca0445d06c8d3e350e2d779001abe1a7d704696","B","loose photograph","","4000x3000","gallery option","Association through the named source folder or historical-name trail.","E008-12","215c1dc87a90962ebdc3413a09ed5ee6b1861cbc5738174fb81850d555ffc75c","","","","","","","","","","","","","","","","","","","","","","","","","","","","","","","","","3","3","0","Supported loose additions","Rocky-site habit and a foliage view complement the existing flowers and pods. Avoid the duplicate blue-sky flowering crop. Additional sequence includes hanging dark pods.","plant-3b3b809dd941d662","13","",""
"Acacia gonocarpa","/Volumes/Crucial X10/HD/AA NATIVE PLANTS OF NA 2021/FINAL FULL DRAFT/PROOF Native Plants of N Australia-PDF.pdf","/Volumes/Crucial X10/SD/A A A/Acacia gonocarpa/_1060784.JPG","","","","","","A","book image","PDF page 88; printed page 87; page-object index 1 (zero-based)","566x393","low-resolution fallback","Photograph positioned with the authored species account in the book proof.","B-p88-o1","","B","loose photograph","","4000x3000","gallery option","Association through the named source folder or historical-name trail.","E009-04","ab167536aadc7c76a4cd5f1d29c0121a986d03d1421e192b07329bedd0567cf3","","","","","","","","","","","","","","","","","","","","","","","","","","","","","","","","","","","","","","","","","2","2","0","Supported loose additions","Whole shrub/tree shape is the main missing dimension; most close flowering shoots repeat current coverage.","plant-cc3b54c337ac5255","5","",""
"Acacia hammondii","/Volumes/Crucial X10/HD/AA NATIVE PLANTS OF NA 2021/FINAL FULL DRAFT/PROOF Native Plants of N Australia-PDF.pdf","/Volumes/Crucial X10/SD/A A A/Acacia hammondii TBC McMinns St Drwn city, 20.9.24/P1080646.JPG","","","","","","A","book image","PDF page 89; printed page 88; page-object index 2 (zero-based)","566x568","low-resolution fallback","Photograph positioned with the authored species account in the book proof.","B-p89-o2","","C","loose photograph","","4864x3648","identification-review lead","Association through the named source folder or historical-name trail; Source explicitly uncertain or a mixed/incorrectly labelled collection.","E010-04","c55c6d843ecc47eee99fb8f0688b1cfe4884f6f497b4b4f24c00f25ceb71c723","","","","","","","","","","","","","","","","","","","","","","","","","","","","","","","","","","","","","","","","","2","2","0","Book addition; loose leads need ID review","New loose shoot is explicitly uncertain and should remain an ID-review lead. The book includes a pod inset; candidate 1 repeats current flowers.","plant-6c4aadb98720f4ee","6","",""
"Acacia helicophylla","/Volumes/Crucial X10/HD/# COMPLETE NPNA NEW ED 2026/A. A. PHOTOS AND IMAGES/D. PLANT DESCRIPTIONS GENERA A-Z/AA/Acacia helicophylla (use 2022 fruit shot)/PICK/1. Acacia helicophylla.145.a.JPG","/Volumes/Crucial X10/HD/AA NATIVE PLANTS OF NA 2021/FINAL FULL DRAFT/PROOF Native Plants of N Australia-PDF.pdf","","","","","","A","loose photograph","","3058x2293","gallery option","Species named in the filename.","E011-02","b6c050c7ccdbf73d32f32544083e9354f7a963410f7a3f12ef519b8229d7f761","A","book image","PDF page 89; printed page 88; page-object index 1 (zero-based)","566x574","low-resolution fallback","Photograph positioned with the authored species account in the book proof.","B-p89-o1","","","","","","","","","","","","","","","","","","","","","","","","","","","","","","","","","","","","","","","","","","1","1","0","Supported loose additions","A fuller flowering stem and the book's pod inset are possible additions; several loose files are crops of the existing view.","plant-423f1811d764afd1","7","",""
"Acacia hemignosta","/Volumes/Crucial X10/SD/# A A A A NPNA 2026 NEW PHOTOS/WILLIE BURGESS Plants of the nt photos/Fabaceae Acacia Erythrina Jacksonia Albizia Bossiaea Caseapinia Cathormion Erythrophleum Jacksonia Millettia Mucuna Senna Sesbania  Sophora Tamarindus/Acacia/Acacia hemignosta 6098.JPG","","","","","","","A","loose photograph","","5472x3648","gallery option","Species named in the filename.","E012-01","1294bc63cf0c567a4138914fab66eeeb16d175e7cbb2d2346488b34b8b17fdc9","","","","","","","","","","","","","","","","","","","","","","","","","","","","","","","","","","","","","","","","","","","","","","","","","3","3","0","Supported loose additions","A wider flowering crown offers context; the other shortlisted files largely repeat the displayed flower and seed-pod subjects.","plant-15c5d8d01bf76fba","5","",""
"Acacia holosericea","/Volumes/Crucial X10/SD/# A A A A NPNA 2026 NEW PHOTOS/1 1 1 1 1 BOT GDNS 10.9.2026/Acacia holosericea/P1170193.JPG","/Volumes/Crucial X10/SD/A A A/Acacia holosericea check/P1080532.JPG","","","","","","B","loose photograph","","4864x3648","gallery option","Association through the named source folder or historical-name trail.","E013-03","10edf092e59ed140b1443e718588f1a53718d4045dbc049ebc03e72c15bcb6cd","B","loose photograph","","4864x3648","gallery option","Association through the named source folder or historical-name trail.","E013-06","1088a418d440d1df43b7dc5b50cb4e0aba923c3a0ea45ded0078c1fe30f31268","","","","","","","","","","","","","","","","","","","","","","","","","","","","","","","","","","","","","","","","","4","4","0","Supported loose additions","Green developing pods and whole-tree habit add phases and scale beyond the current flowers and ripe pods.","plant-51c084bc45adb6e3","8","",""
"Acacia humifusa","/Volumes/Crucial X10/HD/# COMPLETE NPNA NEW ED 2026/A. A. PHOTOS AND IMAGES/D. PLANT DESCRIPTIONS GENERA A-Z/AA/Acacia humifusa/PICK/EXTRA/Acacia humifusa in habitat.3554.GF.jpg","/Volumes/Crucial X10/SD/A A A/Acacia humifusa/SELECT/Acacia humifusa.a.JPG","/Volumes/Crucial X10/SD/A A A/Acacia humifusa/_1070783.JPG","","","","","A","loose photograph","","6000x3179","gallery option","Species named in the filename.","E014-01","fd8ab637d18e27bba7fb911868e2faeccc9682b50c5ee9d5e3f2ccbfd0439b75","A","loose photograph","","1639x1229","gallery option","Species named in the filename.","E014-02","32ce05c11e8f1c897790258fa72d0ad61ad9b95785ecae46ab616bb3021c2022","B","loose photograph","","4000x3000","gallery option","Association through the named source folder or historical-name trail.","E014-12","8012e8dc9c85acf8fbab42fb68fc57e27886169cb3038f68f216fa4f3505abe5","","","","","","","","","","","","","","","","","","","","","","","","","","","","","","","","","2","2","0","Supported loose additions","Low spreading habit and developing pods complement the current flower and mature-pod details. Additional sequence includes dry pod clusters.","plant-c2884ae82aef1387","7","",""
"Acacia kelleri","/Volumes/Crucial X10/SD/# A A COMPLETED/Acacia kelleri/P1030477.JPG","/Volumes/Crucial X10/SD/# A A COMPLETED/Acacia kelleri/P1030479.JPG","","","","","","B","loose photograph","","4864x3648","gallery option","Association through the named source folder or historical-name trail.","E015-01","92e9a5936f27f81b75329db89d0e28401ad94ea80cacd6b57be0a5fc9907a0bb","B","loose photograph","","4864x3648","gallery option","Association through the named source folder or historical-name trail.","E015-02","5765f8d3c093ab6dc9dd825491842488dc58056a491cdb0e41bda440f6a930c9","","","","","","","","","","","","","","","","","","","","","","","","","","","","","","","","","","","","","","","","","2","2","0","Supported loose additions","Pale developing spikes and a less densely flowering branch offer growth-stage context; several golden flowering clusters repeat current coverage.","plant-98be07bcc437de62","7","",""
"Acacia lamprocarpa","/Volumes/Crucial X10/SD/A A A/Acacia lamprocarpa (prev A. aulacocarpa)/Acacia lamprocarpa_1060636.JPG","/Volumes/Crucial X10/SD/A A A/Acacia lamprocarpa (prev A. aulacocarpa)/Acacia lamprocarpa_1060634.JPG","/Volumes/Crucial X10/SD/A A A/Acacia lamprocarpa (prev A. aulacocarpa)/Acacia lamprocarpa_1060635.JPG","/Volumes/Crucial X10/HD/AA NATIVE PLANTS OF NA 2021/FINAL FULL DRAFT/PROOF Native Plants of N Australia-PDF.pdf","","","","A","loose photograph","","4000x3000","gallery option","Species named in the filename.","E016-05","3932c5774e04c26f95c53fc3a76ce65182d06ed05611a26b50ea048bbe44a124","A","loose photograph","","4000x3000","gallery option","Species named in the filename.","E016-07","a813bdc2c7b9b1d4ff272bba5b0d2d2198dfac1656bfc0628decdc7ff4327fb5","A","loose photograph","","4000x3000","gallery option","Species named in the filename.","E016-10","48af6a7e22758b8b2f38ed182963c09061d9fde4489fc38e9b59eea9fa37281c","A","book image","PDF page 91; printed page 90; page-object index 1 (zero-based)","566x578","low-resolution fallback","Photograph positioned with the authored species account in the book proof.","B-p91-o1","","","","","","","","","","","","","","","","","","","","","","","","","","3","3","0","Supported loose additions","Whole-tree habit is useful. The older flowering-tree photograph is distinct from the current flower/pod close-ups. Additional named files show opened pods and whole tree habit.","plant-9095709754548d7e","10","",""
"Acacia latescens","/Volumes/Crucial X10/SD/A A A/Acacia latescens/SELECT/PICK/Acacia latescens.762.a.JPG","/Volumes/Crucial X10/SD/A A A/Acacia latescens/SELECT/Acacia latescens 1 Bularriny #IM.jpg","","","","","","A","loose photograph","","3637x2728","gallery option","Species named in the filename.","E017-01","00ad6ff9d740ff84007ec5cff8fabf3e96bbd6f444973dff0b2ce2eb531c2c33","A","loose photograph","","3648x2736","gallery option","Species named in the filename.","E017-02","f9d48a1129ff4514881bbfe1b509fd967e788abae28070a29650abda5a2bd2c8","","","","","","","","","","","","","","","","","","","","","","","","","","","","","","","","","","","","","","","","","2","2","0","Supported loose additions","Drooping whole-plant architecture and a wider flowering specimen add context. Keep separate from the known alleniana/latescens conflict.","plant-cf5bc5fe5d9272ce","12","",""
"Acacia latifolia","/Volumes/Crucial X10/SD/# A A COMPLETED/Acacia latifolia/SELECT/SELECT w spider eating fly/PICK/Acacia latifolia w spider eating fly.070.a.JPG","/Volumes/Crucial X10/SD/# A A COMPLETED/Acacia latifolia/SELECT/SELECT w spider eating fly/Acacia latifolia w spider eating fly.044.a.JPG","/Volumes/Crucial X10/SD/# A A A A NPNA 2026 NEW PHOTOS/WILLIE BURGESS Plants of the nt photos/Fabaceae Acacia Erythrina Jacksonia Albizia Bossiaea Caseapinia Cathormion Erythrophleum Jacksonia Millettia Mucuna Senna Sesbania  Sophora Tamarindus/Acacia/Acacia latifolia 1743.JPG","/Volumes/Crucial X10/SD/# A A A A NPNA 2026 NEW PHOTOS/WILLIE BURGESS Plants of the nt photos/Fabaceae Acacia Erythrina Jacksonia Albizia Bossiaea Caseapinia Cathormion Erythrophleum Jacksonia Millettia Mucuna Senna Sesbania  Sophora Tamarindus/Acacia/Acacia latifolia 355.JPG","","","","A","loose photograph","","3326x2494","gallery option","Species named in the filename.","E018-03","3c88c39214352b43761ead1ac96d55ab03301e2895ed7a69cf3e4e1930433736","A","loose photograph","","2411x1808","gallery option","Species named in the filename.","E018-04","d18ef78cb8ae68cbc6d7e9993c710f469fe1fa00c9da0b3eb0a8f825a0513e01","A","loose photograph","","4912x3264","gallery option","Species named in the filename.","E018-05","dd60a84c4086b3412bf49caafb053898e80f037e3c2354625322042069703a6a","A","loose photograph","","5472x3648","gallery option","Species named in the filename.","E018-11","7d18969a03f0a8f672a1e2ada5f471f3fca924ec941ff7a0e176715004b6e72d","","","","","","","","","","","","","","","","","","","","","","","","","1","1","0","Supported loose additions","Flower-associated spider, developing spikes and a wider crown are complementary to the single current flowering branch. Additional named file clearly shows broad phyllode venation.","plant-b20e00f795dd82f9","16","",""
"Acacia leptocarpa","/Volumes/Crucial X10/HD/# COMPLETE NPNA NEW ED 2026/A. A. PHOTOS AND IMAGES/D. PLANT DESCRIPTIONS GENERA A-Z/AA/Acacia leptocarpa (Delete 2022 fruit & habit shots)/PICK/EXTRA/Acacia leptocarpa.550.a.JPG","/Volumes/Crucial X10/HD/AA NATIVE PLANTS OF NA 2021/FINAL FULL DRAFT/PROOF Native Plants of N Australia-PDF.pdf","","","","","","A","loose photograph","","4371x2459","gallery option","Species named in the filename.","E019-01","1a723fcc7257c50601be1d77738cf9031745260ddd9364b1be60a03523bac639","A","book image","PDF page 92; printed page 91; page-object index 1 (zero-based)","567x574","low-resolution fallback","Photograph positioned with the authored species account in the book proof.","B-p92-o1","","","","","","","","","","","","","","","","","","","","","","","","","","","","","","","","","","","","","","","","","","2","2","0","Supported loose additions","Wider flowering foliage and the older whole-tree view are the useful options. The other loose shoot carries uncertain labels.","plant-a4368c15fb166700","6","",""
"Acacia limbata","/Volumes/Crucial X10/SD/# A A A A NPNA 2026 NEW PHOTOS/WILLIE BURGESS Plants of the nt photos/Fabaceae Acacia Erythrina Jacksonia Albizia Bossiaea Caseapinia Cathormion Erythrophleum Jacksonia Millettia Mucuna Senna Sesbania  Sophora Tamarindus/Acacia/Acacia limbata 188.JPG","/Volumes/Crucial X10/HD/AA NATIVE PLANTS OF NA 2021/FINAL FULL DRAFT/PROOF Native Plants of N Australia-PDF.pdf","/Volumes/Crucial X10/SD/A A A/Acacia limbata/P1150941.JPG","","","","","A","loose photograph","","5472x3648","gallery option","Species named in the filename.","E020-04","eec37b8769a430212c24dfc6cfe83f7f15ff40f13534c7528700fd28bcdf87c3","A","book image","PDF page 93; printed page 92; page-object index 2 (zero-based)","566x577","low-resolution fallback","Photograph positioned with the authored species account in the book proof.","B-p93-o2","","B","loose photograph","","4864x3648","gallery option","Association through the named source folder or historical-name trail.","E020-12","e64d4afef3d3766c77d7bbd6893e17d0c85b7c8dff5fa098f57dc447e8870124","","","","","","","","","","","","","","","","","","","","","","","","","","","","","","","","","1","1","0","Supported loose additions","Whole-plant habit and the book's pod inset add more than further flower crops. Additional sequence includes a dry reproductive stage.","plant-88b78234a04a93e0","9","",""
"Acacia linarioides","/Volumes/Crucial X10/HD/AA NATIVE PLANTS OF NA 2021/FINAL FULL DRAFT/PROOF Native Plants of N Australia-PDF.pdf","/Volumes/Crucial X10/SD/# AA POSS SPECIES TO ADD/#Acacia sp TBC shrub, sim to A. linarioides Gulf 27.6.25/P1050598.JPG","/Volumes/Crucial X10/SD/# AA POSS SPECIES TO ADD/#Acacia sp TBC shrub, sim to A. linarioides Gulf 27.6.25/P1050602.JPG","/Volumes/Crucial X10/SD/# AA POSS SPECIES TO ADD/#Acacia sp TBC shrub, sim to A. linarioides Gulf 27.6.25/P1050603.JPG","","","","A","book image","PDF page 93; printed page 92; page-object index 1 (zero-based)","566x570","low-resolution fallback","Photograph positioned with the authored species account in the book proof.","B-p93-o1","","C","loose photograph","","4864x3648","identification-review lead","Association through the named source folder or historical-name trail; Source explicitly uncertain or a mixed/incorrectly labelled collection.","E021-04","a1f389660350897f00b4769df8694ee9ff6a843d98e2b67dccb0f84a285061ef","C","loose photograph","","4864x3648","identification-review lead","Association through the named source folder or historical-name trail; Source explicitly uncertain or a mixed/incorrectly labelled collection.","E021-05","2fae2ec68a9f30e9180dcd92a4be0d0e442188c767468ed9f7a4d4a5eb54cb3b","C","loose photograph","","4864x3648","identification-review lead","Association through the named source folder or historical-name trail; Source explicitly uncertain or a mixed/incorrectly labelled collection.","E021-07","e8071bb5c8dca5c6b1cb542f8eba24f3c2d54297dc2227d3e123dac532ab75df","","","","","","","","","","","","","","","","","","","","","","","","","1","1","0","Book addition; loose leads need ID review","Whole shrub and trunk/bark are useful leads, but loose source labels are uncertain. Book includes a small habit inset. Additional sequence includes bark/trunk detail.","plant-1511c1b1dc84b338","5","",""
"Acacia lycopodiifolia","/Volumes/Crucial X10/HD/AA NATIVE PLANTS OF NA 2021/FINAL FULL DRAFT/PROOF Native Plants of N Australia-PDF.pdf","/Volumes/Crucial X10/SD/A A A/Acacia lycopodifolia/SELECT/_1280371#.JPG","/Volumes/Crucial X10/SD/# A A A A NPNA 2026 NEW PHOTOS/WILLIE BURGESS Plants of the nt photos/Fabaceae Acacia Erythrina Jacksonia Albizia Bossiaea Caseapinia Cathormion Erythrophleum Jacksonia Millettia Mucuna Senna Sesbania  Sophora Tamarindus/Acacia/Acacia lycopodifolia type 3880.JPG","","","","","A","book image","PDF page 94; printed page 93; page-object index 2 (zero-based)","393x575","low-resolution fallback","Photograph positioned with the authored species account in the book proof.","B-p94-o2","","B","loose photograph","","4000x3000","gallery option","Association through the named source folder or historical-name trail; Name spelling, abbreviation or historical combination needs retaining in provenance.","E022-03","cfe9be4f83aa18d7b1c5140d962067c39e71d6a93502c43c96db8c2ba4e342c0","B","loose photograph","","5472x3648","gallery option","Species named in the filename; Name spelling, abbreviation or historical combination needs retaining in provenance.","E022-05","e2ec5574951c994009c3d5b8774041fb4717faa970b6ae2fa6e0c00c7421c8d6","","","","","","","","","","","","","","","","","","","","","","","","","","","","","","","","","1","1","0","Supported loose additions","Foliage/developing growth, habit and older red pods offer complementary dimensions. Source uses lycopodifolia spelling; retain the documentary spelling caveat.","plant-4b96952c0a0a990f","11","",""
"Acacia lysiphloia","/Volumes/Crucial X10/HD/# COMPLETE NPNA NEW ED 2026/A. A. PHOTOS AND IMAGES/D. PLANT DESCRIPTIONS GENERA A-Z/AA/Acacia lysiphloia (N)/PICK/EXTRA/Acacia lysiphloia in habitat.447.a.JPG","","","","","","","A","loose photograph","","4672x2628","gallery option","Species named in the filename.","E023-01","e7d4b76e7535dcd83e2f8f67d2b6356390273c6487dc9790928513c8320f6934","","","","","","","","","","","","","","","","","","","","","","","","","","","","","","","","","","","","","","","","","","","","","","","","","3","3","0","Supported loose additions","A wider crown/habit view complements current flower and bark details; most remaining leads repeat flowers.","plant-34cc4a03b714ace6","6","",""
"Acacia mimula","/Volumes/Crucial X10/HD/AA NATIVE PLANTS OF NA 2021/FINAL FULL DRAFT/PROOF Native Plants of N Australia-PDF.pdf","","","","","","","A","book image","PDF page 95; printed page 94; page-object index 2 (zero-based)","566x571","low-resolution fallback","Photograph positioned with the authored species account in the book proof.","B-p95-o2","","","","","","","","","","","","","","","","","","","","","","","","","","","","","","","","","","","","","","","","","","","","","","","","","","4","4","0","Book addition only","Loose shortlist consists of further cream-flower compositions, with no obvious new organ. Older book includes a small pod inset; consider only if its resolution is adequate.","plant-caab754295848b23","6","",""
"Acacia mountfordiae","/Volumes/Crucial X10/SD/# A A A A NPNA 2026 NEW PHOTOS/WILLIE BURGESS Plants of the nt photos/Fabaceae Acacia Erythrina Jacksonia Albizia Bossiaea Caseapinia Cathormion Erythrophleum Jacksonia Millettia Mucuna Senna Sesbania  Sophora Tamarindus/Acacia/Acacia mountfordiae 6045.JPG","/Volumes/Crucial X10/HD/AA NATIVE PLANTS OF NA 2021/FINAL FULL DRAFT/PROOF Native Plants of N Australia-PDF.pdf","","","","","","A","loose photograph","","5472x3648","gallery option","Species named in the filename.","E025-02","9a42bfb372b225793ddf78ffe577ec229447c8ae99b1e0f077d68ec3380c2f94","A","book image","PDF page 95; printed page 94; page-object index 1 (zero-based)","566x574","low-resolution fallback","Photograph positioned with the authored species account in the book proof.","B-p95-o1","","","","","","","","","","","","","","","","","","","","","","","","","","","","","","","","","","","","","","","","","","2","2","0","Supported loose additions","Most loose frames repeat flowers. A wider flowering branch and the older pod inset are the main alternatives.","plant-90d453e61d7dc548","8","",""
"Acacia multisiliqua","/Volumes/Crucial X10/SD/A A A/Acacia multisiliqua, garden 23.3.25, Bunnings 5.5.25/P1050942.JPG","/Volumes/Crucial X10/SD/A A A/Acacia multisiliqua, garden 23.3.25, Bunnings 5.5.25/P1000847.JPG","","","","","","B","loose photograph","","4864x3648","gallery option","Association through the named source folder or historical-name trail.","E026-06","eb3e4d7c5b0d94cfccdf82c8cd256005dc4fbe9d19721ea4a041904a04670743","B","loose photograph","","4864x3648","gallery option","Association through the named source folder or historical-name trail.","E026-08","3171ea1c9c0724fe9aefed7e6c882089406895c3b70667dae8a9e72d5112e8f0","","","","","","","","","","","","","","","","","","","","","","","","","","","","","","","","","","","","","","","","","3","3","0","Supported loose additions","Whole low plant/foliage offers context. The remaining shortlist repeats flowers or mature pods already covered. Additional sequence has a close hanging dark pod.","plant-c381a6f454707209","7","",""
"Acacia oncinocarpa","/Volumes/Crucial X10/HD/# COMPLETE NPNA NEW ED 2026/A. A. PHOTOS AND IMAGES/D. PLANT DESCRIPTIONS GENERA A-Z/AA/Acacia oncinocarpa (use 2022 fruit shot)/PICK/EXTRA/Acacia oncinocarpa in habitat.IM.jpg","/Volumes/Crucial X10/HD/# COMPLETE NPNA NEW ED 2026/A. A. PHOTOS AND IMAGES/B. PLANT COMMUNITIES/B. LOWLAND HABITATS/Acacia oncinocarpa with open eucalypt - corymbia woodland.IM.a.jpg","/Volumes/Crucial X10/HD/AA NATIVE PLANTS OF NA 2021/FINAL FULL DRAFT/PROOF Native Plants of N Australia-PDF.pdf","","","","","A","loose photograph","","4000x2248","gallery option","Species named in the filename.","E027-01","64e98930cb60240cfc65747c835d93f15b8ab0cd6c5febc9ce90f5885b1d8ae5","A","loose photograph","","1798x2248","gallery option","Species named in the filename.","E027-05","3530a3d5751a9c050b08feef3d391ae3b3d376cbb9ad7022cd5781da39d2824c","A","book image","PDF page 98; printed page 97; page-object index 2 (zero-based)","567x569","low-resolution fallback","Photograph positioned with the authored species account in the book proof.","B-p98-o2","","","","","","","","","","","","","","","","","","","","","","","","","","","","","","","","","","2","2","0","Supported loose additions","Whole-plant architecture is useful; choose one of the two habit views. Book adds a small pod inset.","plant-41bd06494c544425","16","",""
"Acacia pellita","/Volumes/Crucial X10/SD/# A A A A NPNA 2026 NEW PHOTOS/WILLIE BURGESS Plants of the nt photos/A Invertebrates of the nt photos/Acacia pellita with caterpiller 4037.JPG","/Volumes/Crucial X10/HD/# COMPLETE NPNA NEW ED 2026/A. A. PHOTOS AND IMAGES/D. PLANT DESCRIPTIONS GENERA A-Z/AA/Acacia pellita/PICK/EXTRA/Acacia pellita.958.a.JPG","","","","","","A","loose photograph","","5472x3648","gallery option","Species named in the filename.","E028-06","77dbdb7cf741a3d3b7c99033a8c14ce5299378e652c6916087b67fd7dc5a6f95","A","loose photograph","","2900x1631","gallery option","Species named in the filename.","E028-02","bead48c3aa678653869dfa4f24993412f046b270fcd07bbf0be27ab01c0b6027","","","","","","","","","","","","","","","","","","","","","","","","","","","","","","","","","","","","","","","","","2","2","0","Supported loose additions","Leaf-associated insect and wider branching/foliage view offer complementary context. Most flower crops repeat the current photograph.","plant-6dd684fbc020b7f1","7","",""
"Acacia platycarpa","/Volumes/Crucial X10/HD/AA NATIVE PLANTS OF NA 2021/FINAL FULL DRAFT/PROOF Native Plants of N Australia-PDF.pdf","/Volumes/Crucial X10/SD/A A A/Acacia platycarpa/P1020158.JPG","/Volumes/Crucial X10/SD/A A A/Acacia platycarpa/P1200374.JPG","/Volumes/Crucial X10/SD/A A A/Acacia platycarpa/P1020161.JPG","","","","A","book image","PDF page 99; printed page 98; page-object index 2 (zero-based)","566x578","low-resolution fallback","Photograph positioned with the authored species account in the book proof.","B-p99-o2","","B","loose photograph","","4864x3648","gallery option","Association through the named source folder or historical-name trail.","E029-05","f476b4fedad02a650969d2b04705d6e03a449c35193393f77ae7d5c7fd7c6de1","B","loose photograph","","4000x3000","gallery option","Association through the named source folder or historical-name trail.","E029-06","47fade9c35ad21fda959130ddeaa328ce4668339f39a1195941fac0cf075f81e","B","loose photograph","","4864x3648","gallery option","Association through the named source folder or historical-name trail.","E029-08","af6ce1831ffac9e54f6bc06f61cfaf7c41492d4f935cbc4ade7406bc057f75fd","","","","","","","","","","","","","","","","","","","","","","","","","3","3","0","Supported loose additions","Adult-tree habit and small/young plant are useful leads; the older flowering stand and pod inset are additional modest-resolution options. Additional sequence shows branching trunk architecture.","plant-cdc73ba901b70e98","7","",""
"Acacia plectocarpa","/Volumes/Crucial X10/SD/# A A A A NPNA 2026 NEW PHOTOS/WILLIE BURGESS Plants of the nt photos/Fabaceae Acacia Erythrina Jacksonia Albizia Bossiaea Caseapinia Cathormion Erythrophleum Jacksonia Millettia Mucuna Senna Sesbania  Sophora Tamarindus/Acacia/Acacia plectocarpa 1950.JPG","/Volumes/Crucial X10/SD/A A A/Acacia sp poss plectocarpa (or torulosa) TBC reveg along Tig Brenn Dve 14.5.25/20250514_133248.jpg","","","","","","C","loose photograph","","5472x3648","identification-review lead","Species named in the filename; Byte-identical image also labelled for Acacia leptocarpa; resolve competing allocation.","E030-05","804cc52360c8ccff99af8ea56ca687d1b782e1ac62aeeb726f02112c3116e204","C","loose photograph","","4000x3000","identification-review lead","Association through the named source folder or historical-name trail; Source explicitly uncertain or a mixed/incorrectly labelled collection.","E030-10","82b3264c98ed1ada29d3bed0e29214faf873ea50f0cacad24a5b944aeb55f443","","","","","","","","","","","","","","","","","","","","","","","","","","","","","","","","","","","","","","","","","3","3","0","Uncertain loose leads only","Broader flowering crown is the main addition; further flowers and the older pod photograph largely repeat current coverage. Additional bark view is available but shares the uncertain source naming.","plant-85f8eef7ae2ae449","10","",""
"Acacia praelongata","/Volumes/Crucial X10/SD/# A A A A NPNA 2026 NEW PHOTOS/WILLIE BURGESS Plants of the nt photos/Fabaceae Acacia Erythrina Jacksonia Albizia Bossiaea Caseapinia Cathormion Erythrophleum Jacksonia Millettia Mucuna Senna Sesbania  Sophora Tamarindus/Acacia/Acacia praelongata 5567.JPG","/Volumes/Crucial X10/HD/AA NATIVE PLANTS OF NA 2021/FINAL FULL DRAFT/PROOF Native Plants of N Australia-PDF.pdf","","","","","","A","loose photograph","","5472x3648","gallery option","Species named in the filename.","E031-03","0c8981de1395460a9a369d8511a619ea100e0b17a8b97ec3a9991092af9066a2","A","book image","PDF page 100; printed page 99; page-object index 2 (zero-based)","387x570","low-resolution fallback","Photograph positioned with the authored species account in the book proof.","B-p100-o2","","","","","","","","","","","","","","","","","","","","","","","","","","","","","","","","","","","","","","","","","","3","3","0","Supported loose additions","Trunk in habitat adds context and the older book offers red pods, absent from the current gallery.","plant-011b9948e9fe0d22","17","",""
"Acacia producta","/Volumes/Crucial X10/HD/AA NATIVE PLANTS OF NA 2021/FINAL FULL DRAFT/PROOF Native Plants of N Australia-PDF.pdf","","","","","","","A","book image","PDF page 100; printed page 99; page-object index 1 (zero-based)","567x394","low-resolution fallback","Photograph positioned with the authored species account in the book proof.","B-p100-o1","","","","","","","","","","","","","","","","","","","","","","","","","","","","","","","","","","","","","","","","","","","","","","","","","","3","3","0","Book addition only","Three loose candidates repeat the present flower subjects. Only the older photograph offers a different wider flowering composition, with limited added identification value.","plant-8f37911bce6e4877","6","",""
"Acacia retivenea subsp. retivenea","/Volumes/Crucial X10/HD/# COMPLETE NPNA NEW ED 2026/A. A. PHOTOS AND IMAGES/D. PLANT DESCRIPTIONS GENERA A-Z/AA/Acacia retivenea subsp. retivenea (NEW)/PICK/1.a Acacia retivenea.2419.WB.c.JPG","/Volumes/Crucial X10/SD/# A A A A NPNA 2026 NEW PHOTOS/WILLIE BURGESS Plants of the nt photos/Fabaceae Acacia Erythrina Jacksonia Albizia Bossiaea Caseapinia Cathormion Erythrophleum Jacksonia Millettia Mucuna Senna Sesbania  Sophora Tamarindus/Acacia/Acacia retivenea 2415.JPG","/Volumes/Crucial X10/SD/# A A COMPLETED/Acacia retivenea subsp. retivenea/Cricket Grasshopper on Acacia retivenia/P1200775.JPG","","","","","A","loose photograph","","1289x1612","gallery option","Species named in the filename.","E033-02","2ae58108ed68a60f484c4a525df2370849b873d5705eed3e9aa67e8700f9f8f9","B","loose photograph","","5472x3648","gallery option","Species named in the filename; Full subspecies/variety not established: retain the source species-level caption.","E033-06","e1250abc965839fc52476e26dbfea34d33ece65b9274994c647f541b5f234044","B","loose photograph","","4000x3000","gallery option","Association through the named source folder or historical-name trail; Name spelling, abbreviation or historical combination needs retaining in provenance.","E033-09","5dcae5cbce5db2e178882b7dadc9ce7bad6d63341c6d155aae76e721ed3dab12","","","","","","","","","","","","","","","","","","","","","","","","","","","","","","","","","2","2","0","Supported loose additions","Wider habit and flowering branch can add scale; preserve species-level labelling where the source omits the subspecies. The pod candidate repeats the current pod subject. Additional sequence has a useful opened pod close-up; species-only name does not establish subspecies.","plant-18056e37ae78e94f","14","",""
"Acacia sericoflora","/Volumes/Crucial X10/HD/AA NATIVE PLANTS OF NA 2021/FINAL FULL DRAFT/PROOF Native Plants of N Australia-PDF.pdf","","","","","","","A","book image","PDF page 101; printed page 100; page-object index 3 (zero-based)","566x572","low-resolution fallback","Photograph positioned with the authored species account in the book proof.","B-p101-o3","","","","","","","","","","","","","","","","","","","","","","","","","","","","","","","","","","","","","","","","","","","","","","","","","","3","3","0","Book addition only","Only exact current loose photographs were found. Older book has a wider flowering-leaf composition and a tiny pod inset; modest expansion rather than new high-resolution originals.","plant-0c5c2a4c6645d65a","2","",""
"Acacia shirleyi","/Volumes/Crucial X10/HD/AA NATIVE PLANTS OF NA 2021/FINAL FULL DRAFT/PROOF Native Plants of N Australia-PDF.pdf","/Volumes/Crucial X10/HD/AA NATIVE PLANTS OF NA 2021/FINAL FULL DRAFT/PROOF Native Plants of N Australia-PDF.pdf","","","","","","A","book image","PDF page 101; printed page 100; page-object index 1 (zero-based)","393x373","low-resolution fallback","Photograph positioned with the authored species account in the book proof.","B-p101-o1","","A","book image","PDF page 101; printed page 100; page-object index 107 (zero-based)","391x265","low-resolution fallback","Photograph positioned with the authored species account in the book proof.","B-p101-o107","","","","","","","","","","","","","","","","","","","","","","","","","","","","","","","","","","","","","","","","","","1","1","0","Book addition only","No new loose files, but the older book offers flower detail and a flowering stand, both useful alongside the current non-flowering stand.","plant-7150102f2cc2533a","2","",""
"Acacia simsii","/Volumes/Crucial X10/SD/A A A/Acacia simsii/_1090916 Acacia simsii.JPG","/Volumes/Crucial X10/SD/# A A A A NPNA 2026 NEW PHOTOS/WILLIE BURGESS Plants of the nt photos/Fabaceae Acacia Erythrina Jacksonia Albizia Bossiaea Caseapinia Cathormion Erythrophleum Jacksonia Millettia Mucuna Senna Sesbania  Sophora Tamarindus/Acacia/acacia simsii 1.JPG","/Volumes/Crucial X10/SD/A A A/Acacia simsii/P1020211.JPG","","","","","A","loose photograph","","4000x3000","gallery option","Species named in the filename.","E036-04","5909b4665eb66fef0ec7a73e43efa2d36b8b7abd1004bcd0b35a4f8eb0e3a23e","A","loose photograph","","5472x3648","gallery option","Species named in the filename.","E036-05","2caa39bcff7e7440686418f813b0980712f0d0f571ab8d431b77d237c12fe66b","B","loose photograph","","4864x3648","gallery option","Association through the named source folder or historical-name trail.","E036-11","19ceaf95cd86d6af78e1a3bdd2cde91282b62cd22c12f2485199bbc76adf10d7","","","","","","","","","","","","","","","","","","","","","","","","","","","","","","","","","2","2","0","Supported loose additions","Foliage/habit and a wider flowering branch give context. Close pods and flowers largely repeat the existing two subjects. Additional sequence has hanging opened dry pods.","plant-05df71f0cefade43","14","",""
"Acacia sublanata","/Volumes/Crucial X10/SD/A A A/Acacia sublanata/Acacia sublanata Croc Creek Yampi #IM.jpg","/Volumes/Crucial X10/SD/A A A/Acacia sublanata/Djawumbu Acacia sublanata 2 #IM.jpg","/Volumes/Crucial X10/SD/# A A A A NPNA 2026 NEW PHOTOS/WILLIE BURGESS Plants of the nt photos/Fabaceae Acacia Erythrina Jacksonia Albizia Bossiaea Caseapinia Cathormion Erythrophleum Jacksonia Millettia Mucuna Senna Sesbania  Sophora Tamarindus/Acacia/Acacia sublanata 3499.JPG","","","","","A","loose photograph","","3648x2736","gallery option","Species named in the filename.","E037-03","e99df3e4928925a9e7c59780c84549dea281f5c2454929022df667351e017c99","A","loose photograph","","3648x2736","gallery option","Species named in the filename.","E037-05","b0729e2655247d20c5d0a0d668f22bbd5b0547ee5252fc86cf79b14f8fb0293f","A","loose photograph","","3648x2736","gallery option","Species named in the filename.","E037-06","e6507b13857cf220a3e039db4f31d1d010331f9a2271ea174d54442568d9069a","","","","","","","","","","","","","","","","","","","","","","","","","","","","","","","","","2","2","0","Supported loose additions","Branch architecture, flowering habitat and the sparse spine-like foliage view offer more than alternate crops of the close flower.","plant-fc9a9c7191996b13","7","",""
"Acacia torulosa","/Volumes/Crucial X10/SD/# A A A A NPNA 2026 NEW PHOTOS/WILLIE BURGESS Plants of the nt photos/Fabaceae Acacia Erythrina Jacksonia Albizia Bossiaea Caseapinia Cathormion Erythrophleum Jacksonia Millettia Mucuna Senna Sesbania  Sophora Tamarindus/Acacia/Acacia torulosa 3569.JPG","/Volumes/Crucial X10/SD/# A A A A NPNA 2026 NEW PHOTOS/WILLIE BURGESS Plants of the nt photos/Fabaceae Acacia Erythrina Jacksonia Albizia Bossiaea Caseapinia Cathormion Erythrophleum Jacksonia Millettia Mucuna Senna Sesbania  Sophora Tamarindus/Acacia/Acacia torulosa 3595.JPG","/Volumes/Crucial X10/HD/AA NATIVE PLANTS OF NA 2021/FINAL FULL DRAFT/PROOF Native Plants of N Australia-PDF.pdf","","","","","A","loose photograph","","5472x3648","gallery option","Species named in the filename.","E038-04","93df02721d765f49d6ccb57d1739e9c5c1c240988b1926d33c8b652e8b99e46c","A","loose photograph","","5472x3648","gallery option","Species named in the filename.","E038-02","8350500ee0bf1963e1580b867afc517b7821a7cc9bb1821502d2485d4b3c526b","A","book image","PDF page 103; printed page 102; page-object index 1 (zero-based)","566x394","low-resolution fallback","Photograph positioned with the authored species account in the book proof.","B-p103-o1","","","","","","","","","","","","","","","","","","","","","","","","","","","","","","","","","","3","3","0","Supported loose additions","Whole flowering crown, foliage and older non-flowering habit are complementary options; select one crown view.","plant-a5e951c7fce57de5","21","",""
"Acacia umbellata","/Volumes/Crucial X10/SD/A A A/Acacia umbellata/P1020213.JPG","/Volumes/Crucial X10/SD/A A A/Acacia umbellata/_1150883.JPG","","","","","","B","loose photograph","","4864x3648","gallery option","Association through the named source folder or historical-name trail.","E039-04","c4cc31a795d49b8a54ca3e022138f41a16360ae56703fdbc51ff4cd7885a1222","C","loose photograph","","4000x3000","identification-review lead","Association through the named source folder or historical-name trail; Byte-identical image also labelled for Acacia humifusa; resolve competing allocation.","E039-05","18072d8b19fea9e567360633687171837275e062d3f06a8f76cb52335691743f","","","","","","","","","","","","","","","","","","","","","","","","","","","","","","","","","","","","","","","","","3","3","0","Supported loose additions","Leaf and shoot arrangement are the main further identification views; other frames repeat flowers.","plant-f527776aa11a97e5","3","",""
"Acacia wickhamii","/Volumes/Crucial X10/SD/A A A/Acacia wickhamii/_1130846 Acacia wickhamii.JPG","/Volumes/Crucial X10/HD/# COMPLETE NPNA NEW ED 2026/A. A. PHOTOS AND IMAGES/D. PLANT DESCRIPTIONS GENERA A-Z/AA/Acacia wickhamii (use 2022 fruit shot)/PICK/1. Acacia wickhamii.159.a.JPG","/Volumes/Crucial X10/HD/AA NATIVE PLANTS OF NA 2021/FINAL FULL DRAFT/PROOF Native Plants of N Australia-PDF.pdf","","","","","A","loose photograph","","4000x3000","gallery option","Species named in the filename.","E040-06","0d921e3706e342f70abf46924a991a970be57b0ba3be07fb33b6f19cef279430","A","loose photograph","","2566x1924","gallery option","Species named in the filename.","E040-01","d97970438e72f982ae004f0d19b458cd1f09d8a2acb66b0b8c72d2d63ddc4148","A","book image","PDF page 104; printed page 103; page-object index 1 (zero-based)","567x572","low-resolution fallback","Photograph positioned with the authored species account in the book proof.","B-p104-o1","","","","","","","","","","","","","","","","","","","","","","","","","","","","","","","","","","1","1","0","Supported loose additions","Whole shrub, developing flowering branch and the book's small pod inset could expand the single flower photograph.","plant-c738d834213fbd21","19","",""
"Acacia yirrkallensis","/Volumes/Crucial X10/SD/# A A A A NPNA 2026 NEW PHOTOS/A A A A A ESPLAN RAPID CK EAST PT 29-30.8.2026/Acacia yirrkalensis/P1160600##.JPG","/Volumes/Crucial X10/SD/A A A/Acacia yirrkallensis/Acacia sp. Gapuwiyak poss yirrkallensis tbc 3 IM.jpg","","","","","","B","loose photograph","","4864x3648","gallery option","Association through the named source folder or historical-name trail; Name spelling, abbreviation or historical combination needs retaining in provenance.","E041-02","7282df0ee2013b8901964616bc79505a8030b47d1df687603ad1f41b483d9338","C","loose photograph","","5472x3080","identification-review lead","Association through the named source folder or historical-name trail; Source explicitly uncertain or a mixed/incorrectly labelled collection.","E041-04","108f3fa46ad7ca252943b547130f33f87e25112fee22543d645c7d8f34affc62","","","","","","","","","","","","","","","","","","","","","","","","","","","","","","","","","","","","","","","","","2","2","0","Supported loose additions","Foliage close-up is useful. The wider flowering-habit file is a weaker, explicitly uncertain identification lead. Book flower photo overlaps current coverage.","plant-0854f09947d38025","5","",""
"Acanthus ilicifolius","/Volumes/Crucial X10/HD/AA NATIVE PLANTS OF NA 2021/FINAL FULL DRAFT/PROOF Native Plants of N Australia-PDF.pdf","/Volumes/Crucial X10/SD/A A A/Acanthus ilicifolius/_1090813.JPG","","","","","","A","book image","PDF page 106; printed page 105; page-object index 2 (zero-based)","389x572","low-resolution fallback","Photograph positioned with the authored species account in the book proof.","B-p106-o2","","B","loose photograph","","4000x3000","gallery option","Association through the named source folder or historical-name trail.","E042-03","d74d9bf79e89cb6da69d1898053ccce788571c22d0bb7e1e1c6d92ef77705881","","","","","","","","","","","","","","","","","","","","","","","","","","","","","","","","","","","","","","","","","2","2","0","Supported loose additions","Wider dense foliage/habit complements current flower close-ups. The older flowering plant is another context option.","plant-75e3c59da40b0f8e","5","",""
"Acrostichum speciosum","/Volumes/Crucial X10/SD/# A A A A NPNA 2026 NEW PHOTOS/WILLIE BURGESS Plants of the nt photos/ferns/Acrostichum speciosum 8960.JPG","/Volumes/Crucial X10/SD/A A A/Acrostichum speciosum/_1050591.JPG","/Volumes/Crucial X10/SD/A A A/Acrostichum speciosum/_1050597.JPG","","","","","A","loose photograph","","5472x3648","gallery option","Species named in the filename.","E043-04","a4cff82148f61f42739c51a30ef5c7184660a0a765208fc3d7845db882bc6d40","B","loose photograph","","4000x3000","gallery option","Association through the named source folder or historical-name trail.","E043-06","b95014cfefdadda06a0683270cb74ad811184619b5c391e64fdd877eea6f4f5d","B","loose photograph","","4000x3000","gallery option","Association through the named source folder or historical-name trail.","E043-08","188f193b6abb916fecca47a0bda9f83da1bb3f26dd651ca67557438b3eca18a0","","","","","","","","","","","","","","","","","","","","","","","","","","","","","","","","","2","2","0","Supported loose additions","Frond detail and a wider fern clump add structure and habitat beyond the two current foliage views. Additional creek-bank habitat photograph is available.","plant-2c24405973ab0b1e","4","",""
"Adansonia gregorii","/Volumes/Crucial X10/HD/# COMPLETE NPNA NEW ED 2026/A. A. PHOTOS AND IMAGES/D. PLANT DESCRIPTIONS GENERA A-Z/AA/Adansonia gregorii/PICK/EXTRA/2. Adansonia gregorii.985.b.JPG","/Volumes/Crucial X10/SD/A A A/Adansonia gregorii/##Adansonia gregorii_1130594.JPG","/Volumes/Crucial X10/SD/# A A A A NPNA 2026 NEW PHOTOS/WILLIE BURGESS Plants of the nt photos/Malvaceae Brachychiton Helicteres Hibiscus sterculia Thespesia Abelmoschus Abutilon Adansonia Gossypium Urena/Adansonia gregorii 826.JPG","/Volumes/Crucial X10/HD/AA NATIVE PLANTS OF NA 2021/FINAL FULL DRAFT/PROOF Native Plants of N Australia-PDF.pdf","","","","A","loose photograph","","2671x3006","gallery option","Species named in the filename.","E044-02","f15892fdaa7fbc734184791d45d8cba611c7980e99407fb12dedf7483c020bdb","A","loose photograph","","4000x3000","gallery option","Species named in the filename.","E044-04","4219061c0311001099af8f9c3e2d5963b114216f5250e85e23d7eea250ee9777","A","loose photograph","","6000x4000","gallery option","Species named in the filename.","E044-09","bb8a72e05b3d727ca2afcfdf3b2bf5a7ffb769308f8f5f83f004e7a7ecc3961a","A","book image","PDF page 107; printed page 106; page-object index 2 (zero-based)","566x392","low-resolution fallback","Photograph positioned with the authored species account in the book proof.","B-p107-o2","","","","","","","","","","","","","","","","","","","","","","","","","","4","4","0","Supported loose additions","Leafy wet-season habit and trunk/canopy context complement the existing dry-season tree, flowers and opened fruit. Additional named photograph shows the bare mature branching silhouette.","plant-7dcd1073c26a4eda","15","",""
"Adenanthera pavonina","/Volumes/Crucial X10/SD/A A A/Adenanthera pavonina/_1100291 Adenanthera pavonina.JPG","/Volumes/Crucial X10/HD/# COMPLETE NPNA NEW ED 2026/A. A. PHOTOS AND IMAGES/C. HERO SHOTS A-Z/AA/Barking Owls on Red Bead Tree Adenanthera pavonina.558.a.JPG","/Volumes/Crucial X10/HD/AA NATIVE PLANTS OF NA 2021/FINAL FULL DRAFT/PROOF Native Plants of N Australia-PDF.pdf","","","","","A","loose photograph","","4000x3000","gallery option","Species named in the filename.","E045-03","fa439e4da15050c6e3f34785bdceb942230ff9a1d482bd13557b8dce14abf591","A","loose photograph","","3073x2305","gallery option","Species named in the filename.","E045-06","2d6e1e7a32e1a9713b28058f2d867af410f1fb4c0f888edcdbe87d3a99a68aef","A","book image","PDF page 108; printed page 107; page-object index 2 (zero-based)","567x571","low-resolution fallback","Photograph positioned with the authored species account in the book proof.","B-p108-o2","","","","","","","","","","","","","","","","","","","","","","","","","","","","","","","","","","3","3","0","Supported loose additions","Canopy/habit and owls on the tree are useful options. Full-size comparison ruled out the initial seed-photo suspicion: Adenanthera has plain red seeds in curled pods; the Abrus image has black-spotted seeds in a different pod cluster.","plant-a45e9351c49ffb6a","7","",""
"Aegialitis annulata","/Volumes/Crucial X10/HD/# COMPLETE NPNA NEW ED 2026/A. A. PHOTOS AND IMAGES/D. PLANT DESCRIPTIONS GENERA A-Z/AA/Aegialitis annulata/PICK/EXTRA/Aegialitis annulata fruit.9104.GF.JPG","/Volumes/Crucial X10/SD/A A A/Aegialitis annulata Club Mangrove/SELECT/PICK/Aegialitis annulata.526.a.JPG","/Volumes/Crucial X10/SD/A A A/Aegialitis annulata Club Mangrove/SELECT/Aegialitis annulata.453.a.JPG","/Volumes/Crucial X10/SD/# A A A A NPNA 2026 NEW PHOTOS/WILLIE BURGESS Plants of the nt photos/Mangroves november 2025/Aegialitis annulata 266.JPG","","","","A","loose photograph","","8229x6496","gallery option","Species named in the filename.","E046-01","60ba643a82985942100c6122023c493a90d9d4acfd47732c663327520833caaf","A","loose photograph","","4223x3167","gallery option","Species named in the filename.","E046-02","b3bffce0b1e75d4c0ec26c666c83e32d5cae5d6910ef38b3cc67b7f9023da3eb","A","loose photograph","","4863x3647","gallery option","Species named in the filename.","E046-05","d9027377840c15eb69a637e419270dd5e601809e0e11aa30ad3d8bfd4d0048d9","A","loose photograph","","5472x3648","gallery option","Species named in the filename.","E046-12","b471655d4c6e82a8e99a6589d8102cfd161d00fa1b6ef040bf47995115e8f8c9","","","","","","","","","","","","","","","","","","","","","","","","","2","2","0","Supported loose additions","Propagules/fruit, mangrove setting and a young plant add reproductive and habitat coverage. Additional close view shows long spent/reproductive structures among leaves.","plant-86f41810c1f4a237","11","",""
"Aegiceras corniculatum","/Volumes/Crucial X10/HD/# COMPLETE NPNA NEW ED 2026/A. A. PHOTOS AND IMAGES/D. PLANT DESCRIPTIONS GENERA A-Z/AA/Aegiceras corniculatum/PICK/EXTRA/Aegiceras corniculatum.858.a.JPG","/Volumes/Crucial X10/SD/A A A/Aegiceras corniculatum/_1090860.JPG","","","","","","A","loose photograph","","2689x3585","gallery option","Species named in the filename.","E047-01","38d7aad4f5b3c89b5cbedcb922b5f27eb6a126da7d3ae63efd42c01a7abd8825","B","loose photograph","","4000x3000","gallery option","Association through the named source folder or historical-name trail.","E047-06","92c465bd124bc3551ed3ce9b107468e98c7ff3b0af5c476e57cb8b8c764f7fd1","","","","","","","","","","","","","","","","","","","","","","","","","","","","","","","","","","","","","","","","","3","3","0","Supported loose additions","Whole mangrove habit and a wider leaf/branch view complement flowers and propagules; most other exports repeat the flowering picture.","plant-d72ffc62bdc2d2f6","7","",""
"Aglaia brownii","/Volumes/Crucial X10/SD/# A A A A NPNA 2026 NEW PHOTOS/WILLIE BURGESS Plants of the nt photos/Meliaceae  Aglaia Xylocarpus/aglaia brownii723.JPG","/Volumes/Crucial X10/HD/AA NATIVE PLANTS OF NA 2021/FINAL FULL DRAFT/PROOF Native Plants of N Australia-PDF.pdf","/Volumes/Crucial X10/SD/A A A/Aglaia brownii/_1140993.JPG","/Volumes/Crucial X10/SD/A A A/Aglaia brownii/_1240876.JPG","/Volumes/Crucial X10/SD/A A A/Aglaia brownii/_1240879.JPG","","","A","loose photograph","","5472x3648","gallery option","Species named in the filename.","E048-03","a96f5ad68eb33fd2d6af08000458f1cecab22102128c440d3d6ef1c960553bd7","A","book image","PDF page 109; printed page 108; page-object index 1 (zero-based)","392x569","low-resolution fallback","Photograph positioned with the authored species account in the book proof.","B-p109-o1","","B","loose photograph","","4000x3000","gallery option","Association through the named source folder or historical-name trail.","E048-04","9e44529c0590502d4cc39072fc686b916d5e82ea95ad3ffe8df0ce8950d057d4","C","loose photograph","","4000x3000","identification-review lead","Association through the named source folder or historical-name trail; Byte-identical image also labelled for Aglaia sapindina; resolve competing allocation.","E048-05","ca204b3f16732b92b2f0f05530ff28e267023199dfc8b42d27c6de66012ab01b","C","loose photograph","","4000x3000","identification-review lead","Association through the named source folder or historical-name trail; Byte-identical image also labelled for Aglaia sapindina; resolve competing allocation.","E048-10","000a410b7b73fbf140e5f718030bcb1c08f8bef303ed20d7eb0d19b124f685b1","","","","","","","","","","","","","","","","","2","2","0","Supported loose additions","Fruit clusters in a wider branch, fresh growth and whole-tree context are useful, with the older fruit/leaf view as a fallback. Additional sequence includes a flowering branch.","plant-4f03bc762baa1794","8","",""
"Aglaia sapindina","/Volumes/Crucial X10/SD/# A A COMPLETED/Aglaia sapindina/_1250459.JPG","/Volumes/Crucial X10/SD/# A A COMPLETED/Aglaia sapindina/_1240878.JPG","","","","","","B","loose photograph","","4000x3000","gallery option","Association through the named source folder or historical-name trail.","E049-06","f4d442ac79b74bc23f10f824edd66da307db39459049adfab1f7f1d9967a4184","C","loose photograph","","4000x3000","identification-review lead","Association through the named source folder or historical-name trail; Byte-identical image also labelled for Aglaia brownii; resolve competing allocation.","E049-05","b7d9ba85b883fdf5c0e0ab2e4803d41d334b0ac9e548605a0c28e035228ab3a2","","","","","","","","","","","","","","","","","","","","","","","","","","","","","","","","","","","","","","","","","2","2","0","Supported loose additions","Foliage/developing fruit and wider branch context are useful. Candidate 3 is a botanical illustration plate, not a photograph; exclude it from the photo shortlist.","plant-10699b95bd1b7baf","8","",""
"Aidia racemosa","/Volumes/Crucial X10/HD/# COMPLETE NPNA NEW ED 2026/A. A. PHOTOS AND IMAGES/B. PLANT COMMUNITIES/F. IAN MORRIS - NATIVE PLANT COMMUNITIES & WILDLIFE/PICK/7. Rose-crowned Fruit-dove eating fruit of Aidia racemosa.(LP).jpg","/Volumes/Crucial X10/SD/# A A A A NPNA 2026 NEW PHOTOS/WILLIE BURGESS Plants of the nt photos/A Invertebrates of the nt photos/aidia racemosa 9367.JPG","/Volumes/Crucial X10/HD/# COMPLETE NPNA NEW ED 2026/A. A. PHOTOS AND IMAGES/D. PLANT DESCRIPTIONS GENERA A-Z/AA/Aidia racemosa (use full page)/PICK/EXTRA/Aidia racemosa.950.a.JPG","/Volumes/Crucial X10/SD/# A A A A NPNA 2026 NEW PHOTOS/WILLIE BURGESS Plants of the nt photos/Rubiaceae Aidia Gardenia Coelospermum Cycophyllum Dentella Guettarda Ixora Pavetta PsychotriaTarenna Timonius/aidia racemosa 9396.JPG","","","","A","loose photograph","","2867x2230","gallery option","Species named in the filename.","E050-01","5c6763e08cbf8c0305940cb9bc47c31e8a7c26e4fa611084e63dbde7df6e391b","A","loose photograph","","5472x3648","gallery option","Species named in the filename.","E050-06","5016b98d42762080d4021de4dd93bf01ac5fc0fa386e956084a2e350aa538fdb","A","loose photograph","","1315x1315","gallery option","Species named in the filename.","E050-10","254a5961e98f8402a2517dd634886e2c6167e9d1c627546d867b98832649cc79","A","loose photograph","","5472x3648","gallery option","Species named in the filename.","E050-12","1102a8a785670bc9325c2ecc509a12deae1d40524669024d726fb2502de67108","","","","","","","","","","","","","","","","","","","","","","","","","3","3","0","Supported loose additions","Fruit-dove feeding and butterfly visiting flowers add two clear ecological interactions. Additional named files show red fruit and spent flowers.","plant-4a408323e82a62e5","12","",""
"Albizia lebbeck","/Volumes/Crucial X10/SD/A A A/Albizia lebbeck/20240925_174422 Albizia lebbeck.jpg","/Volumes/Crucial X10/SD/A A A/Albizia lebbeck/SELECT/Albizia lebbeck.a.JPG","","","","","","A","loose photograph","","4000x3000","gallery option","Species named in the filename.","E051-06","654b8e5a569c9f059790377d80c26f229059e795eb2286be8b25fe5a183d65f3","A","loose photograph","","3226x2419","gallery option","Species named in the filename.","E051-02","bb9d41b78f0567374c423be13ec444585bf5fdcac3043a3b55bd55a74044e0ac","","","","","","","","","","","","","","","","","","","","","","","","","","","","","","","","","","","","","","","","","3","3","0","Supported loose additions","Whole adult-tree habit and pods hanging in the canopy complement the current close flowers, detached pods and trunk.","plant-df1fe2c06ab9bcc2","19","",""
"Allophylus cobbe","/Volumes/Crucial X10/SD/# A A A A NPNA 2026 NEW PHOTOS/WILLIE BURGESS Plants of the nt photos/Sapindaceae Allophylus Atalaya Cupaniopis Ganophyllum/Allophylus cobbe  125.JPG","/Volumes/Crucial X10/SD/A A A/Allophylus cobbe/_1240615.JPG","/Volumes/Crucial X10/SD/A A A/Allophylus cobbe/_1260090.JPG","","","","","A","loose photograph","","5472x3648","gallery option","Species named in the filename.","E052-03","bc2210c657bd1e2deac5f040ea4af7cfbf06a36bbf8cd36da8419e15c06adc55","B","loose photograph","","4000x3000","gallery option","Association through the named source folder or historical-name trail.","E052-06","e7cabf3ad35138634b5e2074ec7addfb5b31d9d4d57afcfb15fb8264e0457bec","B","loose photograph","","4000x3000","gallery option","Association through the named source folder or historical-name trail.","E052-10","80f440cda3c913ec2334bd77ba42cd928d351513d3a05fbd833a5f2ac1d31852","","","","","","","","","","","","","","","","","","","","","","","","","","","","","","","","","2","2","0","Supported loose additions","Flowers and leafy/new-growth detail fill gaps left by the two fruit photographs. Additional sequence includes red ripe fruit.","plant-9c2c8abb323e73ca","5","",""
"Allosyncarpia ternata","/Volumes/Crucial X10/HD/AA NATIVE PLANTS OF NA 2021/FINAL FULL DRAFT/PROOF Native Plants of N Australia-PDF.pdf","","","","","","","A","book image","PDF page 112; printed page 111; page-object index 1 (zero-based)","567x384","low-resolution fallback","Photograph positioned with the authored species account in the book proof.","B-p112-o1","","","","","","","","","","","","","","","","","","","","","","","","","","","","","","","","","","","","","","","","","","","","","","","","","","4","4","0","Book addition only","Most loose shortlist frames repeat flowering canopy. The older whole-tree photograph adds overall architecture and scale.","plant-bb3aa8944633a155","14","",""
"Alphitonia excelsa","/Volumes/Crucial X10/SD/A A A/Alphitonia excelsa/_1110257 #Alphitonia excelsa.JPG","/Volumes/Crucial X10/SD/# A A A A NPNA 2026 NEW PHOTOS/A A A BOT GDNS 2.8.2026/SELECT/PICK/Alphitonia excelsa with Green Ant nest.924.a.JPG","/Volumes/Crucial X10/SD/A A A/Alphitonia excelsa/_1090087.JPG","/Volumes/Crucial X10/SD/A A A/Alphitonia excelsa/_1290511.JPG","","","","A","loose photograph","","4000x3000","gallery option","Species named in the filename.","E054-04","249875c68da3f45e538b83a4017b965db3fd58130622a56075a2dcac39804cb7","A","loose photograph","","3253x4337","gallery option","Species named in the filename.","E054-02","dac43abcdc77f5d85cbdb304d243ffb0ddf5c6618f12c8919606b92fb6c05e34","B","loose photograph","","4000x3000","gallery option","Association through the named source folder or historical-name trail.","E054-09","203a248713f4be3964541b94a6ab68c1ec396b7e81ad12ee8207c156c8b28130","B","loose photograph","","4000x3000","gallery option","Association through the named source folder or historical-name trail.","E054-12","749903482b505cf9415a535fcc1d346376e9d1e9fff53cd4134ff4e01d890107","","","","","","","","","","","","","","","","","","","","","","","","","3","3","0","Supported loose additions","Leaf undersides and fruit in a leafy branch add detail; further cream flower heads repeat existing coverage. Additional sequence includes dark fruit and whole flowering crown.","plant-949b832dfe58afc3","10","",""
"Alstonia actinophylla","/Volumes/Crucial X10/SD/A A A/Alstonia actinophylla/SELECT/PICK/GO/Alstonia actinophylla.768.a.JPG","/Volumes/Crucial X10/SD/# A A A A COMPLETE NPNA NEW ED 2026/A. A. PHOTOS AND IMAGES/D. PLANT DESCRIPTIONS GENERA A-Z/AA/Alstonia actinophylla/PICK/EXTRA/Alstonia actinophylla.262.a.JPG","","","","","","A","loose photograph","","4000x3000","gallery option","Species named in the filename.","E055-03","0d0fcf047a998d5ae4b60d0365b4b6a8c478da45a7ef97bd06159bbea4f7dcfe","A","loose photograph","","2413x3016","gallery option","Species named in the filename.","E055-02","420610e328f0a069b295f440ab3a5350aace36c455b1a24912bfe1a1f255d608","","","","","","","","","","","","","","","","","","","","","","","","","","","","","","","","","","","","","","","","","2","2","0","Supported loose additions","Branch/trunk architecture and a developing flower cluster are useful additions.","plant-eff187ef4bcbf058","21","",""
"Alstonia spectabilis subsp. ophioxyloides","/Volumes/Crucial X10/HD/# COMPLETE NPNA NEW ED 2026/A. A. PHOTOS AND IMAGES/D. PLANT DESCRIPTIONS GENERA A-Z/AA/Alstonia spectabilis (N)/PICK/2. Astonia spectabilis in habitat.tif080.a.jpg","/Volumes/Crucial X10/HD/# COMPLETE NPNA NEW ED 2026/A. A. PHOTOS AND IMAGES/D. PLANT DESCRIPTIONS GENERA A-Z/AA/Alstonia spectabilis (N)/PICK/EXTRA/Astonia spectabilis trunk.995.a.JPG","/Volumes/Crucial X10/HD/# COMPLETE NPNA NEW ED 2026/A. A. PHOTOS AND IMAGES/D. PLANT DESCRIPTIONS GENERA A-Z/AA/Alstonia spectabilis (N)/PICK/1. Astonia spectabilis.068.a.JPG","/Volumes/Crucial X10/SD/# A A COMPLETED/Alstonia spectabilis/P1200988.JPG","/Volumes/Crucial X10/SD/# A A COMPLETED/Alstonia spectabilis/P1000034.JPG","","","B","loose photograph","","3366x1893","gallery option","Association through the named source folder or historical-name trail; Full subspecies/variety not established: retain the source species-level caption.","E056-01","cacc04a37d5391fda46afde2cc978b578e5288707209bf263ddc72530ef8c50f","B","loose photograph","","1676x2234","gallery option","Association through the named source folder or historical-name trail; Full subspecies/variety not established: retain the source species-level caption.","E056-02","18397964d873ec4fc4cfb17226c040130b3b2277bbb73cff41cd443569d05d09","B","loose photograph","","2784x2088","gallery option","Association through the named source folder or historical-name trail; Full subspecies/variety not established: retain the source species-level caption.","E056-03","2c633b15f3767061caa3571a819ac6fb55449167918f59f6add356faf000c33e","B","loose photograph","","4000x3000","gallery option","Association through the named source folder or historical-name trail; Full subspecies/variety not established: retain the source species-level caption.","E056-05","0c9727bf722e284d3fb3f808f086f8a40084affda168b40da3ad063c7eeaf46d","B","loose photograph","","4864x3648","gallery option","Association through the named source folder or historical-name trail; Full subspecies/variety not established: retain the source species-level caption.","E056-12","5e40fed919773dd48f6cf29b5d3ed639b0684e6f45f81e30be6dd7b539fdb17d","","","","","","","","","","","","","","","","","1","1","0","Supported loose additions","Whole-plant context, trunk base, brighter flowers with foliage and leaf detail could substantially expand the one-image account. Use species-level captions for species-labelled sources; rank remains unverified. Additional species-folder series includes long hanging pods; this does not establish the subspecies.","plant-c629df08b0a65462","11","",""
"Alyxia spicata","/Volumes/Crucial X10/SD/# A A A A NPNA 2026 NEW PHOTOS/WILLIE BURGESS Plants of the nt photos/Apocynaceae Alstonia Alyxia Cynachum Marsdenia Taberanemonta Wrightia   Brachysteima    a/Alyxia spicata 342 (6).JPG","/Volumes/Crucial X10/SD/# A A A A NPNA 2026 NEW PHOTOS/WILLIE BURGESS Plants of the nt photos/Apocynaceae Alstonia Alyxia Cynachum Marsdenia Taberanemonta Wrightia   Brachysteima    a/Alyxia spicata 9587.JPG","/Volumes/Crucial X10/SD/# A A A A NPNA 2026 NEW PHOTOS/WILLIE BURGESS Plants of the nt photos/Apocynaceae Alstonia Alyxia Cynachum Marsdenia Taberanemonta Wrightia   Brachysteima    a/Alyxia spicata 342 (4).JPG","","","","","A","loose photograph","","5472x3648","gallery option","Species named in the filename.","E057-04","ac85b815fefbe63617f7e3a6cfeb582a45c9421f6b98183d3af00081eb84623f","A","loose photograph","","5472x3648","gallery option","Species named in the filename.","E057-01","44b3a6bdcce35dc6253f22c46939d4277583e877702482c0d6a59c72a795fbc1","A","loose photograph","","5472x3648","gallery option","Species named in the filename.","E057-06","c18f65da4bab682c00fdf8c74219694aad4390f4a62a79b6c724a7b993e3fada","","","","","","","","","","","","","","","","","","","","","","","","","","","","","","","","","2","2","0","Supported loose additions","Flowers, whole-shrub habit and the flower-to-fruit transition complement current fruit close-ups.","plant-f803e52eb50c20af","5","",""
"Alyxia tropica","/Volumes/Crucial X10/HD/AA NATIVE PLANTS OF NA 2021/FINAL FULL DRAFT/PROOF Native Plants of N Australia-PDF.pdf","","","","","","","A","book image","PDF page 115; printed page 114; page-object index 1 (zero-based)","566x563","low-resolution fallback","Photograph positioned with the authored species account in the book proof.","B-p115-o1","","","","","","","","","","","","","","","","","","","","","","","","","","","","","","","","","","","","","","","","","","","","","","","","","","2","2","0","Book addition only","No new loose image, but the older book photograph includes flowers alongside fruit and foliage.","plant-0a301905e41b21c8","3","",""
"Amorphophallus paeoniifolius","/Volumes/Crucial X10/SD/# A A A A NPNA 2026 NEW PHOTOS/WILLIE BURGESS Plants of the nt photos/Araceae Amorphophallus/Amorphophallus paeoniifolius 3237.JPG","/Volumes/Crucial X10/SD/# A A A A NPNA 2026 NEW PHOTOS/WILLIE BURGESS Plants of the nt photos/Araceae Amorphophallus/Amorphophallus paeoniifolius sirlanka 3238.JPG","/Volumes/Crucial X10/HD/# COMPLETE NPNA NEW ED 2026/A. A. PHOTOS AND IMAGES/D. PLANT DESCRIPTIONS GENERA A-Z/AA/Amorphophallus paeoniifolius/PICK/EXTRA/Amorphophallus paeoniifolius leaves.741.a.JPG","/Volumes/Crucial X10/SD/A A A/Amorphophallus paeoniifolius/SELECT/_1140956.JPG","","","","A","loose photograph","","3648x2736","gallery option","Species named in the filename.","E059-03","0561579a2012eb3984f567c5316985eb9ac7de6ec422c6136d6e456e543735c0","A","loose photograph","","3648x2736","gallery option","Species named in the filename.","E059-06","cbe6ce7cd2977cb76464e106afae38d21a8d8f443fca3c3f4ab0617da388324b","A","loose photograph","","3851x2888","gallery option","Species named in the filename.","E059-01","d108ef9c08a45caa0533d65c0821b79d606f5804b5f64d59fd37afe4c6ca803f","B","loose photograph","","4000x3000","gallery option","Association through the named source folder or historical-name trail.","E059-10","339a71e119cca0c0e01a0b7d1c91f52b8fa94a3de20be12274db3407a4a0de5a","","","","","","","","","","","","","","","","","","","","","","","","","2","2","0","Supported loose additions","Inflorescence top and side views with a scale, plus leafy habit from another angle, give useful structure and size information. Additional close photograph looks inside the large inflorescence.","plant-7f9b1a3b2cfa2cd6","9","",""
"Ampelocissus acetosa","/Volumes/Crucial X10/SD/A A A/Ampelocissus acetosa Wild Grape/_1260107.JPG","/Volumes/Crucial X10/SD/A A A/Ampelocissus acetosa Wild Grape/_1280060.JPG","/Volumes/Crucial X10/SD/A A A/Ampelocissus acetosa Wild Grape/SELECT images IM/Ampellocissus frts Faraway Bay Back Creek.jpg","","","","","B","loose photograph","","4000x3000","gallery option","Association through the named source folder or historical-name trail.","E060-05","03bcadfec0cbc605a180a33a5d559449443238f49319d6f616cf0728a6684fac","B","loose photograph","","4000x3000","gallery option","Association through the named source folder or historical-name trail.","E060-06","faa00612703842270b88e48f89edfcb20a851f8060702ac3d5d38f54bb8afabe","B","loose photograph","","4000x3000","gallery option","Association through the named source folder or historical-name trail.","E060-11","961b5ed82ae235e93ef682ef42840b8b3f5487b636977d593f2342c0bb22b934","","","","","","","","","","","","","","","","","","","","","","","","","","","","","","","","","2","2","0","Supported loose additions","Developing reproductive growth and wider vine habit add context beyond ripe-fruit photographs. Additional ripe dark-fruit photograph has a weaker abbreviated/generic source label; retain as a lead.","plant-6431b317bed5eefa","6","",""
"Amyema sanguinea var. pulchra","/Volumes/Crucial X10/SD/A A A/Amyema sanguinea var. pulchra/P1080336.JPG","","","","","","","B","loose photograph","","4864x3648","gallery option","Association through the named source folder or historical-name trail.","E061-02","e51aa2305611b24cc6d03750141906d260b2fc4818202d7d23568e503c5953a3","","","","","","","","","","","","","","","","","","","","","","","","","","","","","","","","","","","","","","","","","","","","","","","","","1","1","0","Supported loose additions","The wider mistletoe-on-host composition is more useful than repeated close red flowers. Keep the source's species-level certainty separate from variety identity.","plant-7efe4b449703eae3","3","",""
"Antiaris toxicaria var. macrophylla","/Volumes/Crucial X10/HD/# COMPLETE NPNA NEW ED 2026/A. A. PHOTOS AND IMAGES/D. PLANT DESCRIPTIONS GENERA A-Z/AA/Antiaris toxicaria var. macrophylla/PICK/EXTRA/Antiaris toxcaria.168.a.JPG","/Volumes/Crucial X10/SD/A A A/Antiaris toxicaria/SELECT/Antiaris toxcaria.d.JPG","/Volumes/Crucial X10/SD/A A A/Antiaris toxicaria/20240704_164901.jpg","/Volumes/Crucial X10/SD/A A A/Antiaris toxicaria var. macrophylla/P1010330.JPG","","","","B","loose photograph","","1113x1484","gallery option","Species named in the filename; Name spelling, abbreviation or historical combination needs retaining in provenance.","E062-02","4533e49a55da54a8a40cd6a9ada971cd6518355257dba85c3cadb9a9adb7486a","B","loose photograph","","4000x3000","gallery option","Species named in the filename; Name spelling, abbreviation or historical combination needs retaining in provenance; Full subspecies/variety not established: retain the source species-level caption.","E062-03","cb6f32aae609a7ae99588ab14d568ba64f774ff8f66b4ebdf1b0c9ad57e4dae3","B","loose photograph","","4032x3024","gallery option","Association through the named source folder or historical-name trail; Full subspecies/variety not established: retain the source species-level caption.","E062-04","cabd0e157147f7a41cd48c525c9bd2f15ed2cdfeedd409d621d73b63b12d7264","B","loose photograph","","4864x3648","gallery option","Association through the named source folder or historical-name trail.","E062-12","1832889481df40fd26d4439806e6bf2cf5de1b6e574882e0cfc9291e3333dcf5","","","","","","","","","","","","","","","","","","","","","","","","","3","3","0","Supported loose additions","Axillary reproductive detail, mature leaves and wider habit offer gaps beyond fruit. Several source names contain toxcaria spelling; species-level captions remain appropriate. Additional sequence includes an opened fallen fruit/seed view; species-level association only.","plant-4f5846abef0db4d5","9","",""
"Antidesma ghaesembilla","/Volumes/Crucial X10/SD/# A A A A NPNA 2026 NEW PHOTOS/WILLIE BURGESS Plants of the nt photos/Phyllanthaceae Antideama Endospermum Glocidon Macaranga Mallotus Margaritaria Surgada/Antidesma/antidesma ghesaembilla20.JPG","/Volumes/Crucial X10/SD/A A A/Antidesma ghesaembilla/P1200328.JPG","","","","","","B","loose photograph","","5472x3648","gallery option","Species named in the filename; Name spelling, abbreviation or historical combination needs retaining in provenance.","E063-03","3887f81e63892c516fdb20fb604cf2ea87147fc9950a557e3e9261ac39121847","B","loose photograph","","4000x3000","gallery option","Association through the named source folder or historical-name trail; Name spelling, abbreviation or historical combination needs retaining in provenance.","E063-02","29417ad328ec6bde99cc026f17dda576356f2e6d35bb1a5d871d510addc8b8c7","","","","","","","","","","","","","","","","","","","","","","","","","","","","","","","","","","","","","","","","","3","3","0","Supported loose additions","Flower detail and wider foliage are the strongest additions to the existing red and black fruit coverage.","plant-edb440767658a402","6","",""
"Antidesma parvifolium","/Volumes/Crucial X10/SD/A A A/Antidesma parvifolium VRD 28.4.25/P1000051.JPG","/Volumes/Crucial X10/SD/A A A/Antidesma parvifolium VRD 28.4.25/P1000049.JPG","","","","","","B","loose photograph","","4864x3648","gallery option","Association through the named source folder or historical-name trail.","E064-01","0290f17120d6121e70e3ae70144ea2b7e0db46b7654082733e4351601aa9deeb","B","loose photograph","","4864x3648","gallery option","Association through the named source folder or historical-name trail.","E064-02","c646d88339243d2e066b6e183833c5ed2cdf04f7a89510768f00c5c79b472da0","","","","","","","","","","","","","","","","","","","","","","","","","","","","","","","","","","","","","","","","","1","1","0","Supported loose additions","Whole-plant setting and branching habit add scale; the labelled fruit candidate largely repeats the current fruit image.","plant-0d2750c257592327","3","",""
"Argusia argentea","/Volumes/Crucial X10/HD/AA NATIVE PLANTS OF NA 2021/FINAL FULL DRAFT/PROOF Native Plants of N Australia-PDF.pdf","/Volumes/Crucial X10/SD/A A A/Argusia argentea (prev Messerschimidia argentea)/Argusia at Rarrakala IM.jpg","","","","","","A","book image","PDF page 119; printed page 118; page-object index 1 (zero-based)","566x578","low-resolution fallback","Photograph positioned with the authored species account in the book proof.","B-p119-o1","","B","loose photograph","","2481x1584","gallery option","Association through the named source folder or historical-name trail.","E065-01","0919cfa7f44009f3f56204d364d1e43a3aa27da1037b94700d25f0fff5f8c651","","","","","","","","","","","","","","","","","","","","","","","","","","","","","","","","","","","","","","","","","1","1","0","Supported loose additions","Coastal setting and the book's small whole-plant inset complement the flower close-up. The sunset view is contextual rather than diagnostic.","plant-489f5d817ef24d47","3","",""
"Asparagus racemosus","/Volumes/Crucial X10/SD/# A A A A NPNA 2026 NEW PHOTOS/WILLIE BURGESS Plants of the nt photos/Asparagaceae Asparagus Dracaena Thysanotis/Asparagus/Asparagus racemosus 9685.JPG","/Volumes/Crucial X10/SD/A A A/Asparagus racemosus/_1260227.JPG","/Volumes/Crucial X10/SD/A A A/Asparagus racemosus/_1260118.JPG","","","","","A","loose photograph","","5472x3648","gallery option","Species named in the filename.","E066-02","a763219cb7b03c1f96f3d45695598dc2e76d0665b59c76479199fa148f66ddc8","B","loose photograph","","4000x3000","gallery option","Association through the named source folder or historical-name trail.","E066-04","ecba8db187377621ab07af45d1280a97f06d679f721d017ef451d354b809e532","B","loose photograph","","4000x3000","gallery option","Association through the named source folder or historical-name trail.","E066-03","953d3a8b8056d646fbe6e18f74822c01487eed120d93f0d20ae871c9d963c176","","","","","","","","","","","","","","","","","","","","","","","","","","","","","","","","","1","1","0","Supported loose additions","Climbing/hanging habit, immature berries and fine foliage detail are useful additions.","plant-d7f3ad986f3a95e0","6","",""
"Asteromyrtus magnifica","/Volumes/Crucial X10/SD/A A A/Asteromyrtus magnifica/P1010871.JPG","","","","","","","B","loose photograph","","4864x3648","gallery option","Association through the named source folder or historical-name trail.","E067-03","18bf2f6587c22a0289dc2758e41f8703faa07958dc150c470eeb199b691927c7","","","","","","","","","","","","","","","","","","","","","","","","","","","","","","","","","","","","","","","","","","","","","","","","","3","3","0","Supported loose additions","Whole crown is the main missing dimension. Most other frames repeat the three displayed flower heads.","plant-08893edba45ec8ca","7","",""
"Asteromyrtus symphyocarpa","/Volumes/Crucial X10/SD/A A A/Asteromyrtus symphyocarpa/SELECT/Asteromyrtus symphyocarpa.d.jpg","/Volumes/Crucial X10/SD/A A A/Asteromyrtus symphyocarpa/SELECT/20240706_Asteromyrtus symphyocarpa.jpg","/Volumes/Crucial X10/HD/# COMPLETE NPNA NEW ED 2026/A. A. PHOTOS AND IMAGES/C. HERO SHOTS A-Z/AA/Forest Kingfisher perched on Asteromyrtus symphyocarpa.386.a.JPG","","","","","A","loose photograph","","1319x1759","gallery option","Species named in the filename.","E068-02","74a765fd8d2f989263bcc073ee9e0f0aaff4747d3bf222e47b3f57f072d7f3e6","A","loose photograph","","860x828","gallery option","Species named in the filename.","E068-04","3362f3859a82cdbc65a66dca1567f83a303b13bdeccfa488abeaa09749bd8253","A","loose photograph","","2250x3000","gallery option","Species named in the filename.","E068-10","796c9e0df122c24065259b1f68a62215cc3e96e38a21ddabc9012f010a7cc43b","","","","","","","","","","","","","","","","","","","","","","","","","","","","","","","","","2","2","0","Supported loose additions","Woody fruit beside flowers and a close flower structure view are complementary options; reject repeated versions of the existing clustered flowers. Additional kingfisher-perch photograph offers optional ecological context.","plant-a5cc01cb04166672","13","",""
"Atalaya hemiglauca","/Volumes/Crucial X10/SD/A A A/Atalaya hemiglauca Whitewood/P1070162.JPG","","","","","","","B","loose photograph","","4864x3648","gallery option","Association through the named source folder or historical-name trail.","E069-03","ab819c644dda8b5febbe9d6d9d0317816712c5c27d28d99431fedf7b85ffb555","","","","","","","","","","","","","","","","","","","","","","","","","","","","","","","","","","","","","","","","","","","","","","","","","2","2","0","Supported loose additions","Narrow-leaf branch structure is a useful addition; other frames repeat the current flower and whole-tree views.","plant-b27bf0ef86451215","5","",""
"Atalaya variifolia","/Volumes/Crucial X10/HD/# COMPLETE NPNA NEW ED 2026/A. A. PHOTOS AND IMAGES/D. PLANT DESCRIPTIONS GENERA A-Z/AA/Atalaya variifolia/PICK/EXTRA/Atalaya variifolia w Western Honey Bee.362.a.JPG","/Volumes/Crucial X10/SD/# A A A A NPNA 2026 NEW PHOTOS/WILLIE BURGESS Plants of the nt photos/Sapindaceae Allophylus Atalaya Cupaniopis Ganophyllum/Atalaya varifolia 696.JPG","/Volumes/Crucial X10/SD/A A A/Atalaya variifolia/SELECT/Western Honey Bee on Atalya variifolia.(jpg362).b.JPG","","","","","A","loose photograph","","3093x2320","gallery option","Species named in the filename.","E070-03","ed85b765f73692547d8470250ad6fe89e259f9262531a51a82b94410f26975d4","B","loose photograph","","5472x3648","gallery option","Species named in the filename; Name spelling, abbreviation or historical combination needs retaining in provenance.","E070-04","5a9c8dc595b6ccbd9e2a066c9706b1235ac65f193fd2ee33589af86d3e417a4d","B","loose photograph","","2117x1695","gallery option","Species named in the filename; Name spelling, abbreviation or historical combination needs retaining in provenance.","E070-07","d458ae0f0afcb03fdd0fafa4d6e65afc96d164dc9f9c1ee77423a3c149e2401b","","","","","","","","","","","","","","","","","","","","","","","","","","","","","","","","","2","2","0","Supported loose additions","Close flower detail and leaf/canopy form complement the current broad flowers and winged fruit. Additional close bee/flower interaction is available.","plant-6475334bb4ba294f","10","",""
"Auranticarpa melanosperma","/Volumes/Crucial X10/SD/A A A/Auranticarpa melansoperma (prev Pittosporum melanospermum)/_1090989 Auranticarpa melanosperma.JPG","/Volumes/Crucial X10/SD/A A A/Auranticarpa melansoperma (prev Pittosporum melanospermum)/P1070933.JPG","","","","","","A","loose photograph","","4000x3000","gallery option","Species named in the filename.","E071-01","ba939a9208dc9a8d2b1b12ce48c74aa20c23d7b4428ba759b2fba22a0fe24391","B","loose photograph","","4864x3648","gallery option","Association through the named source folder or historical-name trail; Name spelling, abbreviation or historical combination needs retaining in provenance.","E071-08","4fb6f647675bbc03b1943c9b0f341171ef81a4c8c05e652e7d277871287e32ea","","","","","","","","","","","","","","","","","","","","","","","","","","","","","","","","","","","","","","","","","3","3","0","Supported loose additions","Developing fruit is the clear missing subject; other shortlisted views mainly repeat white flower heads. Additional sequence shows opened orange fruit with dark seeds.","plant-730cb494439e1e63","9","",""
"Avicennia marina subsp. eucalyptifolia","/Volumes/Crucial X10/SD/# A A A A NPNA 2026 NEW PHOTOS/WILLIE BURGESS Plants of the nt photos/Mangroves november 2025/avicennia marina 0052.JPG","/Volumes/Crucial X10/SD/# A A A A NPNA 2026 NEW PHOTOS/WILLIE BURGESS Plants of the nt photos/Mangroves november 2025/Avicennia marina 313.JPG","/Volumes/Crucial X10/HD/AA NATIVE PLANTS OF NA 2021/FINAL FULL DRAFT/PROOF Native Plants of N Australia-PDF.pdf","","","","","B","loose photograph","","5472x3648","gallery option","Species named in the filename; Full subspecies/variety not established: retain the source species-level caption.","E072-03","1251208eda7c89cbd7057bcb763f7f5472ceea314cb3ec43168bb1c3f228a1f8","B","loose photograph","","5472x3648","gallery option","Species named in the filename; Full subspecies/variety not established: retain the source species-level caption.","E072-11","48ad96c077d63ea749fc4b600b0cf98e178812e6ceac9b2d0c09899ea7b7daa4","B","book image","PDF page 123; printed page 122; page-object index 1 (zero-based)","569x572","low-resolution fallback","Photograph positioned with the authored species account in the book proof. Source heading/name trail is Avicennia marina; preserve that name and do not infer a finer rank.","B-p123-o1","","","","","","","","","","","","","","","","","","","","","","","","","","","","","","","","","","2","2","0","Supported loose additions","Fruit/bud detail and older propagule-bearing foliage are worth reviewing. Rank must remain a separate question for species-only labels. Additional species-named photograph shows mature pale fruits; subspecies remains unverified.","plant-73e1d7012093c60b","6","",""
"Bambusa arnhemica","/Volumes/Crucial X10/HD/AA NATIVE PLANTS OF NA 2021/FINAL FULL DRAFT/PROOF Native Plants of N Australia-PDF.pdf","/Volumes/Crucial X10/SD/B B B/Bambusa arnhemica/P1000629.JPG","/Volumes/Crucial X10/SD/B B B/Bambusa arnhemica/_1020927.JPG","","","","","A","book image","PDF page 125; printed page 124; page-object index 2 (zero-based)","387x568","low-resolution fallback","Photograph positioned with the authored species account in the book proof.","B-p125-o2","","B","loose photograph","","4864x3648","gallery option","Association through the named source folder or historical-name trail.","E073-02","4ffb09c31c1dbf7e1f3b247ed8093876c65d24c23172016f0fee2f2305173399","B","loose photograph","","4000x3000","gallery option","Association through the named source folder or historical-name trail.","E073-08","48da01c838eb4c7f05d0f238662de6fb921b2ee7030e6cd177566fc7cf0618f5","","","","","","","","","","","","","","","","","","","","","","","","","","","","","","","","","1","1","0","Supported loose additions","Leaf detail and older whole-clump habit complement the current crown silhouette. Additional sequence shows dry reproductive branches, a different stage from green bamboo.","plant-a993e06368ad911d","3","",""
"Banksia dentata","/Volumes/Crucial X10/HD/# COMPLETE NPNA NEW ED 2026/A. A. PHOTOS AND IMAGES/D. PLANT DESCRIPTIONS GENERA A-Z/BB/Banksia dentata/PICK/EXTRA/Banksia dentata new leaves.547.a.JPG","/Volumes/Crucial X10/SD/B B B/Banksia dentata/P1180604.JPG","/Volumes/Crucial X10/SD/B B B/Banksia dentata/_1140220.JPG","","","","","A","loose photograph","","3263x2447","gallery option","Species named in the filename.","E074-01","153c0c238fb53770f6dc71c67fc4057c37eac7e5158c512cfebadedab4847e49","B","loose photograph","","4000x3000","gallery option","Association through the named source folder or historical-name trail.","E074-04","e42c0d48dcfa284ea7a06a4f87c907a91a88c3d59cfea00586f147ca8f008c77","B","loose photograph","","4000x3000","gallery option","Association through the named source folder or historical-name trail.","E074-11","df90e49e1a6c82fff38dc0f6b5a5d864c52788756f1068ebd3d2afb68f04f8a1","","","","","","","","","","","","","","","","","","","","","","","","","","","","","","","","","3","3","0","Supported loose additions","Spent fruiting cone and wider leafy branches add stage and context; flowers largely repeat the gallery. Additional close old cone shows opened woody follicles.","plant-2fe1a6482e240966","5","",""
"Barringtonia acutangula","/Volumes/Crucial X10/SD/B B B/Barringtonia acutangula/_1080748 Barringtonia acutangula buds, Adel R.JPG","/Volumes/Crucial X10/SD/B B B/Barringtonia acutangula/_1120511 #Barringtonia acutangula.JPG","","","","","","A","loose photograph","","4000x3000","gallery option","Species named in the filename.","E075-03","691d12869f2911604c5046ebeadfa9071807a847bfd273c96ac840310c212eb9","A","loose photograph","","4000x3000","gallery option","Species named in the filename.","E075-08","737ce785e48acd820f125e519ccff44d89377566f2d78dcbc7bd55f70fa132bd","","","","","","","","","","","","","","","","","","","","","","","","","","","","","","","","","","","","","","","","","4","4","0","Supported loose additions","Wider foliage/habit is the main gap. Most flowers and fruit repeat the four current photographs. Additional named photograph has a hanging green fruit.","plant-66bac523422d13f6","7","",""
"Barringtonia asiatica","/Volumes/Crucial X10/AA A MONSOON RAINFOREST BOOK/MONSOON FOREST BOOK IMAGES/Barringtonia asiatica 1 Tangkoko.jpg","/Volumes/Crucial X10/SD/# A A COMPLETED/Barringtonia asiatica/_1130477 Barringtonia asiatica Stuart Park.JPG","/Volumes/Crucial X10/SD/# A A COMPLETED/Barringtonia asiatica/SELECT/Barringtonia asiatica (389).d.jpg","","","","","A","loose photograph","","3240x4320","gallery option","Species named in the filename.","E076-04","0f26e77efea1e7b2857bd845b05dc1a85d78544d053d8140588c2d74b1abd4f4","A","loose photograph","","4000x3000","gallery option","Species named in the filename.","E076-05","a26f0dc039466b42ad086b0aadaeea59299d1e731ec9e3ba42aa806f185a8e5a","A","loose photograph","","1599x1599","gallery option","Species named in the filename.","E076-06","3ded3a7f3e847ea7ffe20d9f891071ab7afcb630167614d14b2b62db2184d1a5","","","","","","","","","","","","","","","","","","","","","","","","","","","","","","","","","3","3","0","Supported loose additions","Young plant, full adult-tree shape and a closer flower interior provide useful additions.","plant-651ae991c672f424","14","",""
"Batis argillicola","/Volumes/Crucial X10/HD/AA NATIVE PLANTS OF NA 2021/FINAL FULL DRAFT/PROOF Native Plants of N Australia-PDF.pdf","","","","","","","A","book image","PDF page 126; printed page 125; page-object index 1 (zero-based)","387x573","low-resolution fallback","Photograph positioned with the authored species account in the book proof.","B-p126-o1","","","","","","","","","","","","","","","","","","","","","","","","","","","","","","","","","","","","","","","","","","","","","","","","","","2","2","0","Book addition only","No new loose photograph; the older book gives a wider upright fruiting/leafy stem, with modest added context.","plant-ca81390191c5b3b9","2","",""
"Berrya javanica","/Volumes/Crucial X10/SD/# A A COMPLETED/Berrya javanica/P1030240.JPG","","","","","","","B","loose photograph","","4864x3648","gallery option","Association through the named source folder or historical-name trail.","E078-02","c4440c17ee6f52db72ff1a5d1eb2b8f617d174b1c1306839168edc73fde53cd0","","","","","","","","","","","","","","","","","","","","","","","","","","","","","","","","","","","","","","","","","","","","","","","","","2","2","0","Supported loose additions","All loose candidates are similar fruit-cluster views. Candidate 2 provides somewhat wider leaf/branch context, but expansion value is limited.","plant-dc6fbf52fb3bcbb7","5","",""
"Blakella confertiflora","/Volumes/Crucial X10/SD/# A A A A NPNA 2026 NEW PHOTOS/1 1 1 1 1 BOT GDNS 10.9.2026/Blakella conferiflora/P1170227.JPG","/Volumes/Crucial X10/SD/C C C/Corymbia confertilora/_1130369 #Corymbia confertiflora.JPG","/Volumes/Crucial X10/WILDLIFE/Fig Bird in Corymbia polysciada/_1130931 Fig Bird in Corymbia confertiflora.JPG","","","","","B","loose photograph","","4864x3648","gallery option","Association through the named source folder or historical-name trail; Name spelling, abbreviation or historical combination needs retaining in provenance.","E079-04","16834efb28eea5687bb5a75c37cf9f64e4b490d8d98888a8ce444ee7bb96bee1","B","loose photograph","","4000x3000","gallery option","Species named in the filename; Name spelling, abbreviation or historical combination needs retaining in provenance.","E079-06","d287e4246abc6b8bc814bc5c57aab3fedd5b0635e9abc17275693ad2601ba0f7","C","loose photograph","","4000x3000","identification-review lead","Species named in the filename; Name spelling, abbreviation or historical combination needs retaining in provenance; Byte-identical image also labelled for Blakella polysciada; resolve competing allocation.","E079-11","7878115792d82aef7501129da3a7abe854d52da6234073f45f6865a1e4604684","","","","","","","","","","","","","","","","","","","","","","","","","","","","","","","","","2","2","0","Supported loose additions","Trunk/crown architecture and closer flower detail add context. Source Corymbia labels are historical-name leads. Additional figbird photograph offers ecological context under the older Corymbia name.","plant-077678b4c46fd14d","17","",""
"Blakella grandifolia","/Volumes/Crucial X10/SD/C C C/Corymbia grandifolia/P1060931.JPG","/Volumes/Crucial X10/SD/C C C/Corymbia grandifolia/P1060927.JPG","/Volumes/Crucial X10/SD/C C C/Corymbia grandifolia/P1060930.JPG","","","","","B","loose photograph","","4864x3648","gallery option","Association through the named source folder or historical-name trail; Name spelling, abbreviation or historical combination needs retaining in provenance.","E080-02","7b1dcd560bc4c0c3042f3e12eee1a3e725504d4d259391387d6cff34fc1657aa","B","loose photograph","","4864x3648","gallery option","Association through the named source folder or historical-name trail; Name spelling, abbreviation or historical combination needs retaining in provenance.","E080-05","c427f5046999271d269244618e7263338a2a2e7f4a980c8bfb422779970c1277","B","loose photograph","","4864x3648","gallery option","Association through the named source folder or historical-name trail; Name spelling, abbreviation or historical combination needs retaining in provenance.","E080-09","6cb4d53b4bd2591e6b8458eb6db778a9f6a67333d863efed903ee346215170cf","","","","","","","","","","","","","","","","","","","","","","","","","","","","","","","","","3","3","0","Supported loose additions","Smooth bark detail and foliage/crown structure complement habit, flowers and fruit. Additional sequence has smooth bark detail.","plant-e314b135f9f6dd31","4","",""
"Blakella kombolgiensis","/Volumes/Crucial X10/HD/# COMPLETE NPNA NEW ED 2026/A. A. PHOTOS AND IMAGES/D. PLANT DESCRIPTIONS GENERA A-Z/BB/Blakella kombolgiensis (prev. Corymbia kombolgiensis) (use 2022 fruit pic)/PICK/EXTRA/Blakella kombolgiensis.3899.GF.JPG","","","","","","","A","loose photograph","","4484x4309","gallery option","Species named in the filename.","E081-01","816d6eabf647c894065f859d458b81b49dc2fb91a86d887fb99052bcf67840af","","","","","","","","","","","","","","","","","","","","","","","","","","","","","","","","","","","","","","","","","","","","","","","","","3","3","0","Supported loose additions","Clear open-flower detail fills a gap alongside current fruit, bark and habit.","plant-c709d9434ef5122d","4","",""
"Blakella polysciada","/Volumes/Crucial X10/WILDLIFE/Fig Bird m & f/SELECT/PICKXX/Fig Bird on Blakella polysciada.933.a.JPG","/Volumes/Crucial X10/SD/B B B/Blakella polysciada/P1150782.JPG","/Volumes/Crucial X10/SD/C C C/Corymbia polysciada (prev. E. clavigera) 19.8.2024/_1070357.JPG","/Volumes/Crucial X10/SD/B B B/Blakella polysciada/P1150783.JPG","","","","A","loose photograph","","1743x2324","gallery option","Species named in the filename.","E082-02","152fe8e6ab066543b7ef32768c5ff030a1f8aa368e9841a1eaa93ea08dcce4de","B","loose photograph","","4864x3648","gallery option","Association through the named source folder or historical-name trail.","E082-05","322f8e192db6b104d824417326536e6656b35fa0c60e823b020bafd799a955a0","B","loose photograph","","4000x3000","gallery option","Association through the named source folder or historical-name trail; Name spelling, abbreviation or historical combination needs retaining in provenance.","E082-04","fd591389ac1d56e3c93d264092f106a265f0421333087552732e665be1f5d239","B","loose photograph","","4864x3648","gallery option","Association through the named source folder or historical-name trail.","E082-08","4abc8731b4e4521554058b852b50213252bc66b63d3e8c88294161b3d9f868bb","","","","","","","","","","","","","","","","","","","","","","","","","4","3","1","Supported loose additions","Trunk/bark, figbird association and wider hanging foliage are useful. Current gallery item 4 is a distribution map, so four displayed items are only three plant photographs. Additional sequence has trunk/bark detail.","plant-81ec04a603f2989f","17","",""
"Blechnum orientale","/Volumes/Crucial X10/SD/HABITATS/SELECT/20240926_174226 Macar involu, Blechnum orientale, Carallia, Black W, Mel leuc, Loph lacti, Term micro.jpg","/Volumes/Crucial X10/SD/B B B/Blechnum orientale/P1020790.JPG","","","","","","A","loose photograph","","4000x3000","gallery option","Species named in the filename.","E083-02","39f5a895d442b3fc19242bd21ac81630c097bab97701fc31b13f2658c08dd1d0","B","loose photograph","","4864x3648","gallery option","Association through the named source folder or historical-name trail.","E083-04","e29bf6f709f6b69d364e2debb9c73d9d491ceaafd775c7d17387baad4a38b935","","","","","","","","","","","","","","","","","","","","","","","","","","","","","","","","","","","","","","","","","1","1","0","Supported loose additions","Frond detail and a closer clump/understorey view complement the current distant habit photograph.","plant-a68efd593d6a177c","6","",""
"Blepharocarya depauperata","/Volumes/Crucial X10/SD/B B B/Blephocareya depauperata Ridge at Humpty Doo 23.1.25/_1250666.JPG","/Volumes/Crucial X10/SD/B B B/Blephocareya depauperata Ridge at Humpty Doo 23.1.25/_1250657.JPG","/Volumes/Crucial X10/HD/# COMPLETE NPNA NEW ED 2026/A. A. PHOTOS AND IMAGES/B. PLANT COMMUNITIES/B. LOWLAND HABITATS/Blepharocarya depauperat habitat.WB.JPG","/Volumes/Crucial X10/SD/B B B/Blephocareya depauperata Ridge at Humpty Doo 23.1.25/_1250658.JPG","","","","B","loose photograph","","4000x3000","gallery option","Association through the named source folder or historical-name trail; Name spelling, abbreviation or historical combination needs retaining in provenance.","E084-02","17dd30262aa5c02532c985a94df948e523ac7564464dd3aa036cc7d8491f850d","B","loose photograph","","4000x3000","gallery option","Association through the named source folder or historical-name trail; Name spelling, abbreviation or historical combination needs retaining in provenance.","E084-06","9b2a959eda55991872a9a73facd245c85ea5faf0e3e8cdcc10fd9ebdaef2ebf3","B","loose photograph","","5472x3648","gallery option","Species named in the filename; Name spelling, abbreviation or historical combination needs retaining in provenance.","E084-01","6c5c222710db49b0dc3075ff13ae8ed0cac729442eb9835127583d62f85ab88b","B","loose photograph","","4000x3000","gallery option","Association through the named source folder or historical-name trail; Name spelling, abbreviation or historical combination needs retaining in provenance.","E084-11","a9cee80cee3178eeecaab7f78eca4d82a0dc2d7bbfb09881e45e8f5a1d78406d","","","","","","","","","","","","","","","","","","","","","","","","","3","3","0","Supported loose additions","Detached winged fruit, trunk and wider habitat provide clear additional dimensions. Spelling variants require documentary review. Additional sequence has bark detail.","plant-a91130ff1e4aa418","9","",""
"Bombax ceiba","/Volumes/Crucial X10/SD/B B B/Bombax ceiba/SELECT/PICK/Bombax ceiba.b.JPG","/Volumes/Crucial X10/SD/B B B/Bombax ceiba/_1120846 Bombax ceiba.JPG","/Volumes/Crucial X10/HD/AA NATIVE PLANTS OF NA 2021/FINAL FULL DRAFT/PROOF Native Plants of N Australia-PDF.pdf","","","","","A","loose photograph","","3442x2582","gallery option","Species named in the filename.","E085-01","6366278111af74b4747692af901733ca5c97da6b96b9674eae0d7291e58f2478","A","loose photograph","","4000x3000","gallery option","Species named in the filename.","E085-04","212c7da89897a8b16b9b0c68f216939a4b81d4f686982d7abc639c54d38ffa2e","A","book image","PDF page 129; printed page 128; page-object index 2 (zero-based)","566x568","low-resolution fallback","Photograph positioned with the authored species account in the book proof.","B-p129-o2","","","","","","","","","","","","","","","","","","","","","","","","","","","","","","","","","","3","3","0","Supported loose additions","Flower interior, emerging foliage on branches and the older adult tree in leaf are useful additions.","plant-cb625a8cfc3543c5","8","",""
"Boronia grandisepala","/Volumes/Crucial X10/HD/AA NATIVE PLANTS OF NA 2021/FINAL FULL DRAFT/PROOF Native Plants of N Australia-PDF.pdf","","","","","","","A","book image","PDF page 130; printed page 129; page-object index 2 (zero-based)","567x566","low-resolution fallback","Photograph positioned with the authored species account in the book proof.","B-p130-o2","","","","","","","","","","","","","","","","","","","","","","","","","","","","","","","","","","","","","","","","","","","","","","","","","","1","1","0","Book addition only","The older book contains a different flowering-stem view; no new loose photograph found.","plant-d73b37e390dcfad9","3","",""
"Boronia lanuginosa","/Volumes/Crucial X10/SD/B B B/Boronia lanuginosa/Boronia lanuginosa 3 Hidden Island.jpg","/Volumes/Crucial X10/SD/B B B/Boronia lanuginosa/Boronia lanuginosa Jar Is IM.jpg","","","","","","A","loose photograph","","4000x3000","gallery option","Species named in the filename.","E087-01","4cddf8584e1c4af8360e30d15c56137bdfc81d5ab5140f23a4998cc71b9726af","A","loose photograph","","4320x3240","gallery option","Species named in the filename.","E087-02","e086794ad315e1fc278c965e906710d1f01d62b0bee5626de654b25137474ceb","","","","","","","","","","","","","","","","","","","","","","","","","","","","","","","","","","","","","","","","","1","1","0","Supported loose additions","Pink-flowered views with clear fine foliage differ from the existing pale flower photograph; retain colour/stage as source evidence, not a taxonomic conclusion.","plant-49ba8de13370a0ac","5","",""
"Brachychiton collinus","/Volumes/Crucial X10/SD/# A A A A NPNA 2026 NEW PHOTOS/WILLIE BURGESS Plants of the nt photos/Malvaceae Brachychiton Helicteres Hibiscus sterculia Thespesia Abelmoschus Abutilon Adansonia Gossypium Urena/Brachychiton/Brachychiton collinus 5088.JPG","/Volumes/Crucial X10/SD/# A A A A NPNA 2026 NEW PHOTOS/WILLIE BURGESS Plants of the nt photos/Malvaceae Brachychiton Helicteres Hibiscus sterculia Thespesia Abelmoschus Abutilon Adansonia Gossypium Urena/Brachychiton/Brachychiton collinus 5083.JPG","/Volumes/Crucial X10/SD/# A A A A NPNA 2026 NEW PHOTOS/WILLIE BURGESS Plants of the nt photos/Malvaceae Brachychiton Helicteres Hibiscus sterculia Thespesia Abelmoschus Abutilon Adansonia Gossypium Urena/Brachychiton/Brachychiton collinus 5096.JPG","","","","","A","loose photograph","","5472x3648","gallery option","Species named in the filename.","E088-02","3c7c1276565f268b14b60828e1df304459cafb4f286e50f1ce8a8fad97d63fb2","A","loose photograph","","5472x3648","gallery option","Species named in the filename.","E088-01","b40482ae1f34b8919e2f9cc7eb1f3cfd451adab2620ef96e97fb5e647cc5018e","A","loose photograph","","5472x3648","gallery option","Species named in the filename.","E088-08","f497a28fb6ec5bc3a51a99db4f006055e317cc535b0147d111a91a58bbbcc84f","","","","","","","","","","","","","","","","","","","","","","","","","","","","","","","","","3","3","0","Supported loose additions","Bark detail and sparse branching/reproductive growth offer possible additions; wider rocky habit mostly overlaps current coverage. Additional named file gives close bark texture.","plant-ce2b4389c3dbd98e","5","",""
"Brachychiton diversifolius","/Volumes/Crucial X10/SD/B B B/Brachychiton diversifolius/_1090920 Brachychiton diversifolius.JPG","/Volumes/Crucial X10/SD/# A A A A NPNA 2026 NEW PHOTOS/A A A BOT GDNS 2.8.2026/Brachychiton diversifolius.981.JPG","/Volumes/Crucial X10/SD/B B B/Brachychiton diversifolius/_1090941 Brachychiton diversifolius.a.JPG","/Volumes/Crucial X10/HD/AA NATIVE PLANTS OF NA 2021/FINAL FULL DRAFT/PROOF Native Plants of N Australia-PDF.pdf","/Volumes/Crucial X10/SD/B B B/Brachychiton diversifolius/_1090934.JPG","","","A","loose photograph","","4000x3000","gallery option","Species named in the filename.","E089-04","0374528fe2b93eac0896a113a39bd6716d65ce097d36691df8241ac912cf9eea","A","loose photograph","","4864x3648","gallery option","Species named in the filename.","E089-05","fca911ce59576b4e816830db4320a700d2a44c6bb9a7d5e5e02cbd6d3d3de73f","A","loose photograph","","2426x1941","gallery option","Species named in the filename.","E089-06","54ff524761c3c22e49443e66e8e586e50900876fee013af5e60a0bdb21ba33d8","A","book image","PDF page 131; printed page 130; page-object index 1 (zero-based)","566x571","low-resolution fallback","Photograph positioned with the authored species account in the book proof.","B-p131-o1","","B","loose photograph","","4000x3000","gallery option","Association through the named source folder or historical-name trail.","E089-12","34a84046c16392a500acd5570e53f74508aba1a87e040cc1f50b0a43cc1dd5df","","","","","","","","","","","","","","","","","2","2","0","Supported loose additions","Closed fruit on the tree, emptied pods, newly opening fruit and whole-tree habit extend current flowers and seeded pods. Additional sequence has opened dark pods.","plant-8fb25b63b9b2be2c","8","",""
"Brachychiton megaphyllus","/Volumes/Crucial X10/HD/# COMPLETE NPNA NEW ED 2026/A. A. PHOTOS AND IMAGES/C. HERO SHOTS A-Z/BB/PICK/Yellow Oriole eating seeds of Red-flowered Kurrajong, Brachychiton megaphyllus.370.a.JPG","/Volumes/Crucial X10/SD/# A A A A NPNA 2026 NEW PHOTOS/A A A A A Olive-backed Oriole, Austral Figbird, Brachy mega, 20.8.2026/Olive-backed Oriole on Brachychiton megaphyllus/SELECT/SELECT 2/PICK 1/PICK 2/Olive-backed Oriole on Brachychiton megaphyllus.166.a.JPG","/Volumes/Crucial X10/SD/B B B/Brachychiton megaphyllus/Select/Brachychiton megaphyllus.235.b.JPG","","","","","A","loose photograph","","1370x1713","gallery option","Species named in the filename.","E090-01","06943a1d133d6e41359ab96ddc505bd0fc733160c6098ef6a24f5eb69fe22ec5","A","loose photograph","","2232x2790","gallery option","Species named in the filename.","E090-11","0b42c6cfd25112e05e7a39d81cdd4e6002c5cc702d09741725ed01bc3c9a5d42","A","loose photograph","","3474x2605","gallery option","Species named in the filename.","E090-12","c5b3700f4be853f28d2eac0e84976715065bda1da9c2e4bc1f276feba701e01e","","","","","","","","","","","","","","","","","","","","","","","","","","","","","","","","","4","3","1","Supported loose additions","Oriole using the fruit adds ecological context. Other bird exposures are alternatives. Current gallery item 4 is a distribution map, not a fourth plant photograph. Additional named photographs show oriole interaction and opened seed pods.","plant-7dd6edb0cbfd7a62","23","",""
"Breynia cernua","/Volumes/Crucial X10/SD/# A A A A NPNA 2026 NEW PHOTOS/WILLIE BURGESS Plants of the nt photos/Phyllanthaceae Antideama Endospermum Glocidon Macaranga Mallotus Margaritaria Surgada/Breynia cernua 657.JPG","","","","","","","A","loose photograph","","5472x3648","gallery option","Species named in the filename.","E091-04","c0078c523cb4c2b30aeeeb3757fb2db187a9a1e052a85061e1f3a7c94bb13ef3","","","","","","","","","","","","","","","","","","","","","","","","","","","","","","","","","","","","","","","","","","","","","","","","","2","2","0","Supported loose additions","Whole understorey shrub is the main addition; most remaining candidates repeat fruiting twigs.","plant-d812ed2eeb37ba5f","6","",""
"Bridelia tomentosa","/Volumes/Crucial X10/SD/B B B/Bridelia tomentosa/P1000765.JPG","/Volumes/Crucial X10/SD/B B B/Bridelia tomentosa/_1290308.JPG","","","","","","B","loose photograph","","4864x3648","gallery option","Association through the named source folder or historical-name trail.","E092-02","e215fa66a6b39c4bcccc36d57de5bafc3831199a9250131f28d26be3174120f1","B","loose photograph","","4000x3000","gallery option","Association through the named source folder or historical-name trail.","E092-06","4f0e7460e5ca07948101f1b84e838296006f194ce25c0c60ff300fc2ec457d1a","","","","","","","","","","","","","","","","","","","","","","","","","","","","","","","","","","","","","","","","","2","2","0","Supported loose additions","Developing fruit and wider leafy habit complement ripe black fruit close-ups.","plant-c9731d527539681b","6","",""
"Bruguiera exaristata","/Volumes/Crucial X10/HD/AA NATIVE PLANTS OF NA 2021/FINAL FULL DRAFT/PROOF Native Plants of N Australia-PDF.pdf","","","","","","","A","book image","PDF page 133; printed page 132; page-object index 1 (zero-based)","567x387","low-resolution fallback","Photograph positioned with the authored species account in the book proof.","B-p133-o1","","","","","","","","","","","","","","","","","","","","","","","","","","","","","","","","","","","","","","","","","","","","","","","","","","1","1","0","Book addition only","Older book flower/foliage view differs from the existing pale reproductive detail; no new loose file.","plant-7070ab5f70437084","2","",""
"Buchanania arborescens","/Volumes/Crucial X10/SD/B B B/Buchanania arborescens/Select/Buchanania arborescens.a.JPG","/Volumes/Crucial X10/SD/B B B/Buchanania arborescens/_1070942 Buchanania arborescens.JPG","","","","","","A","loose photograph","","3739x2804","gallery option","Species named in the filename.","E094-02","3c504181b2191b5f47b04ca52d4229f77619dfb2db6797237da639c6f47a8eb6","A","loose photograph","","4000x3000","gallery option","Species named in the filename.","E094-04","607d68f09d12b50084925d7afc4ad257b8597f74ed5cef46ee1c4c2ea6868843","","","","","","","","","","","","","","","","","","","","","","","","","","","","","","","","","","","","","","","","","2","2","0","Supported loose additions","Closer open flowers and broader leaf/branch context offer modest additions.","plant-35f8973d22a72be3","8","",""
"Buchanania obovata","/Volumes/Crucial X10/HD/AA NATIVE PLANTS OF NA 2021/FINAL FULL DRAFT/PROOF Native Plants of N Australia-PDF.pdf","/Volumes/Crucial X10/SD/B B B/Buchanania obovata/P1190755.JPG","/Volumes/Crucial X10/SD/B B B/Buchanania obovata/_1020797.JPG","","","","","A","book image","PDF page 136; printed page 135; page-object index 1 (zero-based)","567x569","low-resolution fallback","Photograph positioned with the authored species account in the book proof.","B-p136-o1","","B","loose photograph","","4000x3000","gallery option","Association through the named source folder or historical-name trail.","E095-05","05a062ee32efa29fe671e3287b6a56eedb87f2f8c6a0c0bbc81202138bf7704b","B","loose photograph","","4000x3000","gallery option","Association through the named source folder or historical-name trail.","E095-03","2ec31de6aa5659da100d47d168c6a9d2374ba9c64b854ebd9244730f50048258","","","","","","","","","","","","","","","","","","","","","","","","","","","","","","","","","2","2","0","Supported loose additions","Red young leaves, reproductive branch detail and the older fruit-bearing foliage view are useful options.","plant-7ac1631be5c02100","6","",""
"Buchnera linearis","/Volumes/Crucial X10/SD/B B B/Buchnera linearis/_1270218.JPG","","","","","","","B","loose photograph","","4000x3000","gallery option","Association through the named source folder or historical-name trail.","E096-03","edefb96021df2f676c8a390852df9a663184f54460ab4eea42015f6a9effdb1a","","","","","","","","","","","","","","","","","","","","","","","","","","","","","","","","","","","","","","","","","","","","","","","","","2","2","0","Supported loose additions","Full flowering stem in grassland gives habitat and scale; other frames repeat flower close-ups.","plant-ef651919a12089ac","3","",""
"Caesalpinia bonduc","/Volumes/Crucial X10/HD/# COMPLETE NPNA NEW ED 2026/A. A. PHOTOS AND IMAGES/D. PLANT DESCRIPTIONS GENERA A-Z/CC/Caesalpinia bonduc/PICK/EXTRA/Caesalpinia bonduc.330.a.JPG","/Volumes/Crucial X10/SD/# A A A A NPNA 2026 NEW PHOTOS/WILLIE BURGESS Plants of the nt photos/Fabaceae Acacia Erythrina Jacksonia Albizia Bossiaea Caseapinia Cathormion Erythrophleum Jacksonia Millettia Mucuna Senna Sesbania  Sophora Tamarindus/Caesalpinia bonduc 4.JPG","/Volumes/Crucial X10/SD/# A A A A NPNA 2026 NEW PHOTOS/1 1 1 1 1 1 EAST PT, HUMP DOO, BLACK JUNGLE 20.9.2026/Caesalpinia bonduc/P1170787.JPG","","","","","A","loose photograph","","2455x3273","gallery option","Species named in the filename.","E097-01","712c6168265df08fcf0cc9f7394c78225f7b7fc5059efb6bf373d8000ace475c","A","loose photograph","","5472x3648","gallery option","Species named in the filename.","E097-04","dde65698c6deb9c90b5db7bdb893c7b190213ace0ebe6fd1b90bce834f511ff9","B","loose photograph","","4864x3648","gallery option","Association through the named source folder or historical-name trail.","E097-08","40cff30ed85aa9dd3262c222cfa62e37d84710aef67a20463c085ce8fbb2b752","","","","","","","","","","","","","","","","","","","","","","","","","","","","","","","","","3","3","0","Supported loose additions","Closed prickly fruit and flower spike add stages beyond the current opened fruit and leaves. Additional sequence includes an opened prickly pod with seed.","plant-43b490d4a728a7f4","8","",""
"Calandrinia uniflora","/Volumes/Crucial X10/SD/C C C/Calandrinia uniflora VRD 27.4.25/Calandrinia uniflora Anjo Peninsula 8 IM.jpg","/Volumes/Crucial X10/SD/C C C/Calandrinia uniflora VRD 27.4.25/Calandrinia uniflora Anjo Peninsula 7 IM .jpg","","","","","","A","loose photograph","","5472x3080","gallery option","Species named in the filename.","E098-02","b1c1e37818d57f9e940d690ddfcb67816fe1b3adca8801ce1f064909978ac39a","A","loose photograph","","5472x3080","gallery option","Species named in the filename.","E098-03","ae7feee4b15c77903b73fe35827179ce78492067810ad7491d47f31df78e6b3f","","","","","","","","","","","","","","","","","","","","","","","","","","","","","","","","","","","","","","","","","1","1","0","Supported loose additions","Whole small plants and ground-level habitat add scale and foliage; repeated single-flower crops add little.","plant-1e90682964e968a5","6","",""
"Callicarpa candicans","/Volumes/Crucial X10/SD/# A A COMPLETED/Callicarpa candicans/_1240616.JPG","/Volumes/Crucial X10/SD/# A A COMPLETED/Callicarpa candicans/P1030517.JPG","","","","","","B","loose photograph","","4000x3000","gallery option","Association through the named source folder or historical-name trail.","E099-04","905b8bee3d5a812b090542e6e16ea695ca97581baf4c1260b0ef6db37ef6aca9","B","loose photograph","","4864x3648","gallery option","Association through the named source folder or historical-name trail.","E099-11","251bed555bd289e9efe5fee68c28ae78ef253812d88348ea92e55a32df1d1845","","","","","","","","","","","","","","","","","","","","","","","","","","","","","","","","","","","","","","","","","3","3","0","Supported loose additions","Wider leafy/fruiting habit is the main gap; close flowers and berries are already well represented. Additional sequence has ripe purple fruit alongside flowers.","plant-2c481f8a7e3bee62","6","",""
"Callitris intratropica","/Volumes/Crucial X10/SD/C C C/Callitris intratropica/P1010724.JPG","/Volumes/Crucial X10/SD/C C C/Callitris intratropica/P1010415.JPG","/Volumes/Crucial X10/SD/C C C/Callitris intratropica/P1010714.JPG","","","","","B","loose photograph","","4000x3000","gallery option","Association through the named source folder or historical-name trail.","E100-06","812a470b951116406844cf32fe43fd767126e39b851091521c35a7ef5fe89ff7","B","loose photograph","","4864x3648","gallery option","Association through the named source folder or historical-name trail.","E100-03","60cde095b92c94cfa19e00699ee9235253d235f74872febd392c3e050dc462e6","B","loose photograph","","4000x3000","gallery option","Association through the named source folder or historical-name trail.","E100-07","1a4a3557b16b6f991963eecaf036be3fa5cb5b5998d90ac1a5d314e4d5ff9072","","","","","","","","","","","","","","","","","","","","","","","","","","","","","","","","","2","2","0","Supported loose additions","Bark and fine foliage structure complement existing tree habit and cones. Additional sequence has dry cones among fine foliage.","plant-c8fc6e6d4b4b0bdb","8","",""
"Calophyllum sil","/Volumes/Crucial X10/SD/C C C/Calophyllum sil/Calophyllum sil Gubara.jpg","/Volumes/Crucial X10/HD/AA NATIVE PLANTS OF NA 2021/FINAL FULL DRAFT/PROOF Native Plants of N Australia-PDF.pdf","/Volumes/Crucial X10/SD/C C C/Calophyllum soulattri tbc or sil/_1030565.JPG","/Volumes/Crucial X10/SD/C C C/Calophyllum soulattri (tbc)/_1080863 Calophyllum sp sil or soulattri tbc, Robin Falls.JPG","","","","A","loose photograph","","3264x2448","gallery option","Species named in the filename.","E101-01","672e81b8a27da1b2fee2712488cd2d2dc8c8e5e4f0795bee9a4d41982f2f3b33","A","book image","PDF page 140; printed page 139; page-object index 2 (zero-based)","567x387","low-resolution fallback","Photograph positioned with the authored species account in the book proof.","B-p140-o2","","C","loose photograph","","4000x3000","identification-review lead","Association through the named source folder or historical-name trail; Source explicitly uncertain or a mixed/incorrectly labelled collection.","E101-02","1f47a10c761138260a01d45a4f6a93829e7935be7d38429efa46fa06b162a6f5","C","loose photograph","","4000x3000","identification-review lead","Association through the named source folder or historical-name trail; Source explicitly uncertain or a mixed/incorrectly labelled collection.","E101-03","707a15ece03739ae918bb95c26beb2125442c943913dc0e431f0cb3190409f1e","","","","","","","","","","","","","","","","","","","","","","","","","1","1","0","Supported loose additions","Copper new growth, foliage and flower-bearing shoots are useful but all loose leads carry unresolved identification labels. Keep the sil/soulattri distinction open; older book provides a labelled leaf view.","plant-212a0afc01a2a2bf","6","",""
"Calophyllum soulattri","/Volumes/Crucial X10/HD/AA NATIVE PLANTS OF NA 2021/FINAL FULL DRAFT/PROOF Native Plants of N Australia-PDF.pdf","/Volumes/Crucial X10/SD/C C C/Calophyllum soulattri (tbc)/_1280945.JPG","","","","","","A","book image","PDF page 140; printed page 139; page-object index 1 (zero-based)","566x565","low-resolution fallback","Photograph positioned with the authored species account in the book proof.","B-p140-o1","","C","loose photograph","","4000x3000","identification-review lead","Association through the named source folder or historical-name trail; Source explicitly uncertain or a mixed/incorrectly labelled collection.","E102-02","ba0d619eb1a2b15e8fbd1fa316633b1322d4db6c4edf016b64fe7558a5cbabc3","","","","","","","","","","","","","","","","","","","","","","","","","","","","","","","","","","","","","","","","","3","3","0","Book addition; loose leads need ID review","Bark and the older leaf-underside image add features. Loose labels are uncertain and overlap the Calophyllum sil investigation; do not allocate from appearance alone.","plant-d983d93ad33cee5d","6","",""
"Calytrix achaeta","/Volumes/Crucial X10/HD/AA NATIVE PLANTS OF NA 2021/FINAL FULL DRAFT/PROOF Native Plants of N Australia-PDF.pdf","/Volumes/Crucial X10/SD/C C C/Calytrix achaeta (tbc)/SELECT/Calytrix achaeta tbd.769.a.JPG","/Volumes/Crucial X10/SD/C C C/Calytrix achaeta (tbc)/P1000762.JPG","","","","","A","book image","PDF page 141; printed page 140; page-object index 2 (zero-based)","566x567","low-resolution fallback","Photograph positioned with the authored species account in the book proof.","B-p141-o2","","C","loose photograph","","2195x1646","identification-review lead","Association through the named source folder or historical-name trail; Source explicitly uncertain or a mixed/incorrectly labelled collection.","E103-01","0b6300133ca0d515e182826ecbc9593778b91cd03508ea30a090f8d5435aa68b","C","loose photograph","","4000x3000","identification-review lead","Association through the named source folder or historical-name trail; Source explicitly uncertain or a mixed/incorrectly labelled collection.","E103-05","fb04498952d0b694bb5ede19c4e76f5534620f8c2d2745217c81efcadd472a83","","","","","","","","","","","","","","","","","","","","","","","","","","","","","","","","","1","1","0","Book addition; loose leads need ID review","Developing/yellowing reproductive growth and whole shrub are useful uncertain-ID leads. The book supplies an authored flowering-stem association.","plant-5edf2a1c790985ae","4","",""
"Calytrix arborescens","","","","","","","","","","","","","","","","","","","","","","","","","","","","","","","","","","","","","","","","","","","","","","","","","","","","","","","","","","","","","","","","3","2","1","No distinct addition shortlisted","The one loose candidate repeats the current flower photograph. Current item 3 is a map: two plant photographs, not three. No clear new view in the inspected shortlist.","plant-1f351a5513330b5f","4","",""
"Calytrix brownii","/Volumes/Crucial X10/HD/# COMPLETE NPNA NEW ED 2026/A. A. PHOTOS AND IMAGES/D. PLANT DESCRIPTIONS GENERA A-Z/CC/Calytrix brownii/PICK/EXTRA/Calytrix brownii.2048.IC.tif","/Volumes/Crucial X10/SD/# A A A A NPNA 2026 NEW PHOTOS/WILLIE BURGESS Plants of the nt photos/Myrtacea/Calytrix/Calytrix brownii 4957.JPG","","","","","","A","loose photograph","","705x718","gallery option","Species named in the filename.","E105-01","95a738b8afd95f6e912be2c556d95d941dcfa355e893a6dde22d457a5b6dd3eb","A","loose photograph","","5472x3648","gallery option","Species named in the filename.","E105-04","c6c3adeb17cb005bea2a33121f03d9f216b3064b7e5f603cf9e69e1d177d7e23","","","","","","","","","","","","","","","","","","","","","","","","","","","","","","","","","","","","","","","","","3","3","0","Supported loose additions","Individual flower detail and whole low shrub add clear dimensions.","plant-67ee7d2c1007f662","8","",""
"Calytrix exstipulata","/Volumes/Crucial X10/SD/C C C/Calytrix exstipulata/SELECT/Calytrix exstipulata.b.jpg","","","","","","","A","loose photograph","","2473x1854","gallery option","Species named in the filename.","E106-02","781d51813fb0961194ea1e82526b46e2ad4c94568e51b39f52b3c7a44a7a27b1","","","","","","","","","","","","","","","","","","","","","","","","","","","","","","","","","","","","","","","","","","","","","","","","","3","3","0","Supported loose additions","An alternative close flower composition is available, but current gallery already covers close and whole flowering shrubs. Limited expansion value from the inspected shortlist.","plant-4e4b56a17bcbc01a","16","",""
"Calytrix megaphylla","/Volumes/Crucial X10/HD/AA NATIVE PLANTS OF NA 2021/FINAL FULL DRAFT/PROOF Native Plants of N Australia-PDF.pdf","","","","","","","A","book image","PDF page 142; printed page 141; page-object index 1 (zero-based)","566x576","low-resolution fallback","Photograph positioned with the authored species account in the book proof.","B-p142-o1","","","","","","","","","","","","","","","","","","","","","","","","","","","","","","","","","","","","","","","","","","","","","","","","","","1","1","0","Book addition only","Only current loose files; the older book offers a different close flowering composition at modest resolution.","plant-41446ea0fd79aea2","2","",""
"Canarium australianum","/Volumes/Crucial X10/SD/# A A A A NPNA 2026 NEW PHOTOS/A A A A ESPLANADE Elaeo arnh, Banyan w birds, Maske Lap, Red-c Lor in Mel arg, 24.8.2026/Pair of Australasian Figbirds perching/SELECT/PICK/Australasian Figbirds perched on Canarium australianum.tif360.a.jpeg","/Volumes/Crucial X10/HD/AA NATIVE PLANTS OF NA 2021/FINAL FULL DRAFT/PROOF Native Plants of N Australia-PDF.pdf","/Volumes/Crucial X10/SD/C C C/Canarium australianum/P1150814.JPG","/Volumes/Crucial X10/SD/C C C/Canarium australianum/_1250034.JPG","","","","A","loose photograph","","3093x3093","gallery option","Species named in the filename.","E108-01","c71e497dea7bf82e8451bf366bc3efd84bf740fe954785fa5e13bb4c0e050214","A","book image","PDF page 143; printed page 142; page-object index 2 (zero-based)","567x572","low-resolution fallback","Photograph positioned with the authored species account in the book proof.","B-p143-o2","","B","loose photograph","","4864x3648","gallery option","Association through the named source folder or historical-name trail.","E108-08","f5532665525c8ee8bf0a88d576964b05964626560b1b731097a611c71b4779f7","B","loose photograph","","4000x3000","gallery option","Association through the named source folder or historical-name trail.","E108-09","bad84a9dab0d12b75aa9f38eb27484eff5cd50b52fe3ce58e26e16fd61655f98","","","","","","","","","","","","","","","","","","","","","","","","","2","2","0","Supported loose additions","Figbird association and the older full-tree silhouette complement the existing foliage/reproductive views. Additional options include detached dark fruits/nuts and a seedling.","plant-832a4b72d8bebef6","6","",""
"Canavalia rosea","/Volumes/Crucial X10/HD/# COMPLETE NPNA NEW ED 2026/A. A. PHOTOS AND IMAGES/D. PLANT DESCRIPTIONS GENERA A-Z/CC/Canavalia rosea/PICK/EXTRA/Canavalia rosea.184.a.JPG","/Volumes/Crucial X10/SD/C C C/Canavalia rosea/P1000664.JPG","/Volumes/Crucial X10/SD/C C C/Canavalia rosea/_1250171.JPG","","","","","A","loose photograph","","3068x2454","gallery option","Species named in the filename.","E109-01","22470aa5d8e5984cca3ddfd2de28809beda47e1676f8a4d0ba3380a9c182bed7","B","loose photograph","","4864x3648","gallery option","Association through the named source folder or historical-name trail.","E109-04","e4cef215f4fc21b219d8056ad2eb357bfcac58ddc4304d73f027e43adef1e77b","B","loose photograph","","4000x3000","gallery option","Association through the named source folder or historical-name trail.","E109-11","e2cabe117b341bcdc13a74823189536b481cd94596968d654dec0408f2fbcc7d","","","","","","","","","","","","","","","","","","","","","","","","","","","","","","","","","2","2","0","Supported loose additions","Green pods and closer creeping foliage are useful additions to flowers and broad flowering groundcover. Additional sequence clearly shows green pods.","plant-8bbae9d88edd3f3f","5","",""
"Capparis jacobsii","/Volumes/Crucial X10/HD/AA NATIVE PLANTS OF NA 2021/FINAL FULL DRAFT/PROOF Native Plants of N Australia-PDF.pdf","/Volumes/Crucial X10/SD/C C C/Capparis jacobsii/C. jacobsii (or poss C. sepiaria) TBC images R Dempster/Capparis jacobsii 2 Plants Litchfield Sept 2022.JPG.JPG","","","","","","A","book image","PDF page 144; printed page 143; page-object index 2 (zero-based)","566x394","low-resolution fallback","Photograph positioned with the authored species account in the book proof.","B-p144-o2","","C","loose photograph","","4391x2476","identification-review lead","Association through the named source folder or historical-name trail; Source explicitly uncertain or a mixed/incorrectly labelled collection.","E110-04","7e8dfbd8848a73c3e1d90ebbb9e79ab54adc5efcc91c4ccd67a493b12e7dbbe4","","","","","","","","","","","","","","","","","","","","","","","","","","","","","","","","","","","","","","","","","2","2","0","Book addition; loose leads need ID review","Closer flower/leaf detail is a useful lead, but all loose candidates retain uncertain names. The older book's side-on flower is the firmer documentary option.","plant-6014eeac3f341424","6","",""
"Capparis sepiaria","/Volumes/Crucial X10/SD/# A A COMPLETED/Capparis sepiaria/SELECT/PICK/Capparia sepiaria.887.a.JPG","/Volumes/Crucial X10/SD/# A A COMPLETED/Capparis sepiaria/_1070905 Capparis sp. prob sepiaria.JPG","","","","","","B","loose photograph","","2631x1973","gallery option","Association through the named source folder or historical-name trail.","E111-03","6a91ce3fa1e737228e46b8e7f6e2b386fd737e67aa25b637fcb10a33be67cefd","C","loose photograph","","4000x3000","identification-review lead","Species named in the filename; Source explicitly uncertain or a mixed/incorrectly labelled collection; Byte-identical image also labelled for Smilax australis; resolve competing allocation.","E111-02","85796e2c465db3d5476494848b2883bbeda65c38861978ecc526b72e33963eb7","","","","","","","","","","","","","","","","","","","","","","","","","","","","","","","","","","","","","","","","","2","2","0","Supported loose additions","Wider leafy habit and developing flower/bud cluster add context and stage.","plant-99b42d39ed28ba31","21","",""
"Capparis umbonata","/Volumes/Crucial X10/SD/# A A A A NPNA 2026 NEW PHOTOS/WILLIE BURGESS Plants of the nt photos/Capparaceae Capparis/Capparis umbonata 2401.JPG","/Volumes/Crucial X10/SD/# A A A A NPNA 2026 NEW PHOTOS/WILLIE BURGESS Plants of the nt photos/Capparaceae Capparis/Capparis umbonata2198.JPG","","","","","","A","loose photograph","","5472x3648","gallery option","Species named in the filename.","E112-03","8a70ebc8f8f691eaa2c9284499fa97a3547e689df54c90a14bbe083778fa9338","A","loose photograph","","5472x3648","gallery option","Species named in the filename.","E112-04","97bf8a5285ccd9546b325d316e1387ed2216cf1dce6ef9c5ea18355f5fd81352","","","","","","","","","","","","","","","","","","","","","","","","","","","","","","","","","","","","","","","","","2","2","0","Supported loose additions","Drooping habit and a single side-on flower showing long stamens complement existing views.","plant-6f9e2b747b44c98c","11","",""
"Carallia brachiata","/Volumes/Crucial X10/SD/AA FB POSTS/FOUR O'CLOCK MOTH & CARALLIA BRACHIATA/2. Four O'clock Moth Caterpillar on Carallia brachiata leaf.291a.JPG","/Volumes/Crucial X10/SD/C C C/Carallia brachiata/_1080847 Carallia brachiata.JPG","/Volumes/Crucial X10/SD/C C C/Carallia brachiata (NB to 25m in Flora NT)/4 O'clock Moth on Carallia, Frogs Hollow, 13.6.25/SELECT/PICK/Four O'clock Moth on Carallia branch.141.a.JPG","/Volumes/Crucial X10/SD/C C C/Carallia brachiata (NB to 25m in Flora NT)/20250613_145424.jpg","","","","A","loose photograph","","3563x2672","gallery option","Species named in the filename.","E113-03","aea80a2b6dcc850795108032a1e990cb19c4005a1a98b705bcd17d37349c0078","A","loose photograph","","4000x3000","gallery option","Species named in the filename.","E113-04","363786bee7ef814b2f5e9a7b6f47bec917e3460171b066f993c45ca3ad387d32","B","loose photograph","","1342x1006","gallery option","Association through the named source folder or historical-name trail.","E113-09","dd49475d77c33e98fb455cedfb54e41dd3d127cfe9e47039899bf74e8590ac40","B","loose photograph","","4000x3000","gallery option","Association through the named source folder or historical-name trail.","E113-08","b16fd5a39f72ff16a6dfcd332d892f03a51868d0550c740c2bb91431e00ec984","","","","","","","","","","","","","","","","","","","","","","","","","3","3","0","Supported loose additions","Four-o'clock moth caterpillar adds a different life stage; fruiting/leafy branch adds plant detail. Other moth exposures repeat the current adult-moth subject. Additional moth-on-bark and whole-tree images offer ecology and habit.","plant-776da139e24d8dea","14","",""
"Carpentaria acuminata","/Volumes/Crucial X10/WILDLIFE/Pied Imperoal Pigeons on Carpentaria acuminata 12.2024 & 1.2026/SELECT/Pied Imperial Pigeon on Carpentaria acuminata.tif921.b.jpeg","/Volumes/Crucial X10/HD/# COMPLETE NPNA NEW ED 2026/A. A. PHOTOS AND IMAGES/D. PLANT DESCRIPTIONS GENERA A-Z/CC/Carpentaria acuminata/PICK/EXTRA/1.a Carpentaria acuminata.tif790.aa.jpg","","","","","","A","loose photograph","","1482x1976","gallery option","Species named in the filename.","E114-03","cd7d6ed5fcba55a4110b129011f018f55be5fd7081a82be17a373c36775fed29","A","loose photograph","","1747x2329","gallery option","Species named in the filename.","E114-01","49e8bcd600d6f7ee9dd3032ac50f38d0fa32fac6e367906143624d89f430d58a","","","","","","","","","","","","","","","","","","","","","","","","","","","","","","","","","","","","","","","","","2","2","0","Supported loose additions","Pigeon feeding on fruit and the palm bearing fruit at different ripening stages are useful additions.","plant-ce7ef4e6793fab79","12","",""
"Cassytha filiformis","/Volumes/Crucial X10/SD/C C C/Cassytha filiformis LAUR Dodder Laurel 13.2.25/_1270026.JPG","","","","","","","B","loose photograph","","4000x3000","gallery option","Association through the named source folder or historical-name trail.","E115-04","4cdaaa18a80ef1bf9c35e72a7d6d68daa19c6c4997a5ac3375ae5c9c50e8d117","","","","","","","","","","","","","","","","","","","","","","","","","","","","","","","","","","","","","","","","","","","","","","","","","2","2","0","Supported loose additions","Closer stem and fruit/node detail is more useful than further tangled-vine habit views.","plant-74fc5d84bceb7aa0","3","",""
"Casuarina cunninghamiana","/Volumes/Crucial X10/HD/# COMPLETE NPNA NEW ED 2026/A. A. PHOTOS AND IMAGES/D. PLANT DESCRIPTIONS GENERA A-Z/CC/Casuarina cunninghamiana/PICK/EXTRA/Casuarina cunninghamiana bark.236.a.JPG","/Volumes/Crucial X10/HD/AA NATIVE PLANTS OF NA 2021/FINAL FULL DRAFT/PROOF Native Plants of N Australia-PDF.pdf","/Volumes/Crucial X10/SD/C C C/Casuarina cunninghamiana Macarthur R 7.7.25/P1070235.JPG","","","","","A","loose photograph","","4172x3129","gallery option","Species named in the filename.","E116-01","5da7c93e5576ea80e041945c9623455176f8f4a3b82c2ad06c86575cc9e8bf8a","A","book image","PDF page 147; printed page 146; page-object index 2 (zero-based)","567x569","low-resolution fallback","Photograph positioned with the authored species account in the book proof.","B-p147-o2","","B","loose photograph","","4864x3648","gallery option","Association through the named source folder or historical-name trail.","E116-07","de598590e6fe99eb09edbfcfb3937e4df93e39d1724f6a805bcfdca3f7c3b5fc","","","","","","","","","","","","","","","","","","","","","","","","","","","","","","","","","2","2","0","Supported loose additions","Bark and the older tree/cone composite add features. Do not select candidate 4 without resolving its Casuarina equisetifolia label against this cunninghamiana account. Additional sequence includes trunk/bark detail.","plant-e3e320221a030c64","6","",""
"Casuarina equisetifolia","/Volumes/Crucial X10/WILDLIFE/Friar Bird/SELECT/Friar Bird on Casuarina equisetifolia.b.jpg","/Volumes/Crucial X10/HD/# COMPLETE NPNA NEW ED 2026/A. A. PHOTOS AND IMAGES/C. HERO SHOTS A-Z/CC/PICK/EXTRAS/Fig Bird on Casuarina equisetifolia.433.a.JPG","/Volumes/Crucial X10/HD/# COMPLETE NPNA NEW ED 2026/A. A. PHOTOS AND IMAGES/C. HERO SHOTS A-Z/CC/PICK/Female Red-tailed Black Cockatoo eating seeds of Casuarina equisetifolia.236.b.JPG","/Volumes/Crucial X10/HD/AA NATIVE PLANTS OF NA 2021/FINAL FULL DRAFT/PROOF Native Plants of N Australia-PDF.pdf","","","","A","loose photograph","","2239x1680","gallery option","Species named in the filename.","E117-04","9f099263f8709a8977219fa5b046e08d9bf5413ae909ff7dbb6d1ef2901f5ce1","A","loose photograph","","1578x2104","gallery option","Species named in the filename.","E117-05","b91d8bce0775ce00bc06fa58f89990ddefd8f9db25f5b3d9fb2826482e4dd723","A","loose photograph","","1080x1440","gallery option","Species named in the filename.","E117-07","55fc6ec02253d47e0f1fa031c500568380835bd4d9d20fe47b252f8f3cb020b4","A","book image","PDF page 148; printed page 147; page-object index 2 (zero-based)","567x569","low-resolution fallback","Photograph positioned with the authored species account in the book proof.","B-p148-o2","","","","","","","","","","","","","","","","","","","","","","","","","","3","3","0","Supported loose additions","Friarbird and figbird are ecological alternatives to existing cockatoos. The older fruit/cone-bearing branch is more useful for identification than more bird portraits. Additional named cockatoo interaction is available.","plant-20b86623318418e7","21","",""
"Cathormion umbellatum","/Volumes/Crucial X10/SD/C C C/Cathormion umbellatum/Cathormion umbellatum IM.jpg","/Volumes/Crucial X10/SD/# A A A A NPNA 2026 NEW PHOTOS/WILLIE BURGESS Plants of the nt photos/A Landscapes of the nt photos/Cathormion umbellatum 4459.JPG","/Volumes/Crucial X10/SD/C C C/Cathormion umbellatum/P1040951.JPG","","","","","A","loose photograph","","1920x2560","gallery option","Species named in the filename.","E118-01","e7cec42a733193843c9ff2241ed78e68ea24c0b8f174510d51d91f518b7bba99","A","loose photograph","","5472x3648","gallery option","Species named in the filename.","E118-02","eb34a92137e3792a661ebec5d113537eac2c1fad6e73376dc534543040114764","B","loose photograph","","4864x3648","gallery option","Association through the named source folder or historical-name trail.","E118-10","72a510a37b4343597f92020713273bf7e28ad5b86b22ec20085a4ef41cadbfd2","","","","","","","","","","","","","","","","","","","","","","","","","","","","","","","","","2","2","0","Supported loose additions","Compound leaf structure and whole-tree habit complement close flower and fruit. Additional sequence includes a close hanging segmented pod.","plant-9df5d8397bcf764a","7","",""
"Celtis philippinensis","/Volumes/Crucial X10/HD/# COMPLETE NPNA NEW ED 2026/A. A. PHOTOS AND IMAGES/D. PLANT DESCRIPTIONS GENERA A-Z/CC/Celtis philippinensis (Use 2022 frt shot)/PICK/EXTRA/[1. Celtis philippinensis.061.WB.a].JPG","/Volumes/Crucial X10/HD/# COMPLETE NPNA NEW ED 2026/A. A. PHOTOS AND IMAGES/D. PLANT DESCRIPTIONS GENERA A-Z/CC/Celtis philippinensis (Use 2022 frt shot)/PICK/EXTRA/Celtis philippinensis.317.a.JPG","/Volumes/Crucial X10/HD/AA NATIVE PLANTS OF NA 2021/FINAL FULL DRAFT/PROOF Native Plants of N Australia-PDF.pdf","/Volumes/Crucial X10/SD/C C C/Celtis philippinensis/P1070139.JPG","/Volumes/Crucial X10/SD/HABITATS/VICTORIA RIVER REGION/AA VRD TRIP 23-30th APRIL 2025/1 Sullivans Ck, Judbarra Gregory NP, 25.4.25/1.8  Wasp on Celtis philippensis, Sullivans Ck.802.a.JPG","/Volumes/Crucial X10/SD/C C C/Celtis philippinensis/_1290040.JPG","","A","loose photograph","","3030x4040","gallery option","Species named in the filename.","E119-01","cbfec459dbe9665c602ba6aa35f93248d852b5fb83c2a6c9e6ea6d9771cd30ce","A","loose photograph","","1640x2050","gallery option","Species named in the filename.","E119-02","19db1bc0d62d39329a461bfedaa608fd5eba6c4fb4528f3b0aef12d0b42b1107","A","book image","PDF page 149; printed page 148; page-object index 2 (zero-based)","567x572","low-resolution fallback","Photograph positioned with the authored species account in the book proof.","B-p149-o2","","B","loose photograph","","4864x3648","gallery option","Association through the named source folder or historical-name trail.","E119-04","fd1f4de42ca0ed442dc2a3bf08b635711064c516ca6ef5ff11996c448ade2125","B","loose photograph","","1667x1250","gallery option","Species named in the filename; Name spelling, abbreviation or historical combination needs retaining in provenance.","E119-05","df58602f5f580401ae64768bfe33800e801475d6053ba8b98a94fe9b4e262c35","B","loose photograph","","4000x3000","gallery option","Association through the named source folder or historical-name trail.","E119-10","b29a9d7c7c5efea70a5d9008c0a86bb0f6d600e0ed61c1146917eca30cff7309","","","","","","","","","1","1","0","Supported loose additions","Flowers, green fruit, whole plant, wasp association and older red fruit could substantially expand the single foliage image. Additional sequence includes trunk/bark detail.","plant-d18431e69edc27f8","12","",""
"Cerbera manghas","/Volumes/Crucial X10/SD/# A A COMPLETED/Cerbera manghas/SELECT/PICK/Cerbera manghas Cairns #IM.jpg","/Volumes/Crucial X10/SD/# A A COMPLETED/Cerbera manghas/SELECT/Cerbera manghas.735.b.jpg","/Volumes/Crucial X10/SD/# A A COMPLETED/Cerbera manghas/SELECT/IMAGES FOR ID/green fruit_1160195.JPG","/Volumes/Crucial X10/SD/# A A COMPLETED/Cerbera manghas/SELECT/IMAGES FOR ID/cult tree, beside Dwn Golf Club P1010972.JPG","","","","A","loose photograph","","3998x2682","gallery option","Species named in the filename.","E120-01","fe4bdb8e6652c1752eae84bf3b104d6d9c6a47482ca209908586a8b1938a62b1","A","loose photograph","","2562x1922","gallery option","Species named in the filename.","E120-02","63082974ea764f59bf22b5e9b56bb9bcc77d26d0630d99e1f1927cb5dc5bc46e","B","loose photograph","","4000x3000","gallery option","Association through the named source folder or historical-name trail.","E120-10","9bd0a6c14aca436cd5b7b78ad9db41f622791ae455600d5b7792fca26e8bd54e","B","loose photograph","","4864x3648","gallery option","Association through the named source folder or historical-name trail.","E120-11","55df16b145ca125e176b180de831caa5e64f653066654497cb2d1f478bf9db22","","","","","","","","","","","","","","","","","","","","","","","","","3","3","0","Supported loose additions","Fresh green fruit and clear open flowers add useful stages. Candidate 3 is a photographed reference page, not an app photograph. Additional loose options include green attached fruits and whole cultivated tree. Web-sourced flower (8), reference page (7) and botanical illustration (9) are not treated as original gallery-photo candidates.","plant-017f8348c35e85eb","43","",""
"Ceriops australis","/Volumes/Crucial X10/HD/# COMPLETE NPNA NEW ED 2026/A. A. PHOTOS AND IMAGES/E. NEW IMAGES TO ANDREW/(add as 2nd pic) Ceriops australis 490.a.WB.JPG","","","","","","","A","loose photograph","","2736x3648","gallery option","Species named in the filename.","E121-02","1a84cfec2fe01164a8240bfa451d09e9a6425a39faf6ae0206fa94edfd19d7bb","","","","","","","","","","","","","","","","","","","","","","","","","","","","","","","","","","","","","","","","","","","","","","","","","2","2","0","Supported loose additions","Long developing propagules fill a clear gap in the present flowering/leaf gallery.","plant-d02d25656fa794c5","6","",""
"Chiloschista phyllorhiza","/Volumes/Crucial X10/HD/# COMPLETE NPNA NEW ED 2026/A. A. PHOTOS AND IMAGES/D. PLANT DESCRIPTIONS GENERA A-Z/CC/Chiloschista phyllorhiza/PICK/EXTRA/Chiloschista phyllorhiza.2718.AW.c.jpg","/Volumes/Crucial X10/HD/# COMPLETE NPNA NEW ED 2026/A. A. PHOTOS AND IMAGES/D. PLANT DESCRIPTIONS GENERA A-Z/CC/Chiloschista phyllorhiza/PICK/EXTRA/Chiloschista phyllorhiza.2725.AW.a.jpg","","","","","","A","loose photograph","","2485x3106","gallery option","Species named in the filename.","E122-01","92bdee493cef21844281f775258c3fc5dbc84afe389f5e5a78c53cb43f687e77","A","loose photograph","","3359x4703","gallery option","Species named in the filename.","E122-03","67be490ed31338c8d6e7fe24793946327b9dd51cecfaf208b40e30287fd43289","","","","","","","","","","","","","","","","","","","","","","","","","","","","","","","","","","","","","","","","","2","2","0","Supported loose additions","Wider attached roots and a full flowering stalk are useful context; the horizontal crop repeats the existing trunk photograph.","plant-bf5c391619a16453","4","",""
"Choriceras tricorne","/Volumes/Crucial X10/HD/# COMPLETE NPNA NEW ED 2026/A. A. PHOTOS AND IMAGES/D. PLANT DESCRIPTIONS GENERA A-Z/CC/Choriceras tricorne/PICK/EXTRA/Choriceras tricorne.538.a.JPG","/Volumes/Crucial X10/HD/# COMPLETE NPNA NEW ED 2026/A. A. PHOTOS AND IMAGES/D. PLANT DESCRIPTIONS GENERA A-Z/CC/Choriceras tricorne/PICK/EXTRA/Choriceras tricorne.534..JPG","","","","","","A","loose photograph","","2517x1888","gallery option","Species named in the filename.","E123-03","5cbf1106c07e44194288269c68797c156eecf8237f9fbbeccc8085f7acd0abc8","A","loose photograph","","4000x3000","gallery option","Species named in the filename.","E123-02","9e7e223275d0c0125f2373e99864bbf63f2684d7d7575482ea8c35bf57340b9f","","","","","","","","","","","","","","","","","","","","","","","","","","","","","","","","","","","","","","","","","2","2","0","Supported loose additions","Leaf structure and wider leafy habit complement current flowers and fruit.","plant-070d54eac5e98746","5","",""
"Cleome microaustralica","/Volumes/Crucial X10/HD/AA NATIVE PLANTS OF NA 2021/FOTOS/Cleome microaustralica endemic NT C. Wilson.jpg","","","","","","","A","loose photograph","","375x500","gallery option","Species named in the filename.","E124-02","1e5a623f509ff73063aa2b6de14e8a59fac4d107f237468bc811998a82064f25","","","","","","","","","","","","","","","","","","","","","","","","","","","","","","","","","","","","","","","","","","","","","","","","","2","2","0","Supported loose additions","A clearer front-on flower is available as an alternate; it adds limited new subject coverage.","plant-846d1c2e12151451","4","",""
"Clerodendrum floribundum","/Volumes/Crucial X10/SD/C C C/Clerodendrum floribundum/20240612_173822.jpg","/Volumes/Crucial X10/HD/# COMPLETE NPNA NEW ED 2026/A. A. PHOTOS AND IMAGES/D. PLANT DESCRIPTIONS GENERA A-Z/CC/Clerodendrum floribundum (incl. C. costatum)/PICK (incl C. costatum)/2. Clerodendrum costatum flwr.532.a.JPG","/Volumes/Crucial X10/SD/C C C/Clerodendrum floribundum/_1020592.JPG","","","","","B","loose photograph","","4032x3024","gallery option","Association through the named source folder or historical-name trail.","E125-06","d6eccb183815b52a324e6cd1578d74b8a37b2ffb694c58d294a955216c029b36","B","loose photograph","","3093x2320","gallery option","Association through the named source folder or historical-name trail.","E125-03","641590e7a3bed1baed4ff42ff9a38be6c945a8a299595deff9022cb54dc7e5ba","B","loose photograph","","4000x3000","gallery option","Association through the named source folder or historical-name trail.","E125-08","efeea0be7b558ba7cd780e8ca07d31b6657bdba5f10f7b5a6d29cdc572d22007","","","","","","","","","","","","","","","","","","","","","","","","","","","","","","","","","3","3","0","Supported loose additions","Whole flowering/fruiting canopy and a wider flower-bearing branch add context beyond flowers, fruit close-up and bark. Additional sequence includes a red reproductive structure among leaves.","plant-884d4309fec30b9d","12","",""
"Clerodendrum inerme","/Volumes/Crucial X10/SD/# A A A A NPNA 2026 NEW PHOTOS/WILLIE BURGESS Plants of the nt photos/Lamiaceae Clerodendrum Pityodia Vitex Wrightia Callicarpa Gmelina Plectranthus/Clerodendrum/Clerodendrum inerme 248.JPG","/Volumes/Crucial X10/SD/# A A A A NPNA 2026 NEW PHOTOS/A A A A A CASUARINA RES, LEE PT, EAST PT, VESTEY LAGOON, DUKE ST RF, 8.8.2026/Clerodendrum inerme/P1150517.JPG","/Volumes/Crucial X10/SD/# A A A A NPNA 2026 NEW PHOTOS/A A A A A CASUARINA RES, LEE PT, EAST PT, VESTEY LAGOON, DUKE ST RF, 8.8.2026/Clerodendrum inerme/P1150523.JPG","","","","","A","loose photograph","","5472x3648","gallery option","Species named in the filename.","E126-03","48d67a78350c9ee11564d501ce5190f45d902a050ec3b6d4c6e646ff6efec3bf","B","loose photograph","","4864x3648","gallery option","Association through the named source folder or historical-name trail.","E126-11","294407b0ae2ee01eccdace7dbe69afa91f42895277aa5e529166850878eaa1c6","B","loose photograph","","4864x3648","gallery option","Association through the named source folder or historical-name trail.","E126-12","f828b96cf363dfc5a9c300ce34222324fcef543c7c556336e4068db2d3caad85","","","","","","","","","","","","","","","","","","","","","","","","","","","","","","","","","1","1","0","Supported loose additions","Side-on flower/stamen arrangement is a useful alternate angle; most others repeat the one existing flower subject. Additional coastal habit and dense branch architecture offer context.","plant-0a96cbf80df0239c","10","",""
"Clerodendrum tatei","/Volumes/Crucial X10/SD/C C C/Clerodendrum tatei (prev C. holtzei)/P1200926.JPG","/Volumes/Crucial X10/SD/C C C/Clerodendrum tatei (prev C. holtzei)/SELECT/P1200923#.JPG","","","","","","B","loose photograph","","4000x3000","gallery option","Association through the named source folder or historical-name trail.","E127-06","e802aabb052e8602e0deaf22695389f0bb6c32a30315e594c41ed26219268f40","B","loose photograph","","4000x3000","gallery option","Association through the named source folder or historical-name trail.","E127-05","30105b7e02a0c3be5b30182c73a2b608d57cee86cc0bb4c8867e196099d9392d","","","","","","","","","","","","","","","","","","","","","","","","","","","","","","","","","","","","","","","","","1","1","0","Supported loose additions","Non-flowering low foliage and whole small flowering plant add habit and growth context.","plant-44864d7cd20bfa09","6","",""
"Cochlospermum fraseri","/Volumes/Crucial X10/SD/C C C/Cochlospermum fraseri/Select/Cochlospermum fraseri.d.JPG","","","","","","","A","loose photograph","","3269x2452","gallery option","Species named in the filename.","E128-02","82127f9c851e246dcd1ef766f856216802f19545b244d9fd52748faca2f58054","","","","","","","","","","","","","","","","","","","","","","","","","","","","","","","","","","","","","","","","","","","","","","","","","3","3","0","Supported loose additions","Underside/single-flower angle is the main alternative. Most loose candidates repeat the existing blue-sky flowering branches.","plant-85d371e256388375","14","",""
"Cocos nucifera","/Volumes/Crucial X10/HD/# COMPLETE NPNA NEW ED 2026/A. A. PHOTOS AND IMAGES/D. PLANT DESCRIPTIONS GENERA A-Z/CC/Cocos nucifera (NEW)/PICK/EXTRA/Cocos nucifera roots.4448.a.jpg","/Volumes/Crucial X10/HD/# COMPLETE NPNA NEW ED 2026/A. A. PHOTOS AND IMAGES/D. PLANT DESCRIPTIONS GENERA A-Z/CC/Cocos nucifera (NEW)/PICK/EXTRA/Cocus nucifera fruit flesh.745.a.JPG","/Volumes/Crucial X10/SD/C C C/Cocos nucifera/COCONUT PALM/MATURE NUT W MEAT/DSC_2739.JPG","/Volumes/Crucial X10/SD/C C C/Cocos nucifera/20240611_164603.jpg","","","","A","loose photograph","","1370x2435","gallery option","Species named in the filename.","E129-01","569814aeafbf86b16d58f106b8ddfef504d3896f4afee6d8007eccbc7b60c38d","B","loose photograph","","3025x2269","gallery option","Species named in the filename; Name spelling, abbreviation or historical combination needs retaining in provenance.","E129-04","91b38b89048d2917e641f31d668ab57b2e6bd712f74f3c5b8b5fcf38c427e5cb","B","loose photograph","","6000x4000","gallery option","Association through the named source folder or historical-name trail.","E129-07","c6e9091bdbfcd98607923e2ed02f62d4243d756da456950d3be229b78739a2af","B","loose photograph","","4032x3024","gallery option","Association through the named source folder or historical-name trail.","E129-08","f712ab2dd81fca1db2946d4fabce05d04a5f3d231dee40c0d0b1293baa5caf76","","","","","","","","","","","","","","","","","","","","","","","","","3","3","0","Supported loose additions","Opened nut showing flesh and trunk/root-base context complement whole palms, hanging fruit and germination. Additional opened coconut and exposed root mat offer internal fruit and root detail.","plant-5c8575cfc57e261a","23","",""
"Coelospermum reticulatum","/Volumes/Crucial X10/SD/C C C/Coelospermum reticulatum/P1200877.JPG","/Volumes/Crucial X10/SD/C C C/Coelospermum reticulatum/P1200883.JPG","/Volumes/Crucial X10/SD/C C C/Coelospermum reticulatum/P1200876.JPG","","","","","B","loose photograph","","4000x3000","gallery option","Association through the named source folder or historical-name trail.","E130-04","d9df7a5f111616fbad89fabf1fc9bf1e752bd36557cea36261a7b2bddb7a8eb5","B","loose photograph","","4000x3000","gallery option","Association through the named source folder or historical-name trail.","E130-05","c14de75484eb1abad11abb0450dea3582cd40b308fd01b220dff99bffc18a4db","B","loose photograph","","4000x3000","gallery option","Association through the named source folder or historical-name trail.","E130-07","a2549294612e750deeece1fa12d5101c0e74455a2b2b4bcdf8c318bf94b9b97e","","","","","","","","","","","","","","","","","","","","","","","","","","","","","","","","","2","2","0","Supported loose additions","Fruiting detail and whole shrub add to flower and leaf views. Additional sequence includes dark fruits.","plant-470a06104f04b4bf","5","",""
"Coleus scutellarioides","/Volumes/Crucial X10/HD/# COMPLETE NPNA NEW ED 2026/A. A. PHOTOS AND IMAGES/D. PLANT DESCRIPTIONS GENERA A-Z/CC/Coleus scutellarioides (prev. Plectranthus scutellarioides)/PICK/EXTRA/Coleus scutellarioides.723.a.JPG","/Volumes/Crucial X10/SD/P P P/Plectranthus scutellarioides (prev. Coleus scutellarioides)/_1270531.JPG","/Volumes/Crucial X10/SD/P P P/Plectranthus scutellarioides (prev. Coleus scutellarioides)/_1270880.JPG","","","","","A","loose photograph","","3000x4000","gallery option","Species named in the filename.","E131-02","50a85f0ec3692fba686da64f4401e361e9d2cf31b95851d0096848c4d741cde9","B","loose photograph","","4000x3000","gallery option","Association through the named source folder or historical-name trail; Name spelling, abbreviation or historical combination needs retaining in provenance.","E131-06","0cb16cee94a18a9629c57a870147bf6daa6fb404e36472074aa712adeef45fe6","B","loose photograph","","4000x3000","gallery option","Association through the named source folder or historical-name trail; Name spelling, abbreviation or historical combination needs retaining in provenance.","E131-09","3c5258e56cb8d230c00618b6874170a6f1fcfa03d696ac26aac4b048e2c73a69","","","","","","","","","","","","","","","","","","","","","","","","","","","","","","","","","1","1","0","Supported loose additions","Close flower spikes and developing spikes with foliage add detail to the existing flowering patch. Plectranthus is a former label documented in the book. Additional rocky habitat/whole-plant view is available.","plant-92d0a655fafb8538","6","",""
"Colocasia esculenta","/Volumes/Crucial X10/HD/AA NATIVE PLANTS OF NA 2021/FINAL FULL DRAFT/PROOF Native Plants of N Australia-PDF.pdf","","","","","","","A","book image","PDF page 154; printed page 153; page-object index 1 (zero-based)","566x569","low-resolution fallback","Photograph positioned with the authored species account in the book proof.","B-p154-o1","","","","","","","","","","","","","","","","","","","","","","","","","","","","","","","","","","","","","","","","","","","","","","","","","","1","1","0","Book addition only","Loose candidate repeats the current image. Older book offers a different leafy patch/plant view, with only modest additional value.","plant-e1ff74d09719c7d1","3","",""
"Commelina ensifolia","/Volumes/Crucial X10/SD/# A A COMPLETED/Commelina ensifolia/Commelina ensifolia, Litchfield NP P1180581#.JPG","/Volumes/Crucial X10/SD/# A A COMPLETED/Commelina ensifolia/SELECT/Hover Fly on a Commelina sp.DSC02485.WB.JPG","","","","","","A","loose photograph","","4000x3000","gallery option","Species named in the filename.","E133-02","7198ad4771ec6e4411090e12ec301272d6f2f6cc386d0b2c9957fbf43f9b2661","B","loose photograph","","5472x3648","gallery option","Association through the named source folder or historical-name trail.","E133-05","e7e62dab3c811795783709cbf68f70ce2bdb491635eac0c9ee455612fc71a101","","","","","","","","","","","","","","","","","","","","","","","","","","","","","","","","","","","","","","","","","1","1","0","Supported loose additions","Hoverfly visiting the flower and fuller plant/leaf arrangement complement the single close flower.","plant-d2cdb4ee5feb22cd","8","",""
"Cordia dichotoma","/Volumes/Crucial X10/SD/# A A A A NPNA 2026 NEW PHOTOS/WILLIE BURGESS Plants of the nt photos/Boraginaceae Cordia Heliotropium/Cordia/cordia dichotoma (2).JPG","/Volumes/Crucial X10/SD/# A A COMPLETED/Cordia dichotoma/P1060693.JPG","","","","","","A","loose photograph","","5472x3648","gallery option","Species named in the filename.","E134-03","520f2b0e46e180966740cf6e05cb5bc43bf6feb98e7701d3f1a2e99b8dcd4cef","B","loose photograph","","4864x3648","gallery option","Association through the named source folder or historical-name trail.","E134-04","7ef2a7b34ef9a1657eeefb743758f0bf1b788c8dd7922a38fd8d496a81ee290a","","","","","","","","","","","","","","","","","","","","","","","","","","","","","","","","","","","","","","","","","2","2","0","Supported loose additions","A broader flowering stem and leaf/branch silhouette are possible additions, with limited gain over existing flower and fruit detail.","plant-844a8534675ac15d","7","",""
"Cordia subcordata","/Volumes/Crucial X10/SD/AA FB POSTS/COASTAL STROLL 20.6.25/Cordia subcordata.334.jpg","/Volumes/Crucial X10/SD/# A A A A NPNA 2026 NEW PHOTOS/WILLIE BURGESS Plants of the nt photos/Boraginaceae Cordia Heliotropium/Cordia/Cordia subcordata 34.JPG","","","","","","A","loose photograph","","3960x2604","gallery option","Species named in the filename.","E135-04","7acb82964d5600aa9f6de624f8104cf380e61506c954da719ee28c483ef0bf3a","A","loose photograph","","5472x3648","gallery option","Species named in the filename.","E135-05","4f3dff6d41e9ce7626cf01a5be68bedec69e7601f33e3614e228f73973c0365e","","","","","","","","","","","","","","","","","","","","","","","","","","","","","","","","","","","","","","","","","3","3","0","Supported loose additions","Coastal trunk/branch habit and developing buds/fruit with foliage are useful complements.","plant-c7fd570f5750ba32","8","",""
"Corymbia arnhemensis","/Volumes/Crucial X10/HD/AA NATIVE PLANTS OF NA 2021/FINAL FULL DRAFT/PROOF Native Plants of N Australia-PDF.pdf","/Volumes/Crucial X10/HD/AA NATIVE PLANTS OF NA 2021/FINAL FULL DRAFT/PROOF Native Plants of N Australia-PDF.pdf","","","","","","A","book image","PDF page 155; printed page 154; page-object index 1 (zero-based)","566x392","low-resolution fallback","Photograph positioned with the authored species account in the book proof.","B-p155-o1","","A","book image","PDF page 155; printed page 154; page-object index 2 (zero-based)","567x366","low-resolution fallback","Photograph positioned with the authored species account in the book proof.","B-p155-o2","","","","","","","","","","","","","","","","","","","","","","","","","","","","","","","","","","","","","","","","","","2","1","1","Book addition only","One current item is a distribution map. The older book gives whole-plant habitat and a different flowering crown; no new loose files.","plant-fe44f82b0c0c17fe","2","",""
"Corymbia bleeseri","/Volumes/Crucial X10/HD/# COMPLETE NPNA NEW ED 2026/A. A. PHOTOS AND IMAGES/D. PLANT DESCRIPTIONS GENERA A-Z/CC/Corymbia bleeseri (use 2022 shots of bark & frt)/PICK/EXTRA/Corymbia bleeseri bark.577.a.JPG","/Volumes/Crucial X10/HD/AA NATIVE PLANTS OF NA 2021/FINAL FULL DRAFT/PROOF Native Plants of N Australia-PDF.pdf","/Volumes/Crucial X10/SD/C C C/Corymbia bleeseri/P1150997.JPG","","","","","A","loose photograph","","3391x2713","gallery option","Species named in the filename.","E137-01","74b7c720fa8d2e467bbb6a6b939cd3cb04387bbaebeccab6ac85bad32dc79388","A","book image","PDF page 157; printed page 156; page-object index 1 (zero-based)","567x566","low-resolution fallback","Photograph positioned with the authored species account in the book proof.","B-p157-o1","","B","loose photograph","","4864x3648","gallery option","Association through the named source folder or historical-name trail.","E137-09","6d3cc1570e367deb39c00d371e4e9c8a4cd16a05485bcdc779d5e7e5a61aeca9","","","","","","","","","","","","","","","","","","","","","","","","","","","","","","","","","3","3","0","Supported loose additions","Bark is a clear gap; the older book composite also includes buds. Additional branching trunk/bark view is available.","plant-fb769eb2ae5934d5","7","",""
"Corymbia ferruginea","/Volumes/Crucial X10/SD/C C C/Corymbia ferruginea/_1110330 Corymbia ferruginea.JPG","/Volumes/Crucial X10/HD/AA NATIVE PLANTS OF NA 2021/FINAL FULL DRAFT/PROOF Native Plants of N Australia-PDF.pdf","","","","","","A","loose photograph","","4000x3000","gallery option","Species named in the filename.","E138-09","7683f01ab5aefcb67542e0e4be7ce2ce2f70b9ac63509929c04ea7402851f095","A","book image","PDF page 160; printed page 159; page-object index 59 (zero-based)","570x580","low-resolution fallback","Photograph positioned with the authored species account in the book proof.","B-p160-o59","","","","","","","","","","","","","","","","","","","","","","","","","","","","","","","","","","","","","","","","","","3","3","0","Supported loose additions","Loose shortlist repeats flowering clusters. The older book's whole-tree/habitat and bark composite provides genuinely different subjects. Additional named file shows hanging unopened buds.","plant-c3bcb1737ee95e2f","8","",""
"Corymbia foelscheana","/Volumes/Crucial X10/HD/AA NATIVE PLANTS OF NA 2021/FINAL FULL DRAFT/PROOF Native Plants of N Australia-PDF.pdf","/Volumes/Crucial X10/SD/C C C/Corymbia foelscheana/P1070892.JPG","/Volumes/Crucial X10/SD/C C C/Corymbia foelscheana/_1080761.JPG","/Volumes/Crucial X10/SD/C C C/Corymbia foelscheana/P1070891.JPG","","","","A","book image","PDF page 161; printed page 160; page-object index 97 (zero-based)","389x581","low-resolution fallback","Photograph positioned with the authored species account in the book proof.","B-p161-o97","","B","loose photograph","","4864x3648","gallery option","Association through the named source folder or historical-name trail.","E139-03","722057b7e0f556f875c826be091639aa330bce58d62d802aa56137b4f8f30f65","B","loose photograph","","4000x3000","gallery option","Association through the named source folder or historical-name trail.","E139-04","8afcc86a04324a7c369c33b432718b2fe0cc3d1f59dc81d899ce1b120bb75a2c","B","loose photograph","","4864x3648","gallery option","Association through the named source folder or historical-name trail.","E139-12","9788a7e20cef8100e154800a9db6e59b0ebc94c3a15d473ee634928b464ec1b1","","","","","","","","","","","","","","","","","","","","","","","","","2","2","0","Supported loose additions","Buds, stand/habitat and older whole-tree habit complement the two close flower images. Additional sequence includes small dry capsules.","plant-ff1cb78cfdd067e0","10","",""
"Corymbia jacobsiana","/Volumes/Crucial X10/HD/# COMPLETE NPNA NEW ED 2026/A. A. PHOTOS AND IMAGES/D. PLANT DESCRIPTIONS GENERA A-Z/CC/Corymbia jacobsiana (use 2022 tree shot)/PICK/EXTRA/Corymbia jacobsiana.9807.GF.a.JPG","/Volumes/Crucial X10/HD/AA NATIVE PLANTS OF NA 2021/FINAL FULL DRAFT/PROOF Native Plants of N Australia-PDF.pdf","/Volumes/Crucial X10/SD/C C C/Corymbia jacobsiana/_1060621.JPG","/Volumes/Crucial X10/SD/C C C/Corymbia jacobsiana/_1270397.JPG","","","","A","loose photograph","","4797x5996","gallery option","Species named in the filename.","E140-02","32acec3230635604be2344d4ff8902f64daa69cd76e5a94e3cf69b1cb897e1a0","A","book image","PDF page 162; printed page 161; page-object index 1 (zero-based)","567x567","low-resolution fallback","Photograph positioned with the authored species account in the book proof.","B-p162-o1","","B","loose photograph","","4000x3000","gallery option","Association through the named source folder or historical-name trail.","E140-06","fdcd972ad1e7271ff457c5ecc77f09945c6494b54b6137a5f2ef51710f9d39ea","B","loose photograph","","4000x3000","gallery option","Association through the named source folder or historical-name trail.","E140-12","70dbba82e7771b1b1caef1aecbbe8e5f579bbe1e79ebd560fe7a17f9e47ebcdd","","","","","","","","","","","","","","","","","","","","","","","","","3","3","0","Supported loose additions","Developing reproductive branch and leaf/hand scale are useful options; older book adds stand/habit. Candidate 4 is a plant label/sign, useful for verification but not a gallery photograph. Additional sequence has bark detail.","plant-a5089a61ac7b510b","6","",""
"Corymbia polycarpa","/Volumes/Crucial X10/HD/# COMPLETE NPNA NEW ED 2026/A. A. PHOTOS AND IMAGES/C. HERO SHOTS A-Z/CC/PICK/Black Flying Fox eating nectar of Corymbia polycarpa.072.b.JPG","/Volumes/Crucial X10/WILDLIFE/RED-TAILED Black Cockatoo on Corymb polycarpa 25.7.25/SELECT/PICK/Red-tailed Black Cockatoo on Corymbia polycarpa.tif535.jpeg","/Volumes/Crucial X10/WILDLIFE/BLACK FLYING FOX & CORYMBIA POLY 7.5.25/SELECT/PICK/GO/Black Flying Fox on Corymbia polycarpa.072.a.JPG","","","","","A","loose photograph","","2875x3593","gallery option","Species named in the filename.","E141-04","b6fedcd7ef93ebf9cbb4bac102c1e0112b2be55e3ff7d36f87bf82223079ca4a","A","loose photograph","","1794x2392","gallery option","Species named in the filename.","E141-06","956eb0e11b45dff242f68c1d1e8b7d1039576324ac7aec0d21b02e53c3886b2a","A","loose photograph","","4864x3648","gallery option","Species named in the filename.","E141-11","637cd542fcb60f4850fd59882e433a7e8a86495acd273ebd9d719ba4af77b309","","","","","","","","","","","","","","","","","","","","","","","","","","","","","","","","","4","4","0","Supported loose additions","Flying fox feeding at flowers and cockatoo using the tree add ecological interactions beyond flower, bark, habit and fruit. Additional named flying-fox-at-flowers photograph offers ecological context.","plant-dd4f786d1ddd3927","33","",""
"Corymbia porrecta","/Volumes/Crucial X10/SD/# A A A A NPNA 2026 NEW PHOTOS/WILLIE BURGESS Plants of the nt photos/Myrtacea/Corymbia/Corymbia porrecta 334.JPG","/Volumes/Crucial X10/SD/# A A A A NPNA 2026 NEW PHOTOS/WILLIE BURGESS Plants of the nt photos/Myrtacea/Corymbia/Corymbia porrecta 361.JPG","/Volumes/Crucial X10/HD/AA NATIVE PLANTS OF NA 2021/FINAL FULL DRAFT/PROOF Native Plants of N Australia-PDF.pdf","","","","","A","loose photograph","","5472x3648","gallery option","Species named in the filename.","E142-04","1aa8fffa04d17b855249470d3660fcce7b2b62b6cef2a0f2bef1daa57b04379a","A","loose photograph","","5472x3648","gallery option","Species named in the filename.","E142-05","a6ae47746a11756598f976213e4c4634a9055ba6e5255549385e8119a4842d9a","A","book image","PDF page 168; printed page 167; page-object index 2 (zero-based)","566x573","low-resolution fallback","Photograph positioned with the authored species account in the book proof.","B-p168-o2","","","","","","","","","","","","","","","","","","","","","","","","","","","","","","","","","","3","3","0","Supported loose additions","Single open and spent flowers show stages; older book adds bark within a habit composite.","plant-3ad71b489ca294f3","4","",""
"Corymbia terminalis","/Volumes/Crucial X10/SD/# A A A A NPNA 2026 NEW PHOTOS/WILLIE BURGESS Plants of the nt photos/Myrtacea/Corymbia/Corymbia terminalis john 5175.JPG","","","","","","","A","loose photograph","","5472x3648","gallery option","Species named in the filename.","E143-03","80e81131fc5b7b1144eaba9e909e5fc248cf9f2e389ea761826401e169461652","","","","","","","","","","","","","","","","","","","","","","","","","","","","","","","","","","","","","","","","","","","","","","","","","4","4","0","Supported loose additions","Person beside the tree supplies scale/context. Other shortlisted flowers largely repeat the current gallery; little new diagnostic coverage.","plant-fa9886bdb931bd8e","10","",""
"Corypha utan","/Volumes/Crucial X10/SD/# A A A A NPNA 2026 NEW PHOTOS/A CORYPHA UTAN, Sesbania formosa, Euc koolpinensis, Cycas armstr 30-31.5.2026/SELECT/PICK/Corypha utan budding panicle.842.1.JPG","/Volumes/Crucial X10/SD/# A A A A NPNA 2026 NEW PHOTOS/A CORYPHA UTAN, Sesbania formosa, Euc koolpinensis, Cycas armstr 30-31.5.2026/SELECT/PICK/Corypha utan flwr.4521.1.jpg","/Volumes/Crucial X10/SD/# A A A A NPNA 2026 NEW PHOTOS/A CORYPHA UTAN, Sesbania formosa, Euc koolpinensis, Cycas armstr 30-31.5.2026/SELECT/PICK/Corypha utan full cycle.839.1.JPG","/Volumes/Crucial X10/SD/# A A A A NPNA 2026 NEW PHOTOS/A CORYPHA UTAN, Sesbania formosa, Euc koolpinensis, Cycas armstr 30-31.5.2026/SELECT/FOR GEORGE ABC/Corypha utan all early fruiting, Lake Alexandra P1130814.JPG","","","","A","loose photograph","","3432x4576","gallery option","Species named in the filename.","E144-01","bfc7250af9f2ca1a5d39b0e3dd295ae288f89ed7969ad7c7121805270589ced1","A","loose photograph","","1032x1376","gallery option","Species named in the filename.","E144-04","1e354a9214fb8329d3001c3b9dd543d71861c810fefc14703247f411151f1949","A","loose photograph","","4311x3449","gallery option","Species named in the filename.","E144-06","c0c5f67d44d9c283184ae1a8321fa81f7939b686f0974f8ad82dfc2621eeaa5e","A","loose photograph","","4864x3648","gallery option","Species named in the filename.","E144-09","5dbb4518b98e28c48ca209c68172ec21397aa073f378bfd5a906ad87cbe5cc10","","","","","","","","","","","","","","","","","","","","","","","","","2","2","0","Supported loose additions","Budding panicle, full flowering palm and several reproductive stages together are strong additions. The mixed May shoot's palm exports belong here, not under Eucalyptus koolpinensis. Additional named photograph shows an entire palm group reflected at a waterhole.","plant-494c726d90c4e6ac","16","",""
"Crinum arenarium","/Volumes/Crucial X10/SD/C C C/Crinum arenarium (prev C. angustifolium)/P1220933.JPG","/Volumes/Crucial X10/SD/C C C/Crinum arenarium (prev C. angustifolium)/_1230912.JPG","","","","","","B","loose photograph","","4000x3000","gallery option","Association through the named source folder or historical-name trail.","E145-02","92740d3227e5e9e70670e4af9e5333a29f04c16c7a146a75b0a3a1ec81342269","B","loose photograph","","4000x3000","gallery option","Association through the named source folder or historical-name trail.","E145-05","f55a4c098c055a15fdff720ae2097795afe6dd79552f35196a85bf96ed7c37f3","","","","","","","","","","","","","","","","","","","","","","","","","","","","","","","","","","","","","","","","","2","2","0","Supported loose additions","Whole plant with basal leaves and wider grassy habitat add scale beyond the flower heads.","plant-999efcef62561eb3","3","",""
"Crinum pedunculatum","/Volumes/Crucial X10/SD/# A A COMPLETED/Crinum pedunculatum/P1030319.JPG","/Volumes/Crucial X10/SD/# A A COMPLETED/Crinum pedunculatum/P1030323.JPG","","","","","","B","loose photograph","","4864x3648","gallery option","Association through the named source folder or historical-name trail.","E146-04","d176daf5d3b726e173bdf47f4844d414e65c5971757f49661aeb4fb225933db2","B","loose photograph","","4864x3648","gallery option","Association through the named source folder or historical-name trail.","E146-07","914a3916ef8abedbfcf9d98585b70564daee981d29d259df7e9e3505907db0fa","","","","","","","","","","","","","","","","","","","","","","","","","","","","","","","","","","","","","","","","","2","2","0","Supported loose additions","Whole leafy clump fills the main gap; other shortlisted flowers repeat the two current photographs. Additional sequence includes rounded fruit/seed heads among leaves.","plant-0a20d62136f597ca","6","",""
"Crinum uniflorum","/Volumes/Crucial X10/SD/C C C/Crinum uniflorum/_1230965.JPG","/Volumes/Crucial X10/SD/C C C/Crinum uniflorum/_1230959.JPG","/Volumes/Crucial X10/SD/C C C/Crinum uniflorum/_1230963.JPG","","","","","B","loose photograph","","4000x3000","gallery option","Association through the named source folder or historical-name trail.","E147-05","1229f6b456bc622e24e274ecffb220f13fcc63f0d48c3d9ba1206b2d79472bd2","B","loose photograph","","4000x3000","gallery option","Association through the named source folder or historical-name trail.","E147-02","cf514f28847fad9c0d671999f64f7c3cb4c897f8c51fdf9388b8bd8b44b882b7","C","loose photograph","","4000x3000","identification-review lead","Association through the named source folder or historical-name trail; Byte-identical image also labelled for Habenaria halata; resolve competing allocation.","E147-03","98ec875835818b8860eb27d690bd76ad17dd7eab5d21b1fe2d30dec59c1fff62","","","","","","","","","","","","","","","","","","","","","","","","","","","","","","","","","2","2","0","Supported loose additions","Grassland setting, closed bud and side-on whole flowering stem are complementary.","plant-033232734f69a220","3","",""
"Crotalaria novae-hollandiae","/Volumes/Crucial X10/SD/C C C/Crotalaria novae-hollandiae/SELECT/Crotalaria novae-hollandiae.c.jpg","/Volumes/Crucial X10/SD/C C C/Crotalaria novae-hollandiae/P1040382.JPG","","","","","","A","loose photograph","","1764x2352","gallery option","Species named in the filename.","E148-05","571e570652ac7bed5c40e407f1ccebc485766349c912e345e1d50163d3839c78","B","loose photograph","","4864x3648","gallery option","Association through the named source folder or historical-name trail.","E148-06","668d82a241e50729d6acff8c2ff623d0a8773687e08db678eee8690cd5188bb4","","","","","","","","","","","","","","","","","","","","","","","","","","","","","","","","","","","","","","","","","2","2","0","Supported loose additions","Stem bearing flowers and green pods, plus later/spent reproductive growth, add stages.","plant-f99ad0fda50e091f","7","",""
"Croton arnhemicus","/Volumes/Crucial X10/SD/# A A A A NPNA 2026 NEW PHOTOS/WILLIE BURGESS Plants of the nt photos/Phyllanthaceae Antideama Endospermum Glocidon Macaranga Mallotus Margaritaria Surgada/Crotons/Croton  arnhemmicus 457.JPG","/Volumes/Crucial X10/SD/C C C/Croton schultzii (prev C. argentea) PJohn garden 8.4.25/Croton schultzii tbc (left), C. arnhemicus (rt) East Pt 7.6.25/P1030886.JPG","","","","","","B","loose photograph","","5472x3648","gallery option","Species named in the filename; Name spelling, abbreviation or historical combination needs retaining in provenance.","E149-04","792f8dcf3860234fc83203ec511a1cbd4676835ca83003205a78b0044ba3e48e","C","loose photograph","","4864x3648","identification-review lead","Association through the named source folder or historical-name trail; Source explicitly uncertain or a mixed/incorrectly labelled collection.","E149-05","2b90449167d8713367316d158ecd386338d7c3ee1781ac711a0975e13fa1228b","","","","","","","","","","","","","","","","","","","","","","","","","","","","","","","","","","","","","","","","","2","2","0","Supported loose additions","Pale leaf undersides/reproductive branch and clearer leaf shape add detail to existing broad habitat and flowers.","plant-aad9f727fc57e3e5","6","",""
"Croton schultzii","/Volumes/Crucial X10/SD/# A A A A NPNA 2026 NEW PHOTOS/WILLIE BURGESS Plants of the nt photos/Plants Flacourtia phalera glycosmis corymbia  2025dec/104MSDCF/Croton schultzii 173.JPG","/Volumes/Crucial X10/SD/# A A A A NPNA 2026 NEW PHOTOS/WILLIE BURGESS Plants of the nt photos/Plants Flacourtia phalera glycosmis corymbia  2025dec/104MSDCF/Croton schultzii 219.JPG","/Volumes/Crucial X10/HD/AA NATIVE PLANTS OF NA 2021/FINAL FULL DRAFT/PROOF Native Plants of N Australia-PDF.pdf","/Volumes/Crucial X10/SD/C C C/Croton schultzii (prev C. argentea) PJohn garden 8.4.25/_1280551.JPG","","","","A","loose photograph","","5472x3648","gallery option","Species named in the filename.","E150-03","cfa4112efaf2026d40436cabdb81f8e48d2a4175fbef7f77d4e7741869f0fe91","A","loose photograph","","5472x3648","gallery option","Species named in the filename.","E150-04","aefc88bdedeadfc3a90f7a8f469e84045db98a051abdb4d3fa8e3231fef6e429","A","book image","PDF page 173; printed page 172; page-object index 2 (zero-based)","566x559","low-resolution fallback","Photograph positioned with the authored species account in the book proof.","B-p173-o2","","B","loose photograph","","4000x3000","gallery option","Association through the named source folder or historical-name trail.","E150-06","7e9a870d9f2101d8720e133bf99e3b5ce9a7358b8f93f0b41d4f11632d3541b1","","","","","","","","","","","","","","","","","","","","","","","","","1","1","0","Supported loose additions","Flower detail, green fruit and wider branch structure fill gaps; older book adds yellow/orange ripe fruit.","plant-e015fe1de3fef8ca","7","",""
"Cryptocarya cunninghamii","/Volumes/Crucial X10/SD/C C C/Cryptocarya cunninghamii/_1100146 Cryptocarya cunninghamii.JPG","/Volumes/Crucial X10/SD/C C C/Cryptocarya cunninghamii/_1120865 Cryptocarya cunninghamii.JPG","/Volumes/Crucial X10/SD/# A A A A NPNA 2026 NEW PHOTOS/1 1 1 1 1 BOT GDNS 10.9.2026/Cryptocarya cunningamii/P1170153.JPG","/Volumes/Crucial X10/SD/C C C/Cryptocarya cunninghamii/SELLECT/20241122_103058.jpg","","","","A","loose photograph","","4000x3000","gallery option","Species named in the filename.","E151-02","cb1020faab97604e0ad41691d3a9fd177cf20850cc4a7eb47aef975fb3a82b15","A","loose photograph","","4000x3000","gallery option","Species named in the filename.","E151-04","4c2240e533104a9dfeb9e015e41bc4b7f80ea63b7172864944ca683bad8d2040","B","loose photograph","","4864x3648","gallery option","Association through the named source folder or historical-name trail; Name spelling, abbreviation or historical combination needs retaining in provenance.","E151-06","3718622c1c406ea9551847040cff33bd14b5e5da3202f7470a115d2fb1193dbe","C","loose photograph","","2390x1610","identification-review lead","Association through the named source folder or historical-name trail; Byte-identical image also labelled for Crotalaria cunninghamii subsp. cunninghamii; resolve competing allocation.","E151-08","4d7cf802616b1b566c04d1921e98a4f45b7e2f260d597002d6d6098ed1b66737","","","","","","","","","","","","","","","","","","","","","","","","","2","2","0","Supported loose additions","Mature leaves, pale new growth and whole-tree habit complement the similar current flowering branches. Additional young unfolding leaves show a distinct growth stage.","plant-9666c38aa8ab7ec9","8","",""
"Cupaniopsis anacardioides","/Volumes/Crucial X10/HD/AA NATIVE PLANTS OF NA 2021/FINAL FULL DRAFT/PROOF Native Plants of N Australia-PDF.pdf","/Volumes/Crucial X10/SD/C C C/Cupaniopsis anacardioides/_1290398.JPG","","","","","","A","book image","PDF page 174; printed page 173; page-object index 2 (zero-based)","566x566","low-resolution fallback","Photograph positioned with the authored species account in the book proof.","B-p174-o2","","B","loose photograph","","4000x3000","gallery option","Association through the named source folder or historical-name trail.","E152-05","72a1b108d7415c6a2d69598982d560ef9deeb7d8ec7fd46c45ed176506b8b27f","","","","","","","","","","","","","","","","","","","","","","","","","","","","","","","","","","","","","","","","","2","2","0","Supported loose additions","Whole-tree habit and the older yellow-fruit inset add missing dimensions.","plant-9a2f22a503baaa71","4","",""
"Curcuma australasica","/Volumes/Crucial X10/SD/# A A A A NPNA 2026 NEW PHOTOS/WILLIE BURGESS Plants of the nt photos/Zingiberaceae Curcuma/Curcuma australasica 0050 nervillia  spp.JPG","/Volumes/Crucial X10/SD/C C C/Curcuma australasica/from Robyn garden 10.4.25/20250410_153144.jpg","","","","","","A","loose photograph","","5472x3648","gallery option","Species named in the filename.","E153-02","e10eb0b386e88d116f0224676e5b6a15de7f23fa97fb449b4d8935db03171d8b","B","loose photograph","","4000x3000","gallery option","Association through the named source folder or historical-name trail.","E153-05","ef02fb8d9e97263f4f2c86e1181fa7650b5952b80436651dabe82b7306c15b08","","","","","","","","","","","","","","","","","","","","","","","","","","","","","","","","","","","","","","","","","2","2","0","Supported loose additions","Young/non-flowering leaves and a whole leafy flowering clump complement close inflorescences.","plant-3f53fb18ca6593fb","10","",""
"Cycas angulata","/Volumes/Crucial X10/HD/# COMPLETE NPNA NEW ED 2026/A. A. PHOTOS AND IMAGES/D. PLANT DESCRIPTIONS GENERA A-Z/CC/Cycas angulata/PICK/EXTRA/Cycas angulata.527.a.JPG","/Volumes/Crucial X10/SD/# A A A A NPNA 2026 NEW PHOTOS/WILLIE BURGESS Plants of the nt photos/Cycadaceae/Cycas angulata with steps cut into trunk to access nuts for food.JPG","/Volumes/Crucial X10/SD/# A A A A NPNA 2026 NEW PHOTOS/WILLIE BURGESS Plants of the nt photos/Cycadaceae/Cycas angulata 589.JPG","","","","","A","loose photograph","","3207x2405","gallery option","Species named in the filename.","E154-01","4806374d3df72f497224f62e7d0971d6e6a65173bd92299927f0d219cef3c657","A","loose photograph","","3264x4912","gallery option","Species named in the filename.","E154-02","1297416c49a10cc95a6f8310846e480422690e595a698433cdd603a28fb90e0b","A","loose photograph","","3648x2736","gallery option","Species named in the filename.","E154-08","800dc13b25a45f77c230bb8fa1077771060ed1447ef6056cb609d15a9b14c980","","","","","","","","","","","","","","","","","","","","","","","","","","","","","","","","","2","2","0","Supported loose additions","Crown-centre detail and tall trunk form complement distant whole-plant photographs. Additional named photograph has close yellow seeds in the crown.","plant-e762169ac3f3fe09","11","",""
"Cycas armstrongii","/Volumes/Crucial X10/HD/# COMPLETE NPNA NEW ED 2026/A. A. PHOTOS AND IMAGES/D. PLANT DESCRIPTIONS GENERA A-Z/CC/Cycas armstrongii/PICK/EXTRA/Cycas armstrongii study.908.a.JPG","/Volumes/Crucial X10/HD/AA NATIVE PLANTS OF NA 2021/FOTOS/Cycas armstrongii frts G Wightman.jpg","/Volumes/Crucial X10/SD/# A A A A NPNA 2026 NEW PHOTOS/WILLIE BURGESS Plants of the nt photos/Cycadaceae/Cycas armstrongii 9674.JPG","/Volumes/Crucial X10/SD/C C C/Cycas armstrongii/Cycas armstrongii study.908.c.JPG","","","","A","loose photograph","","2778x2083","gallery option","Species named in the filename.","E155-01","fb9b9bf92b5ff272d256a482b35c37ec70b887bb3575f29087804647e6a1e19d","A","loose photograph","","500x375","gallery option","Species named in the filename.","E155-06","67a24e442b81950fd9b6cf0b638c685f86411a648a0942b574711543c3e7d645","A","loose photograph","","5472x3648","gallery option","Species named in the filename.","E155-04","312f4ec4e4e084bd10a8df6d992f1974e6bc469586bd85425b81479f15c9bf0d","A","loose photograph","","2140x2854","gallery option","Species named in the filename.","E155-10","d3e1125abc48ba052a7e3b9b1f532640cf7bd680b892be33a5f22bc2d6a8addd","","","","","","","","","","","","","","","","","","","","","","","","","3","3","0","Supported loose additions","Emerging fronds, ripe female reproductive structures and a small plant provide strong life-stage coverage beyond current adult habit and cones. Additional named photograph shows the underside and bases of cycad fronds.","plant-eb83ac6b8ed807b7","11","",""
"Cycas calcicola","/Volumes/Crucial X10/SD/# A A A A NPNA 2026 NEW PHOTOS/WILLIE BURGESS Plants of the nt photos/Cycadaceae/Cycas calcicola 3352.JPG","/Volumes/Crucial X10/HD/AA NATIVE PLANTS OF NA 2021/FINAL FULL DRAFT/PROOF Native Plants of N Australia-PDF.pdf","","","","","","A","loose photograph","","5472x3648","gallery option","Species named in the filename.","E156-03","dd6199e8def0d0ca5fc2593900c972f09d74135d8ad4e0aa5dd0a4d3ae238ca3","A","book image","PDF page 176; printed page 175; page-object index 2 (zero-based)","566x572","low-resolution fallback","Photograph positioned with the authored species account in the book proof.","B-p176-o2","","","","","","","","","","","","","","","","","","","","","","","","","","","","","","","","","","","","","","","","","","2","2","0","Supported loose additions","Wider rocky habitat and the older tall-trunked plants/fruit inset add age and structural context.","plant-dcc2295a02338261","8","",""
"Cyclophyllum schultzii","/Volumes/Crucial X10/SD/C C C/Cyclophyllum schultzii (prev Canthium lucidum)/Cyclophyllum schultzeii (prev. Canthium lucidim) frts & seeds (photo by Strider Feb 14th 2012).jpg","/Volumes/Crucial X10/SD/C C C/Cyclophyllum schultzii (prev Canthium lucidum)/P1220700.JPG","","","","","","B","loose photograph","","2048x1536","gallery option","Association through the named source folder or historical-name trail.","E157-04","ed11139848d237192d6740c55a4c0f22c29f7476b705e9bebb7a7f280790949a","B","loose photograph","","4000x3000","gallery option","Association through the named source folder or historical-name trail.","E157-09","3491e70b805935d5ab6646988d2ea7294efc863184487fcf4f2a295efb827525","","","","","","","","","","","","","","","","","","","","","","","","","","","","","","","","","","","","","","","","","2","2","0","Supported loose additions","Opened fruit and exposed seeds are a clear new identification view; whole-fruit plate is an alternate from the same preparation. Additional sequence includes green attached fruits.","plant-e7483b89e9823bbb","5","",""
"Cymbidium canaliculatum","/Volumes/Crucial X10/SD/C C C/Cymbidium canaliculatum/Cymbidium canaliculatum 5 Point Springs IM.jpg","/Volumes/Crucial X10/SD/C C C/Cymbidium canaliculatum/_1090026.JPG","","","","","","A","loose photograph","","4320x3240","gallery option","Species named in the filename.","E158-02","902e2e77e75e8acb8414bb4264b8769d13ce686d0df5238941acfd505fbee31f","B","loose photograph","","4000x3000","gallery option","Association through the named source folder or historical-name trail.","E158-03","a649deca1fc473a6ed657574101716e326ebca364ea8b3a96ce8a13e8b979ed2","","","","","","","","","","","","","","","","","","","","","","","","","","","","","","","","","","","","","","","","","1","1","0","Supported loose additions","Attachment/root context and the wider host tree expand the existing orchid clump view.","plant-f9d7228f2840a5d0","6","",""
"Cynanchum viminale","/Volumes/Crucial X10/HD/AA NATIVE PLANTS OF NA 2021/FINAL FULL DRAFT/PROOF Native Plants of N Australia-PDF.pdf","/Volumes/Crucial X10/SD/C C C/Cynanchum viminale (prev Sarcostemma australe) TBC VRD 27.4.25/_1300113.JPG","","","","","","A","book image","PDF page 177; printed page 176; page-object index 124 (zero-based)","566x566","low-resolution fallback","Photograph positioned with the authored species account in the book proof.","B-p177-o124","","C","loose photograph","","4000x3000","identification-review lead","Association through the named source folder or historical-name trail; Source explicitly uncertain or a mixed/incorrectly labelled collection.","E159-03","13f5175faaf24928f31a6234c784fd101dc5f302d0231c0e8f5fcfc2a2478104","","","","","","","","","","","","","","","","","","","","","","","","","","","","","","","","","","","","","","","","","2","2","0","Book addition; loose leads need ID review","Older close flowers are the strongest missing subject. Loose stem details are weaker, uncertain-ID alternatives.","plant-189be5198d8815a2","3","",""
"Dendrobium dicuphum","/Volumes/Crucial X10/SD/D D D/Dendrobium dicuphum/TIF/Dendrobium dicuphum.875.tif","/Volumes/Crucial X10/SD/V V V/Vappodes dicupha (prev. Dendrobium dicuphum/SELECT/Dendrobium dicuphum.jpeg875.1.JPG","","","","","","A","loose photograph","","4016x3016","gallery option","Species named in the filename.","E160-06","786b09d1fcb49c65d0cd28513534baf0e0e9d848468938d6c9eea29fc4649919","A","loose photograph","","1583x1187","gallery option","Species named in the filename.","E160-04","0ae8305d14365c5b8904793cabce89861cced66b6a7ea0431fe3429445c8c9bb","","","","","","","","","","","","","","","","","","","","","","","","","","","","","","","","","","","","","","","","","2","2","0","Supported loose additions","Attachment/root base and a different reproductive stage complement the current clump and open flowers.","plant-e76848881eddc166","24","",""
"Dendrobium foelschei","/Volumes/Crucial X10/HD/AA NATIVE PLANTS OF NA 2021/FINAL FULL DRAFT/PROOF Native Plants of N Australia-PDF.pdf","","","","","","","A","book image","PDF page 179; printed page 178; page-object index 1 (zero-based)","566x568","low-resolution fallback","Photograph positioned with the authored species account in the book proof.","B-p179-o1","","","","","","","","","","","","","","","","","","","","","","","","","","","","","","","","","","","","","","","","","","","","","","","","","","1","1","0","Book addition only","No new loose file; older book shows the flowering epiphytic clump with a small flower inset, adding habit.","plant-717c9f60e082faf9","2","",""
"Denhamia ferdinandi","/Volumes/Crucial X10/SD/# A A A A NPNA 2026 NEW PHOTOS/WILLIE BURGESS Plants of the nt photos/Celastraceae Denhamia/Denhamia ferdinandi 54 (1).JPG","/Volumes/Crucial X10/SD/# A A A A NPNA 2026 NEW PHOTOS/WILLIE BURGESS Plants of the nt photos/Celastraceae Denhamia/Denhamia ferdinandi 54 (2).JPG","","","","","","A","loose photograph","","5472x3648","gallery option","Species named in the filename.","E162-02","c4daa043d3e7ff088a9a82f43f4a5f1da45a3b645e38adaed4377b65b40884f3","A","loose photograph","","5472x3648","gallery option","Species named in the filename.","E162-04","088f21d3b58b27b4aaec29c9ab9f1cbb0c4924c775a40840dd2a67834a328d8d","","","","","","","","","","","","","","","","","","","","","","","","","","","","","","","","","","","","","","","","","1","1","0","Supported loose additions","Bark, whole understorey tree and mature foliage add several dimensions to the single fruit image. Removed the bark photo _1260054 from the shortlist: its folder explicitly warns that the Denhamia sign is on the wrong tree; the adjacent frame is named Planchonella arnhemica.","plant-51d337cdf7c70592","5","",""
"Denhamia obscura","/Volumes/Crucial X10/HD/# COMPLETE NPNA NEW ED 2026/A. A. PHOTOS AND IMAGES/D. PLANT DESCRIPTIONS GENERA A-Z/DD/Denhamia obscura/PICK/EXTRA/Denhamia obscura.436.a.JPG","/Volumes/Crucial X10/SD/D D D/Denhamia obscura/_1080586 Denhamia obscura.JPG","/Volumes/Crucial X10/SD/D D D/Denhamia obscura/_1120975 Denhamia obscura.JPG","","","","","A","loose photograph","","4389x2468","gallery option","Species named in the filename.","E163-03","ddf93c756f2d223313c7c8a4ef6f784b6aa8d50d8acd7480ab8d2242c5d7d4c4","A","loose photograph","","4000x3000","gallery option","Species named in the filename.","E163-04","edc9a74532977ee3140eb4fc47c0e52245ea1416e1150877c37a5e861d20b60b","A","loose photograph","","4000x3000","gallery option","Species named in the filename.","E163-10","ca02e4494e59ea57fe22bbc66837abbdee8a872acf21d82683eabf5de20ff2ba","","","","","","","","","","","","","","","","","","","","","","","","","","","","","","","","","4","4","0","Supported loose additions","Broader flowering display and clusters of unopened fruit add context and stages beyond current close features. Additional named photograph shows closed green fruits, held for scale.","plant-bf620e5dfb664d72","7","",""
"Dentella dioeca","/Volumes/Crucial X10/HD/AA NATIVE PLANTS OF NA 2021/FINAL FULL DRAFT/PROOF Native Plants of N Australia-PDF.pdf","/Volumes/Crucial X10/SD/D D D/Dentella dioeca tbc 6.2.25 McMinns Lagoon/_1260948#.JPG","","","","","","A","book image","PDF page 181; printed page 180; page-object index 1 (zero-based)","567x567","low-resolution fallback","Photograph positioned with the authored species account in the book proof.","B-p181-o1","","C","loose photograph","","4000x3000","identification-review lead","Association through the named source folder or historical-name trail; Source explicitly uncertain or a mixed/incorrectly labelled collection.","E164-05","5047cf97eb9b2e9ac3ce0339e951ad3259ef7ba3bb396d20e1e2258d64ae4f8e","","","","","","","","","","","","","","","","","","","","","","","","","","","","","","","","","","","","","","","","","1","1","0","Book addition; loose leads need ID review","Older close flowers give a clearer authored option; loose carpet/habit views remain explicitly uncertain-ID leads.","plant-8e5b84aacb7d15eb","4","",""
"Dianella odorata","/Volumes/Crucial X10/SD/# A A COMPLETED/Dianella odorata/SELECT/Dianella odorata #WB,.JPG","/Volumes/Crucial X10/SD/# A A COMPLETED/Dianella odorata/Dianella odorata Photos WB/frt select/DSC01149#.JPG","","","","","","A","loose photograph","","5472x3648","gallery option","Species named in the filename.","E165-05","d83bfd55c8cec7442693e279c5fbc223fa1da138f06e5db6e1f1f925424efd41","B","loose photograph","","4864x3648","gallery option","Association through the named source folder or historical-name trail.","E165-11","7722714166014a14d33a5590b16bc21074e4280d721302c95b74bde625f7bd2e","","","","","","","","","","","","","","","","","","","","","","","","","","","","","","","","","","","","","","","","","2","2","0","Supported loose additions","A wider flowering-stem/site view adds context; most other flower files repeat the existing composition. Additional Willie Burgess-labelled file has ripe purple fruits.","plant-c62b076d87a6563a","14","",""
"Dicranopteris linearis","/Volumes/Crucial X10/SD/D D D/Dicranopteris linearis LNP 13.5.25/P1010501.JPG","/Volumes/Crucial X10/SD/D D D/Dicranopteris linearis LNP 13.5.25/P1010499.JPG","","","","","","B","loose photograph","","4864x3648","gallery option","Association through the named source folder or historical-name trail.","E166-05","b5291db00259f5d9b50e6517ba7e2a6c75f998ef75504c455696908a54ef4fe3","B","loose photograph","","4864x3648","gallery option","Association through the named source folder or historical-name trail.","E166-03","11c6532ba10d69f2ae20f969c762771b8e8c2e364c59036fb31c84cb00082a41","","","","","","","","","","","","","","","","","","","","","","","","","","","","","","","","","","","","","","","","","1","1","0","Supported loose additions","Frond architecture and broad fern-patch habit complement the one current leaf view.","plant-e5257827dfeb4968","4","",""
"Dillenia alata","/Volumes/Crucial X10/SD/# A A A A NPNA 2026 NEW PHOTOS/WILLIE BURGESS Plants of the nt photos/Dilleniaceae Dillenia Hibbertia/Dillenia/Dillenia alata 804.JPG","/Volumes/Crucial X10/SD/# A A A A NPNA 2026 NEW PHOTOS/WILLIE BURGESS Plants of the nt photos/Dilleniaceae Dillenia Hibbertia/Dillenia/Dillenia alata 2230.JPG","","","","","","A","loose photograph","","5472x3648","gallery option","Species named in the filename.","E167-02","7d18d611800eb0a7dde9857ecff6d95e9beb4d0a848d478e9e8bdcb505218709","A","loose photograph","","4864x3648","gallery option","Species named in the filename.","E167-06","8932ac6623936d31095c12c5d96a1ac5d43dc156f3e694df0cd7c4109498f418","","","","","","","","","","","","","","","","","","","","","","","","","","","","","","","","","","","","","","","","","2","2","0","Supported loose additions","Unopened fruit and side-on flower offer stages/angles absent from the current frontal flowers and opened red fruit.","plant-f3114ad66028e341","6","",""
"Diospyros calycantha","/Volumes/Crucial X10/SD/D D D/Diospyros calycantha/_1110085 Diospyros calycantha.JPG","/Volumes/Crucial X10/SD/# A A COMPLETED/Diospyros calycantha/SELECT/_1030140##.JPG","/Volumes/Crucial X10/SD/# A A COMPLETED/Diospyros calycantha/SELECT/_1030145##.JPG","","","","","A","loose photograph","","4000x3000","gallery option","Species named in the filename.","E168-04","df7ad23185a6c46dcf77c4c5ddacd1ac1c895841899d860d21d1e3f94a54af11","B","loose photograph","","4000x3000","gallery option","Association through the named source folder or historical-name trail.","E168-05","3085899cde3a90d2a2aa0419edb7b0cb32932f88ba18295db56ca8b0acc957ef","B","loose photograph","","4000x3000","gallery option","Association through the named source folder or historical-name trail.","E168-07","fe93b3d6f83e0794d24ba02040e254acf0c695fe5c5d6f1bde99e0600e15bf2f","","","","","","","","","","","","","","","","","","","","","","","","","","","","","","","","","3","3","0","Supported loose additions","Green developing fruit and wider branch structure complement orange and black ripe fruit. Other ripe-fruit exports repeat current images. Additional sequence includes an orange fruit.","plant-d260c2951f4e116c","13","",""
"Diospyros compacta","/Volumes/Crucial X10/SD/# A A A A NPNA 2026 NEW PHOTOS/A A A BOT GDNS 2.8.2026/Diospyros compacta.774.JPG","/Volumes/Crucial X10/SD/D D D/Diospyros compacta/P1020059.JPG","","","","","","A","loose photograph","","4864x3648","gallery option","Species named in the filename.","E169-04","e646963c8fcc98f7bd339a3638d36708b82083b4356e321d7f0d03d7681eb06a","B","loose photograph","","4864x3648","gallery option","Association through the named source folder or historical-name trail.","E169-05","0bafd3e8cbc2adbe2096a7a5578e8006c16a2b14ec0c3d338b2980f33fbf3ced","","","","","","","","","","","","","","","","","","","","","","","","","","","","","","","","","","","","","","","","","2","2","0","Supported loose additions","Trunk/base and wider fruiting branches add context; remaining ripe-fruit exports repeat current pictures.","plant-c0c677faec4ac106","11","",""
"Diospyros humilis","/Volumes/Crucial X10/HD/# COMPLETE NPNA NEW ED 2026/A. A. PHOTOS AND IMAGES/D. PLANT DESCRIPTIONS GENERA A-Z/DD/Diospyros humilis (N)/PICK/EXTRA/Diospyros humilis.565.a.JPG","/Volumes/Crucial X10/SD/# A A COMPLETED/Diospyros humilis/P1080369.JPG","","","","","","A","loose photograph","","2908x1636","gallery option","Species named in the filename.","E170-02","5905e7aae3630adfcffc44c6c5332adaaab076720b1d35a290a3d8392db78d63","B","loose photograph","","4864x3648","gallery option","Association through the named source folder or historical-name trail.","E170-04","9b177c33f86ba81efc4d2a437da98d534145fac996d63ab47ea86fdd440c69bb","","","","","","","","","","","","","","","","","","","","","","","","","","","","","","","","","","","","","","","","","2","2","0","Supported loose additions","Bark and wider fruiting habit are the useful new dimensions.","plant-029b865408fe46fb","11","",""
"Diospyros littorea","/Volumes/Crucial X10/SD/# A A A A NPNA 2026 NEW PHOTOS/A A A BOT GDNS 2.8.2026/Diospyros littorea.776.JPG","/Volumes/Crucial X10/SD/# AA NEW SPECIES/Diospyros littorea BotGdns 15.1.25/_1240755.JPG","","","","","","A","loose photograph","","4864x3648","gallery option","Species named in the filename.","E171-01","d3fb8e4212fd19e0bbc6897247dceef4b621171eb5c2a771da51063cbb1c18ff","B","loose photograph","","4000x3000","gallery option","Association through the named source folder or historical-name trail.","E171-05","4cafc084845e6839a8044fbcdeba1788c46970a731dfb22ae019583c0ed3753f","","","","","","","","","","","","","","","","","","","","","","","","","","","","","","","","","","","","","","","","","2","2","0","Supported loose additions","Trunk/bark and broader understorey habit complement two fruit close-ups.","plant-b5a59a0d511980fc","8","",""
"Diospyros maritima","/Volumes/Crucial X10/SD/# A A A A NPNA 2026 NEW PHOTOS/1 1 1 1 1 AN ARVO AT MUSEUM 12.9.2026/Diospyros maritima/P1170629.JPG","/Volumes/Crucial X10/SD/D D D/Diospyros maritima/P1160045.JPG","","","","","","B","loose photograph","","4864x3648","gallery option","Association through the named source folder or historical-name trail.","E172-05","0a17a84f5bcf4106eee85ba486073f6b214c4f1327828a3ba760f52bd6704c74","B","loose photograph","","4864x3648","gallery option","Association through the named source folder or historical-name trail.","E172-10","c035bed833e97daec9c617aaaa47dbf288cd346293bdb15c7b7d4469d24eb72b","","","","","","","","","","","","","","","","","","","","","","","","","","","","","","","","","","","","","","","","","2","2","0","Supported loose additions","A wider drooping branch offers modest context; inspected candidates otherwise repeat current fruit/leaf subjects. Additional sequence includes whole dense crown.","plant-89d798c5161793b6","6","",""
"Diospyros rugosula","/Volumes/Crucial X10/SD/# A A COMPLETED/Diospyros rugosula/P1000679.JPG","","","","","","","B","loose photograph","","4864x3648","gallery option","Association through the named source folder or historical-name trail.","E173-01","bd23a30aa818434aea0d5be2e3b3d44d8d3ee908e2f303775941f61868347cc9","","","","","","","","","","","","","","","","","","","","","","","","","","","","","","","","","","","","","","","","","","","","","","","","","2","2","0","Supported loose additions","Only a wider fruiting-branch alternative stands out; limited new subject coverage among shortlisted files.","plant-375c9f1a3689a2c0","5","",""
"Dipodium stenocheilum","/Volumes/Crucial X10/SD/# A A A A NPNA 2026 NEW PHOTOS/WILLIE BURGESS Plants of the nt photos/Orchidaceae Dipodium Dendrobium Habenari Nervilla/Dipodium stenocheilum 9825.JPG","","","","","","","A","loose photograph","","5472x3648","gallery option","Species named in the filename.","E174-04","f8b7cf7fb310b54987ee33bb38570890e62d7f397f772794ca4b1ca500907239","","","","","","","","","","","","","","","","","","","","","","","","","","","","","","","","","","","","","","","","","","","","","","","","","2","2","0","Supported loose additions","Entire tall flowering stem in habitat adds scale beyond close orchid flowers.","plant-6a437de4a3d404ae","7","",""
"Dodonaea hispidula","/Volumes/Crucial X10/HD/AA NATIVE PLANTS OF NA 2021/FINAL FULL DRAFT/PROOF Native Plants of N Australia-PDF.pdf","/Volumes/Crucial X10/SD/D D D/Dodonaea hispidula (prev Distichostemon hispidulus)/_1260061.JPG","/Volumes/Crucial X10/SD/D D D/Dodonaea hispidula/P1020318.JPG","","","","","A","book image","PDF page 185; printed page 184; page-object index 2 (zero-based)","566x570","low-resolution fallback","Photograph positioned with the authored species account in the book proof.","B-p185-o2","","B","loose photograph","","4000x3000","gallery option","Association through the named source folder or historical-name trail.","E175-02","f4b0cf2698ae72902b0971eae70c393a0ad4074cebbec3942565b083518b55c0","B","loose photograph","","4000x3000","gallery option","Association through the named source folder or historical-name trail.","E175-04","ea190014e182efe24764fcbe8818520f4d9d2bd031d0ae9bd02474aa894008c8","","","","","","","","","","","","","","","","","","","","","","","","","","","","","","","","","1","1","0","Supported loose additions","Leaf detail, developing green fruit and the older ripe-winged-fruit photograph add useful identification stages.","plant-b78a724b6e153e02","4","",""
"Dodonaea platyptera","/Volumes/Crucial X10/SD/D D D/Dodonaea platyptera/P1020153.JPG","/Volumes/Crucial X10/SD/D D D/Dodonaea platyptera/P1020149.JPG","/Volumes/Crucial X10/SD/D D D/Dodonaea platyptera/_1280549.JPG","","","","","B","loose photograph","","4864x3648","gallery option","Association through the named source folder or historical-name trail.","E176-04","f8255952abb3e22cd14fcdf2129c199ba8a1e5a482376d53edc01bd869d131ea","B","loose photograph","","4864x3648","gallery option","Association through the named source folder or historical-name trail.","E176-01","9cffdb5959f91e80a79bb026a9c587819c2c6ddfe8e0464d8bf6a0818ffcdb8b","B","loose photograph","","4000x3000","gallery option","Association through the named source folder or historical-name trail.","E176-09","0707f235888ca481987c93c07bfb904aaae8e24b26f3e61382de6ea16d3b2234","","","","","","","","","","","","","","","","","","","","","","","","","","","","","","","","","2","2","0","Supported loose additions","Whole shrub and newer leaf/reproductive growth complement ripe capsules. Additional sequence includes pale immature winged fruits.","plant-150405784e6beba0","3","",""
"Dracaena angustifolia","/Volumes/Crucial X10/SD/# A A A A NPNA 2026 NEW PHOTOS/A A A A A CASUARINA RES, LEE PT, EAST PT, VESTEY LAGOON, DUKE ST RF, 8.8.2026/Dracaena angustifolia/P1150450.JPG","/Volumes/Crucial X10/SD/D D D/Dracaena angustifolia/20240704_181830.jpg","/Volumes/Crucial X10/SD/D D D/Dracaena angustifolia/_1120860.JPG","","","","","B","loose photograph","","4864x3648","gallery option","Association through the named source folder or historical-name trail.","E177-05","e48a920f212410f823d42c674a5af8b1fe545ac8daa1e1e086b4d70c995bb37a","B","loose photograph","","4032x3024","gallery option","Association through the named source folder or historical-name trail.","E177-06","fd584e1d70da6062c5bd209f162a3f7274e887f9979ab068c54b4e8b820ed4fe","B","loose photograph","","4000x3000","gallery option","Association through the named source folder or historical-name trail.","E177-11","628d1e967fe0fd2bb5f4b973a89fbfb9afc7aa421c02f94f04a04b8dc7ff254a","","","","","","","","","","","","","","","","","","","","","","","","","","","","","","","","","4","4","0","Supported loose additions","Non-flowering leaf arrangement and whole shrub add features beyond four flowering compositions. Additional sequence includes an orange fruit among the leaves.","plant-da37febb56b53bc3","6","",""
"Drosera brevicornis","/Volumes/Crucial X10/HD/AA NATIVE PLANTS OF NA 2021/FINAL FULL DRAFT/PROOF Native Plants of N Australia-PDF.pdf","","","","","","","A","book image","PDF page 187; printed page 186; page-object index 2 (zero-based)","566x568","low-resolution fallback","Photograph positioned with the authored species account in the book proof.","B-p187-o2","","","","","","","","","","","","","","","","","","","","","","","","","","","","","","","","","","","","","","","","","","","","","","","","","","2","2","0","Book addition only","No new loose file. Older book object 2 shows flower-bearing plants and adds reproductive/habit coverage. Object 1 on the same page belongs to the separate Drosera sp. account and must not be assigned here.","plant-4156b5982839782f","2","",""
"Drosera sp. serpens","/Volumes/Crucial X10/SD/D D D/Drosera sp. serpens Wearyan R, 6.7.25/SELECT/PICK/Drosera sp. serpens.077.a.JPG","/Volumes/Crucial X10/SD/D D D/Drosera sp. serpens Wearyan R, 6.7.25/SELECT/PICK/Drosera sp. serpens.073..JPG","","","","","","A","loose photograph","","3541x2655","gallery option","Species named in the filename.","E179-01","3e12c840b023824ef9a5d73643a90f4e45ef3e8b241f1f8286e560c1fbc80b53","A","loose photograph","","4342x2442","gallery option","Species named in the filename.","E179-02","adc6e475030b59f476f523c8e5fa8bfc537002fbfc5d8710a7cbb8aeb9706aad","","","","","","","","","","","","","","","","","","","","","","","","","","","","","","","","","","","","","","","","","3","3","0","Supported loose additions","Different whole-plant/site compositions are available, but largely repeat existing sticky-leaf/habit coverage. Preserve the source's informal sp. serpens naming; do not generalise an unqualified Drosera sp. folder to this account. Secondary shortlist also contains generic Drosera sp. rosettes and a butterfly; these cannot establish the informal serpens account identity.","plant-b4e2449d8e886f0e","15","",""
"Drynaria quercifolia","/Volumes/Crucial X10/SD/D D D/Drynaria quercifolia (NB poss name change to Aglaomorpha querciflora)/P1190773.JPG","/Volumes/Crucial X10/SD/D D D/Drynaria quercifolia (NB poss name change to Aglaomorpha querciflora)/P1190774.JPG","","","","","","C","loose photograph","","4000x3000","identification-review lead","Association through the named source folder or historical-name trail; Source explicitly uncertain or a mixed/incorrectly labelled collection.","E180-03","30217ecb730c695c589637b949525ba04c843a7c3dd1395230512b240ac05b16","C","loose photograph","","4000x3000","identification-review lead","Association through the named source folder or historical-name trail; Source explicitly uncertain or a mixed/incorrectly labelled collection.","E180-04","8b62b98fa35a9ae04f791c5554f1d9306745a4cb9f387ea895e325841020990e","","","","","","","","","","","","","","","","","","","","","","","","","","","","","","","","","","","","","","","","","2","2","0","Uncertain loose leads only","Fern attached to rock/tree and a wider fern habitat are useful contextual leads. Mixed/uncertain source labels require confirmation; candidate 2 names another plant and is not recommended. Secondary mixed series contains a nest-forming fern view as well as climbing fronds; this is not automatically allocated to Drynaria.","plant-731de62876a241a0","8","",""
"Drypetes deplanchei","/Volumes/Crucial X10/SD/D D D/Drypetes deplanchei/P1200285.JPG","/Volumes/Crucial X10/SD/D D D/Drypetes deplanchei (prev D. lasiogyna)/_1230316.JPG","/Volumes/Crucial X10/SD/D D D/Drypetes deplanchei (prev D. lasiogyna)/P1220686.JPG","","","","","B","loose photograph","","4000x3000","gallery option","Association through the named source folder or historical-name trail.","E181-02","4d323631270c968233726d588ee2c51bc8dba45cbaa80c85ff1cfe422182ed85","B","loose photograph","","4000x3000","gallery option","Association through the named source folder or historical-name trail.","E181-05","ed65c12c7a3a153effaf6da2289fe6b36c29e7d4ab91d102b3cb99c49c47a898","B","loose photograph","","4000x3000","gallery option","Association through the named source folder or historical-name trail.","E181-10","fe3014b69d9464051f343a88abfaf1743b8ebe98c0decfb5b7b44df22bd05cda","","","","","","","","","","","","","","","","","","","","","","","","","","","","","","","","","2","2","0","Supported loose additions","Broader foliage/branch structure adds context. Candidate 3 is a botanical-garden label, useful as evidence but not a gallery photograph. Additional sequence includes close red fruit.","plant-be55a0ba80e31d68","9","",""
"Dysoxylum acutangulum subsp. foveolatum","/Volumes/Crucial X10/HD/AA NATIVE PLANTS OF NA 2021/FINAL FULL DRAFT/PROOF Native Plants of N Australia-PDF.pdf","/Volumes/Crucial X10/SD/D D D/Dysoxylum acutangulum subsp. fovealatum (prev D. oppositifolium)/SELECT/P1190794#.JPG","/Volumes/Crucial X10/SD/D D D/Dysoxylum acutangulum subsp. fovealatum (prev D. oppositifolium)/D. acutangulatum TBC leaves fr East Pt 7.6.25/P1030878.JPG","","","","","A","book image","PDF page 189; printed page 188; page-object index 1 (zero-based)","566x398","low-resolution fallback","Photograph positioned with the authored species account in the book proof.","B-p189-o1","","C","loose photograph","","4000x3000","identification-review lead","Association through the named source folder or historical-name trail; Full subspecies/variety not established: retain the source species-level caption; A different or differently spelled infraspecific name occurs in the path; resolve before allocation.","E182-03","094160f901e385514eab62b6eb0f2759d6dd0591996730c313670a4d66de4df4","C","loose photograph","","4864x3648","identification-review lead","Association through the named source folder or historical-name trail; Source explicitly uncertain or a mixed/incorrectly labelled collection; Full subspecies/variety not established: retain the source species-level caption; A different or differently spelled infraspecific name occurs in the path; resolve before allocation.","E182-02","8bd858ee9a9799e28aa6250f244134b987df61330b7bc3802331e2afcdc26886","","","","","","","","","","","","","","","","","","","","","","","","","","","","","","","","","1","1","0","Book addition; loose leads need ID review","Closer fruit and leaf structure offer options, but loose labels are uncertain. Older book gives an authored fruit/compound-leaf view; subspecies identity remains a separate check.","plant-5206ffd1a0904bf0","5","",""
"Elaeocarpus angustifolius","/Volumes/Crucial X10/SD/# A A COMPLETED/Elaeocarpus angustifolius/SELECT/GO/Elaeocarpus angustifolius.tif665.a.jpeg","/Volumes/Crucial X10/SD/# A A COMPLETED/Elaeocarpus angustifolius/RAW/TIF/Elaeocarpus angustifolius.tif421.tif","/Volumes/Crucial X10/SD/# A A A A NPNA 2026 NEW PHOTOS/WILLIE BURGESS Plants of the nt photos/Elaeocarpaceae Elaeocarpus/Elaeocarpus/elaoecarpus angustifolius 8142.JPG","","","","","A","loose photograph","","3215x2527","gallery option","Species named in the filename.","E183-04","dda00926fa7ead6a17b21c293c2b0861db4ef934645657ca66a621704653fd24","A","loose photograph","","5488x3664","gallery option","Species named in the filename.","E183-09","63bdd46f3d210cbbe31df8d426b6c46003d69bef26be695cc4013a27eb95d6b4","B","loose photograph","","5472x3648","gallery option","Species named in the filename; Name spelling, abbreviation or historical combination needs retaining in provenance.","E183-12","1ae453b04e8618c8d0b8cc13cac7d5a0f10469b2c62d1f3391322292b483b443","","","","","","","","","","","","","","","","","","","","","","","","","","","","","","","","","3","3","0","Supported loose additions","A wider canopy/branch composition is a modest addition; most flower and red-leaf candidates repeat current views. Additional named files show red young foliage and laid-out blue fruits.","plant-c25b1fe460c16206","12","",""
"Elaeocarpus arnhemicus","/Volumes/Crucial X10/SD/E E E/Elaeocarpus arnhemicus/_1130888 Elaeocarpus arnhemicus.JPG","/Volumes/Crucial X10/HD/AA NATIVE PLANTS OF NA 2021/FINAL FULL DRAFT/PROOF Native Plants of N Australia-PDF.pdf","/Volumes/Crucial X10/SD/E E E/Elaeocarpus arnhemica/P1150715.JPG","/Volumes/Crucial X10/SD/E E E/Elaeocarpus arnhemicus/DSC01586.JPG","","","","A","loose photograph","","4000x3000","gallery option","Species named in the filename.","E184-03","f6ee4bfc4511edbf036cbf77b2e94ffb02b475b130c6597c09ce4aae259f57a5","A","book image","PDF page 191; printed page 190; page-object index 1 (zero-based)","567x569","low-resolution fallback","Photograph positioned with the authored species account in the book proof.","B-p191-o1","","B","loose photograph","","4864x3648","gallery option","Association through the named source folder or historical-name trail; Name spelling, abbreviation or historical combination needs retaining in provenance.","E184-05","8cd128704a4e0c6e336ea12745164109d85c9a0868f13e783f047fa36432cca0","B","loose photograph","","5472x3648","gallery option","Association through the named source folder or historical-name trail.","E184-09","14f97070c1ab8f4a77496e1ac1c6491a9fe769ff9be08ad6d0e1c30526b58476","","","","","","","","","","","","","","","","","","","","","","","","","3","3","0","Supported loose additions","Developing fruit, mature foliage and whole-tree habit add context. Detached fruit-and-stone exports repeat the existing plate. Additional sequence has trunk/bark detail.","plant-39d68731dc966767","10","",""
"Emmenosperma cunninghamii","/Volumes/Crucial X10/SD/E E E/Emmenosperma cunninghamii Rhamnac, JRS block 1.6.25/P1030222.JPG","/Volumes/Crucial X10/SD/E E E/Emmenosperma cunninghamii Rhamnac, JRS block 1.6.25/P1030223.JPG","","","","","","B","loose photograph","","4864x3648","gallery option","Association through the named source folder or historical-name trail.","E185-03","f7558db50e8abd8b5d9bd5c38d9d8462e5023b4a04c70f52e50fbddbdfd37c19","B","loose photograph","","4864x3648","gallery option","Association through the named source folder or historical-name trail.","E185-04","8e72b5a153381688332e9f5ca1dfa676e11682e71a0481bfbe84575bd99608ad","","","","","","","","","","","","","","","","","","","","","","","","","","","","","","","","","","","","","","","","","2","2","0","Supported loose additions","Whole leafy tree and close leaf arrangement complement fruit and bark.","plant-52677a8252a0af22","3","",""
"Empusa habenarina","/Volumes/Crucial X10/SD/# A A COMPLETED/Empusa habenarina/SELECT/_1240429#.JPG","/Volumes/Crucial X10/SD/# A A COMPLETED/Empusa habenarina/SELECT/_1240434#.JPG","/Volumes/Crucial X10/SD/# A A COMPLETED/Empusa habenarina/_1240395.JPG","/Volumes/Crucial X10/SD/# A A COMPLETED/Empusa habenarina/_1240421.JPG","","","","B","loose photograph","","4000x3000","gallery option","Association through the named source folder or historical-name trail.","E186-06","90cce0bfc909f6b98ef42876c8408a6ae6516b2183a0d5ca31a88773cf95ffa8","B","loose photograph","","4000x3000","gallery option","Association through the named source folder or historical-name trail.","E186-03","044018bd44a6bdd61db08d7bb9823767465c8753a7a38afaca8b448dd779dfd2","B","loose photograph","","4000x3000","gallery option","Association through the named source folder or historical-name trail.","E186-04","515d76109220ae786fefedeefd9c6815162f7932ad18c0432bb681137d7f6bc7","B","loose photograph","","4000x3000","gallery option","Association through the named source folder or historical-name trail.","E186-11","c08d18c6f2a32f850c10871a1c3c5d9a657c659785f34c2d4e952384eab84663","","","","","","","","","","","","","","","","","","","","","","","","","2","2","0","Supported loose additions","Small-flower detail, grass-like basal leaves and habitat offer useful structure and scale. Additional sequence includes basal foliage in grass.","plant-dd048f80702fee30","15","",""
"Epipremnum amplissimum","/Volumes/Crucial X10/SD/E E E/Epipremnum aplissimum (prev Rhaphidophora australasica)/P1220037.JPG","/Volumes/Crucial X10/SD/E E E/Epipremnum aplissimum (prev Rhaphidophora australasica)/P1220036.JPG","","","","","","B","loose photograph","","4000x3000","gallery option","Association through the named source folder or historical-name trail; Name spelling, abbreviation or historical combination needs retaining in provenance.","E187-01","a41ee63da45e4dc667b0c119cf683780846685d10bf9b6fbadffde1b7e138c00","B","loose photograph","","4000x3000","gallery option","Association through the named source folder or historical-name trail; Name spelling, abbreviation or historical combination needs retaining in provenance.","E187-04","10ee1aa9610b4148c4562aa540a0e1578420920b13b94e56aae37a2cf1fe0f90","","","","","","","","","","","","","","","","","","","","","","","","","","","","","","","","","","","","","","","","","1","1","0","Supported loose additions","Climbing habit and attachment on a trunk are useful. Some other files show markedly divided leaves unlike the current/book foliage; leave those for identification review rather than assuming they depict a growth stage of this account.","plant-29a10b5c44d9a43a","4","",""
"Erythrina variegata var. orientalis","/Volumes/Crucial X10/SD/# A A COMPLETED/Erythrina variegata var. orientalis, East AL,  Willie Block (24.6.25)/SELECT/DSC05876.WB.JPG","/Volumes/Crucial X10/SD/# A A COMPLETED/Erythrina variegata var. orientalis, East AL,  Willie Block (24.6.25)/P1040958.JPG","/Volumes/Crucial X10/SD/# A A COMPLETED/Erythrina variegata var. orientalis, East AL,  Willie Block (24.6.25)/P1040957.JPG","","","","","B","loose photograph","","5472x3648","gallery option","Association through the named source folder or historical-name trail.","E188-04","1ca5aba7f253be3abade8a82215b1dbb1dd8eb3474227d2c8501d16f76246ef8","B","loose photograph","","4864x3648","gallery option","Association through the named source folder or historical-name trail.","E188-06","b37a709246f84aaad62dfd25bbe064686667f2ffa1451aaed8460c2d4957ccd4","B","loose photograph","","4864x3648","gallery option","Association through the named source folder or historical-name trail.","E188-09","4ced727b45243a3d4b678c4cba83455be3f9de1b2340c3d268a2065016a0b023","","","","","","","","","","","","","","","","","","","","","","","","","","","","","","","","","2","2","0","Supported loose additions","Lorikeet at flowers and bark add clear dimensions. Species-level labelling should be retained where variety is absent from source labels. Additional sequence has bark detail; species-only labels do not establish variety.","plant-3942bb2e6b6f8772","9","",""
"Erythrina vespertilio subsp. vespertilio","/Volumes/Crucial X10/SD/E E E/Erythrina vespertilio subsp. vespertilio/SELECT/Erythrina vespertilio.411.a.JPG","/Volumes/Crucial X10/HD/# COMPLETE NPNA NEW ED 2026/A. A. PHOTOS AND IMAGES/D. PLANT DESCRIPTIONS GENERA A-Z/EE/Erythrina vespertilio subsp. vespertilio/PICK/1. White-gaped Honeyeater on Erythrina vespertilio w leaves.482.aa.JPG","/Volumes/Crucial X10/SD/E E E/Erythrina vespertilio ssp. vespertilio/SELECT/Erythrina vespertilio.(420).a.JPG","/Volumes/Crucial X10/HD/AA NATIVE PLANTS OF NA 2021/FINAL FULL DRAFT/PROOF Native Plants of N Australia-PDF.pdf","","","","A","loose photograph","","1021x1361","gallery option","Species named in the filename.","E189-06","2fde2f363bcc5cf736752f1f496e5d3aa1f03b90453981c02d66dab4cf5105e6","A","loose photograph","","2925x2194","gallery option","Species named in the filename.","E189-04","135d037ee97eae394e8bfecfde8a78975a2c85d55437184b3c361bfe892e1cd7","A","loose photograph","","2337x1753","gallery option","Species named in the filename.","E189-02","ae04a0d2aab09d036b5b8ba4d79cc316aa4c7af3bafdee7e27b21fb964fdab99","A","book image","PDF page 193; printed page 192; page-object index 2 (zero-based)","567x568","low-resolution fallback","Photograph positioned with the authored species account in the book proof.","B-p193-o2","","","","","","","","","","","","","","","","","","","","","","","","","","1","1","0","Supported loose additions","Open pods/seeds, honeyeater interaction, close flower interior and older leaf shape could substantially expand the one flower picture.","plant-5d0ce37fad31caa8","24","",""
"Erythrophleum chlorostachys","/Volumes/Crucial X10/HD/AA NATIVE PLANTS OF NA 2021/FINAL FULL DRAFT/PROOF Native Plants of N Australia-PDF.pdf","/Volumes/Crucial X10/SD/# A A A A NPNA 2026 NEW PHOTOS/WILLIE BURGESS Plants of the nt photos/Fabaceae Acacia Erythrina Jacksonia Albizia Bossiaea Caseapinia Cathormion Erythrophleum Jacksonia Millettia Mucuna Senna Sesbania  Sophora Tamarindus/erythrophleum chlorostachachys 55.JPG","/Volumes/Crucial X10/SD/E E E/Erythrophleum chlorostachys/P1150743.JPG","/Volumes/Crucial X10/SD/E E E/Erythrophleum chlorostachys/P1180862.JPG","","","","A","book image","PDF page 194; printed page 193; page-object index 1 (zero-based)","566x572","low-resolution fallback","Photograph positioned with the authored species account in the book proof.","B-p194-o1","","B","loose photograph","","5472x3648","gallery option","Species named in the filename; Name spelling, abbreviation or historical combination needs retaining in provenance.","E190-05","68e3f7fd5537c9efa56f48db1046b89261feb9e8149428d4790c6d352066eaf8","B","loose photograph","","4864x3648","gallery option","Association through the named source folder or historical-name trail.","E190-04","30aca6d08d6818801c5e0cac5ff873a270fb115b0473aef3deec0cde6d35f892","B","loose photograph","","4000x3000","gallery option","Association through the named source folder or historical-name trail.","E190-10","e5e2fdb726e9ef0df74973464f7561564089949b7ef77311c90903702f8507c1","","","","","","","","","","","","","","","","","","","","","","","","","2","2","0","Supported loose additions","Hairy/new reproductive detail, canopy structure and older whole-tree habit are useful additions. Additional sequence shows branching trunk/bark.","plant-5f31f5185b130966","6","",""
"Erythroxylum ellipticum","/Volumes/Crucial X10/SD/# A A A A NPNA 2026 NEW PHOTOS/WILLIE BURGESS Plants of the nt photos/Erythroxylaceae Erythroxylum/Erythroxylum ellipticum 4732.JPG","/Volumes/Crucial X10/SD/# A A A A NPNA 2026 NEW PHOTOS/WILLIE BURGESS Plants of the nt photos/Erythroxylaceae Erythroxylum/Erythroxylum ellipticum 4747.JPG","/Volumes/Crucial X10/SD/# A A A A NPNA 2026 NEW PHOTOS/WILLIE BURGESS Plants of the nt photos/Erythroxylaceae Erythroxylum/Erythroxylum ellipticum 4745.JPG","/Volumes/Crucial X10/HD/AA NATIVE PLANTS OF NA 2021/FINAL FULL DRAFT/PROOF Native Plants of N Australia-PDF.pdf","/Volumes/Crucial X10/SD/E E E/Erythroxylum ellipticum Gulf/P1060918.JPG","","","A","loose photograph","","5472x3648","gallery option","Species named in the filename.","E191-02","a2d0d633b6c2d4e95325967a40570f04976f471ca7199e4e1b7b95f94d8e3529","A","loose photograph","","5472x3648","gallery option","Species named in the filename.","E191-03","5d0d97b20681ec70ed81eacb8fa27bae081d4e57335d91eec74521007be87f42","A","loose photograph","","5472x3648","gallery option","Species named in the filename.","E191-04","7a5e103179a5cbe6a1ea97de96876027593429b4e12e565b5b1756c57a2284f1","A","book image","PDF page 193; printed page 192; page-object index 1 (zero-based)","566x390","low-resolution fallback","Photograph positioned with the authored species account in the book proof.","B-p193-o1","","B","loose photograph","","4864x3648","gallery option","Association through the named source folder or historical-name trail.","E191-12","6071797954121655fd5a9a45974e3d2d03e0b1ef0e97f088ceff815e6981536c","","","","","","","","","","","","","","","","","1","1","0","Supported loose additions","Bark, whole-tree architecture and foliage add several gaps; older book also provides a different fruiting-leaf view. Additional sequence gives close bark texture.","plant-e44b108261d8761e","4","",""
"Eucalyptus alba var. australasica","/Volumes/Crucial X10/SD/# A A A A NPNA 2026 NEW PHOTOS/A A A BOT GDNS 2.8.2026/Eucalyptus alba var australasica.927.JPG","/Volumes/Crucial X10/HD/AA NATIVE PLANTS OF NA 2021/FINAL FULL DRAFT/PROOF Native Plants of N Australia-PDF.pdf","/Volumes/Crucial X10/SD/E E E/Eucalyptus alba var australasica/P1080363.JPG","/Volumes/Crucial X10/SD/E E E/Eucalyptus alba var australasica/_1240921.JPG","","","","A","loose photograph","","4864x3648","gallery option","Species named in the filename.","E192-02","e36697d728e907f0113f0af4a994d5d21ad2d28c93c88c3a08021bfd514f239e","A","book image","PDF page 195; printed page 194; page-object index 1 (zero-based)","393x569","low-resolution fallback","Photograph positioned with the authored species account in the book proof.","B-p195-o1","","B","loose photograph","","4864x3648","gallery option","Association through the named source folder or historical-name trail.","E192-03","687acd1b11a36856de332d632924132658e4819e66d43a12a261759fb71fe062","B","loose photograph","","4000x3000","gallery option","Association through the named source folder or historical-name trail.","E192-08","cd10d30c7c19c233d0ef27aeff5d745209d8177a4177bdf993c2872d946034ad","","","","","","","","","","","","","","","","","","","","","","","","","4","4","0","Supported loose additions","Developing reproductive/leafy branches and older flower/bud detail add stages. Candidate 5 is a plant label, not a photograph for the gallery. Additional sequence shows whole pale trunk and branching tree; species-level association only.","plant-c7112a1a99bdc5f8","13","",""
"Eucalyptus apodophylla","/Volumes/Crucial X10/HD/AA NATIVE PLANTS OF NA 2021/FINAL FULL DRAFT/PROOF Native Plants of N Australia-PDF.pdf","/Volumes/Crucial X10/SD/E E E/Eucalyptus apodophylla/_1100089 Eucalyptus apodaphylla.JPG","","","","","","A","book image","PDF page 196; printed page 195; page-object index 2 (zero-based)","566x573","low-resolution fallback","Photograph positioned with the authored species account in the book proof.","B-p196-o2","","B","loose photograph","","4000x3000","gallery option","Association through the named source folder or historical-name trail.","E193-02","3a60d718ddde50151e54fbe6e3e2e4ad8a5e3d1539ba29fad0f2bfbd64b3a58a","","","","","","","","","","","","","","","","","","","","","","","","","","","","","","","","","","","","","","","","","3","3","0","Supported loose additions","Small/young leafy plant and older whole-tree habit complement bark, reproductive detail and adult leaves.","plant-0770bf87c0d0501c","9","",""
"Eucalyptus bigalerita","/Volumes/Crucial X10/SD/E E E/Eucalyptus bigalerita/Tiger-Wasp Moth on Euc bigalerita 20.5.25/SELECT/PICK/GO/Tiger-Wasp Moth on Eucalyptus bigalerita, 5.48pm.405.a.JPG","/Volumes/Crucial X10/HD/# COMPLETE NPNA NEW ED 2026/A. A. PHOTOS AND IMAGES/D. PLANT DESCRIPTIONS GENERA A-Z/EE/Eucalyptus bigalerita (use 2022 tree & fruit photo)/PICK/EXTRA/Eucalyptus bigalerita nuts.547.a.JPG","/Volumes/Crucial X10/HD/AA NATIVE PLANTS OF NA 2021/FINAL FULL DRAFT/PROOF Native Plants of N Australia-PDF.pdf","","","","","A","loose photograph","","2624x1968","gallery option","Species named in the filename.","E194-03","76b44ec9d0c996ec27a0f849f8ca89aa03457158ceb3bfa751bdfa8831b8ddae","A","loose photograph","","1574x1180","gallery option","Species named in the filename.","E194-04","eeda451b72944738c0cbadf32db2df5704cc6d1b2d122b2ff5ec4463bf370830","A","book image","PDF page 197; printed page 196; page-object index 2 (zero-based)","567x567","low-resolution fallback","Photograph positioned with the authored species account in the book proof.","B-p197-o2","","","","","","","","","","","","","","","","","","","","","","","","","","","","","","","","","","3","3","0","Supported loose additions","Moth visiting flowers, developing fruit and older tree habit add useful dimensions.","plant-843599c837e1f932","12","",""
"Eucalyptus brachyandra","/Volumes/Crucial X10/HD/AA NATIVE PLANTS OF NA 2021/FINAL FULL DRAFT/PROOF Native Plants of N Australia-PDF.pdf","/Volumes/Crucial X10/HD/AA NATIVE PLANTS OF NA 2021/FINAL FULL DRAFT/PROOF Native Plants of N Australia-PDF.pdf","","","","","","A","book image","PDF page 198; printed page 197; page-object index 1 (zero-based)","566x389","low-resolution fallback","Photograph positioned with the authored species account in the book proof.","B-p198-o1","","A","book image","PDF page 198; printed page 197; page-object index 2 (zero-based)","566x572","low-resolution fallback","Photograph positioned with the authored species account in the book proof.","B-p198-o2","","","","","","","","","","","","","","","","","","","","","","","","","","","","","","","","","","","","","","","","","","1","1","0","Book addition only","Older book supplies flowers/leaves and habitat with bark/fruit insets; a substantial recovery beyond the single trunk image, despite limited resolution.","plant-9b3c5dd4da4b0bf7","2","",""
"Eucalyptus camaldulensis subsp. obtusa","/Volumes/Crucial X10/SD/E E E/Eucalyptus camaldulensis/Study of Bark/SELECT/PICK/Bark study River Red Gum.079.a.JPG","/Volumes/Crucial X10/SD/E E E/Eucalyptus camaldulensis/SELECT/PICK/Lerps on leaves of Eucalyptus camaldulensis.065.a.JPG","/Volumes/Crucial X10/SD/E E E/Eucalyptus camaldulensis/P1150035.JPG","/Volumes/Crucial X10/SD/E E E/Eucalyptus camaldulensis/Study of Bark/P1150077##.JPG","/Volumes/Crucial X10/SD/E E E/Eucalyptus camaldulensis/LERPS on euc leaves are small, su/P1150065##.JPG","/Volumes/Crucial X10/HD/AA NATIVE PLANTS OF NA 2021/FINAL FULL DRAFT/PROOF Native Plants of N Australia-PDF.pdf","/Volumes/Crucial X10/HD/AA NATIVE PLANTS OF NA 2021/FINAL FULL DRAFT/PROOF Native Plants of N Australia-PDF.pdf","B","loose photograph","","4536x3402","gallery option","Association through the named source folder or historical-name trail; Full subspecies/variety not established: retain the source species-level caption.","E196-03","ef3d7c120bdcdf265fd6d89edd81d0dfb50d97b2f363c9d8d28ee0e35c85c70d","B","loose photograph","","1175x1567","gallery option","Species named in the filename; Full subspecies/variety not established: retain the source species-level caption.","E196-04","1e31f8ccb5c5af3fbda05dced8099427d82f2527da43ad19d2188bd03db0c443","B","loose photograph","","4864x3648","gallery option","Association through the named source folder or historical-name trail; Full subspecies/variety not established: retain the source species-level caption.","E196-06","3172f05f72989155f0eefdf693d12db674d8e84054c04809ea020f760902718a","B","loose photograph","","4864x3648","gallery option","Association through the named source folder or historical-name trail; Full subspecies/variety not established: retain the source species-level caption.","E196-07","dc6096cc6d3abd2a90941f812529bca6bd02a426833579bc7e60e9ab2bd2eb39","B","loose photograph","","4864x3648","gallery option","Association through the named source folder or historical-name trail; Full subspecies/variety not established: retain the source species-level caption.","E196-08","69437c8f99ed6e56873d633df13defb06c1f43f4cc6de817a61b47578a015abb","B","book image","PDF page 199; printed page 198; page-object index 1 (zero-based)","566x573","low-resolution fallback","Photograph positioned with the authored species account in the book proof. Source heading/name trail is Eucalyptus camaldulensis; preserve that name and do not infer a finer rank.","B-p199-o1","","B","book image","PDF page 199; printed page 198; page-object index 2 (zero-based)","566x574","low-resolution fallback","Photograph positioned with the authored species account in the book proof. Source heading/name trail is Eucalyptus camaldulensis; preserve that name and do not infer a finer rank.","B-p199-o2","","2","2","0","Supported loose additions","Bark, lerps on leaves, mature foliage, flowers and riverbank habit fill many gaps in the two-fruit-image account. Retain species-level certainty separately from subspecies. Additional sequence includes peeling bark and a leaf with small white surface structures; species-level association only.","plant-b998c001d4253b80","13","",""
"Eucalyptus herbertiana","/Volumes/Crucial X10/HD/AA NATIVE PLANTS OF NA 2021/FINAL FULL DRAFT/PROOF Native Plants of N Australia-PDF.pdf","/Volumes/Crucial X10/SD/E E E/Eucalyptus herbertiana/20240710_120146.jpg","/Volumes/Crucial X10/SD/E E E/Eucalyptus herbertiana/20240710_120316.jpg","","","","","A","book image","PDF page 200; printed page 199; page-object index 2 (zero-based)","566x574","low-resolution fallback","Photograph positioned with the authored species account in the book proof.","B-p200-o2","","B","loose photograph","","4032x3024","gallery option","Association through the named source folder or historical-name trail.","E197-06","dc566376b9b65f38218985221c5101703e8c2160e56826e1ff19d58c041e202c","B","loose photograph","","4032x3024","gallery option","Association through the named source folder or historical-name trail.","E197-07","7433dd274c70ca1d14b4993c9fcf272e9719c479eb144497eb7fd9755e2ca601","","","","","","","","","","","","","","","","","","","","","","","","","","","","","","","","","3","3","0","Supported loose additions","Trunk/crown perspective and older rocky whole-tree habit with buds are useful additions. Additional photograph gives close peeling red/white bark.","plant-9f81847877dc5fe4","5","",""
"Eucalyptus jensenii","/Volumes/Crucial X10/SD/E E E/Eucalyptus jensenii/Eucalyptus jensenii 1 Mt Ringwood July'22 IM.jpg","/Volumes/Crucial X10/SD/# A A A A NPNA 2026 NEW PHOTOS/BATCH ADEL R TRIP 27.5.26/Eucalyptus jensennii.703.1.JPG","/Volumes/Crucial X10/SD/E E E/Eucalyptus jensenii/P1190179.JPG","/Volumes/Crucial X10/SD/E E E/Eucalyptus jensenii/P1040124.JPG","","","","A","loose photograph","","3648x4864","gallery option","Species named in the filename.","E198-01","abb3ee000a2e68087d50051be91de8f917c7a3054c4ed70960b5eb7d39713292","B","loose photograph","","3648x4864","gallery option","Species named in the filename; Name spelling, abbreviation or historical combination needs retaining in provenance.","E198-02","a2a2a9288e6979866b68e396aec63abe8332a291a86b7f27696e6cf3dc5b0f32","B","loose photograph","","4000x3000","gallery option","Association through the named source folder or historical-name trail.","E198-03","2d0869ff95634b68799b50bb91d16f8f4e06e59011b7596989344dbe449a5609","B","loose photograph","","4864x3648","gallery option","Association through the named source folder or historical-name trail.","E198-12","cf086bf7b6f42652825de83ed038293c9088a10fef71638e5cabc7777789d4a7","","","","","","","","","","","","","","","","","","","","","","","","","2","2","0","Supported loose additions","Whole tree, bark and new foliage add features. Candidate 4 is a plant label, not gallery content. Additional sequence gives bark texture.","plant-7ac341ee5c6d2f34","4","",""
"Eucalyptus miniata","/Volumes/Crucial X10/HD/AA NATIVE PLANTS OF NA 2021/FOTOS/Eucalyptus miniata fts J Brock.jpg","/Volumes/Crucial X10/HD/AA NATIVE PLANTS OF NA 2021/FINAL FULL DRAFT/PROOF Native Plants of N Australia-PDF.pdf","","","","","","A","loose photograph","","500x375","gallery option","Species named in the filename.","E199-05","299f1c708a26f2e213077870370cd15d7cb85341b320c9e315572e5c5b0a98b5","A","book image","PDF page 203; printed page 202; page-object index 1 (zero-based)","566x566","low-resolution fallback","Photograph positioned with the authored species account in the book proof.","B-p203-o1","","","","","","","","","","","","","","","","","","","","","","","","","","","","","","","","","","","","","","","","","","3","3","0","Supported loose additions","Buds and the older fruit/bark composite add stages beyond flowers and whole-tree habit.","plant-0db078db29289dbc","14","",""
"Eucalyptus patellaris","/Volumes/Crucial X10/HD/AA NATIVE PLANTS OF NA 2021/FINAL FULL DRAFT/PROOF Native Plants of N Australia-PDF.pdf","/Volumes/Crucial X10/HD/AA NATIVE PLANTS OF NA 2021/FINAL FULL DRAFT/PROOF Native Plants of N Australia-PDF.pdf","","","","","","A","book image","PDF page 204; printed page 203; page-object index 1 (zero-based)","390x567","low-resolution fallback","Photograph positioned with the authored species account in the book proof.","B-p204-o1","","A","book image","PDF page 204; printed page 203; page-object index 2 (zero-based)","566x570","low-resolution fallback","Photograph positioned with the authored species account in the book proof.","B-p204-o2","","","","","","","","","","","","","","","","","","","","","","","","","","","","","","","","","","","","","","","","","","1","1","0","Book addition only","No new loose file, but older book offers fruit/foliage and whole-tree, bark and bud views.","plant-f2a47faccba62ff7","2","",""
"Eucalyptus phoenicea","/Volumes/Crucial X10/HD/AA NATIVE PLANTS OF NA 2021/FINAL FULL DRAFT/PROOF Native Plants of N Australia-PDF.pdf","","","","","","","A","book image","PDF page 205; printed page 204; page-object index 2 (zero-based)","567x574","low-resolution fallback","Photograph positioned with the authored species account in the book proof.","B-p205-o2","","","","","","","","","","","","","","","","","","","","","","","","","","","","","","","","","","","","","","","","","","","","","","","","","","2","2","0","Book addition only","Loose shortlist mostly repeats orange flowers. Older whole-tree, bark and fruit composite is the useful expansion.","plant-b7fdb9d405f0cdc8","19","",""
"Eucalyptus pruinosa","/Volumes/Crucial X10/HD/# COMPLETE NPNA NEW ED 2026/A. A. PHOTOS AND IMAGES/C. HERO SHOTS A-Z/EE/PICK/EXTRA/Rainbow Bee Eater perched on Eucalyptus pruinosa.612.a.JPG","/Volumes/Crucial X10/SD/# A A A A NPNA 2026 NEW PHOTOS/WILLIE BURGESS Plants of the nt photos/Myrtacea/Eucalyptus/Eucalyptus pruinosa 4764.JPG","/Volumes/Crucial X10/SD/E E E/Eucalyptus pruinosa/Honeyeater on Eucalyptus pruinosa/SELECT/PICKX/White-gaped Honeyeater on Eucalyptus pruinosa.801.a.JPG","/Volumes/Crucial X10/HD/AA NATIVE PLANTS OF NA 2021/FINAL FULL DRAFT/PROOF Native Plants of N Australia-PDF.pdf","","","","A","loose photograph","","2110x2813","gallery option","Species named in the filename.","E202-02","9fd436d623824808b7e31e71d4a90d7c9c2bfe64f85be18c15e4a302a9dbe970","A","loose photograph","","5472x3648","gallery option","Species named in the filename.","E202-03","5a70b5df4e3d2eb097b38a249e3a3a82d6f8faab11b7d60045ef716f95d13bbf","A","loose photograph","","2087x1565","gallery option","Species named in the filename.","E202-07","e0ed4383229bdda48d57888186776eebcaf18d8a9a6c5a492d09be8bd9bee5eb","A","book image","PDF page 206; printed page 205; page-object index 2 (zero-based)","566x571","low-resolution fallback","Photograph positioned with the authored species account in the book proof.","B-p206-o2","","","","","","","","","","","","","","","","","","","","","","","","","","1","1","0","Supported loose additions","Bee-eater association, broad pale foliage and older whole tree/bark/bud views expand the single flower image. Additional named honeyeater interaction adds ecological context.","plant-0a349272f37c0fb5","13","",""
"Eucalyptus tectifica","/Volumes/Crucial X10/SD/E E E/Eucalyptus tectifica/_1090001 Eucalyptus tectifica, Edith Falls.JPG","/Volumes/Crucial X10/HD/AA NATIVE PLANTS OF NA 2021/FINAL FULL DRAFT/PROOF Native Plants of N Australia-PDF.pdf","/Volumes/Crucial X10/HD/AA NATIVE PLANTS OF NA 2021/FINAL FULL DRAFT/PROOF Native Plants of N Australia-PDF.pdf","/Volumes/Crucial X10/SD/E E E/Eucalyptus tectifica/_1090003.JPG","","","","A","loose photograph","","4000x3000","gallery option","Species named in the filename.","E203-01","18a6dd8cc0a4e06a19c9550afb65a9f81b31f124cdbe7ebb6a026277d59d4451","A","book image","PDF page 207; printed page 206; page-object index 1 (zero-based)","566x569","low-resolution fallback","Photograph positioned with the authored species account in the book proof.","B-p207-o1","","A","book image","PDF page 207; printed page 206; page-object index 2 (zero-based)","566x573","low-resolution fallback","Photograph positioned with the authored species account in the book proof.","B-p207-o2","","B","loose photograph","","4000x3000","gallery option","Association through the named source folder or historical-name trail.","E203-05","dde6c342d3d13fdea9be895dd76ac3db49c6dd3dceae26a3ab43dd43637cf64f","","","","","","","","","","","","","","","","","","","","","","","","","2","2","0","Supported loose additions","Whole-tree habit and hanging foliage are useful; old book adds bark, flowering habit and fruit details.","plant-d46742be3eec2b63","3","",""
"Eucalyptus tintinnans","/Volumes/Crucial X10/HD/AA NATIVE PLANTS OF NA 2021/FINAL FULL DRAFT/PROOF Native Plants of N Australia-PDF.pdf","/Volumes/Crucial X10/HD/AA NATIVE PLANTS OF NA 2021/FINAL FULL DRAFT/PROOF Native Plants of N Australia-PDF.pdf","/Volumes/Crucial X10/HD/# COMPLETE NPNA NEW ED 2026/A. A. PHOTOS AND IMAGES/B. PLANT COMMUNITIES/F. IAN MORRIS - NATIVE PLANT COMMUNITIES & WILDLIFE/PICK/11. Weebill in Hill Salmon Gum Eucalytpus tintinnans.jpg","/Volumes/Crucial X10/SD/E E E/Eucalyptus tintinnans (prev E. alba)/_1060458.JPG","/Volumes/Crucial X10/SD/E E E/Eucalyptus tintinnans ex E. alba/_1050811.JPG","","","A","book image","PDF page 209; printed page 208; page-object index 1 (zero-based)","567x569","low-resolution fallback","Photograph positioned with the authored species account in the book proof.","B-p209-o1","","A","book image","PDF page 209; printed page 208; page-object index 2 (zero-based)","567x572","low-resolution fallback","Photograph positioned with the authored species account in the book proof.","B-p209-o2","","B","loose photograph","","1386x915","gallery option","Species named in the filename; Name spelling, abbreviation or historical combination needs retaining in provenance.","E204-03","bbac6e8d3012c38c254a1f7fe27b0f713e1614b654a342efb95a25453531ea95","C","loose photograph","","4000x3000","identification-review lead","Association through the named source folder or historical-name trail; Source explicitly uncertain or a mixed/incorrectly labelled collection.","E204-06","dba58d4bc2b0ea6b62ee3b05a9b3469aa895fa4d20d8ad7d0da9c71902001bdf","C","loose photograph","","4000x3000","identification-review lead","Association through the named source folder or historical-name trail; Source explicitly uncertain or a mixed/incorrectly labelled collection.","E204-10","a83b24a7a067bb3fa44ef8f53e00e56fe061dbcafa94838870dfe9f26f6ccc11","","","","","","","","","","","","","","","","","2","2","0","Supported loose additions","Weebill association and fruit are loose options; old book supplies flowers, habit and fruit alongside existing bark. Some new loose flowering leads are uncertain. Additional peeling-bark view is useful but comes from the same uncertain source naming.","plant-82925838b2c3bbd5","7","",""
"Euphorbia bifida","/Volumes/Crucial X10/HD/AA NATIVE PLANTS OF NA 2021/FINAL FULL DRAFT/PROOF Native Plants of N Australia-PDF.pdf","","","","","","","A","book image","PDF page 210; printed page 209; page-object index 2 (zero-based)","566x570","low-resolution fallback","Photograph positioned with the authored species account in the book proof.","B-p210-o2","","","","","","","","","","","","","","","","","","","","","","","","","","","","","","","","","","","","","","","","","","","","","","","","","","2","2","0","Book addition only","Loose TBC frames repeat current small flowers. Older whole herb on bare soil adds habitat and scale.","plant-cc2160e6375cfc72","3","",""
"Exocarpos latifolius","/Volumes/Crucial X10/SD/E E E/Exocarpus latifolius/SELECT/SV FIELD DAY.Exocarpus latifolius.a.jpg","/Volumes/Crucial X10/SD/E E E/Exocarpus latifolius/P1020292.JPG","","","","","","B","loose photograph","","1883x2511","gallery option","Species named in the filename; Name spelling, abbreviation or historical combination needs retaining in provenance.","E206-02","dc9273dff3a1d47005ab92e2d6ccb6c7dc43c158b9b2bee71f173c0ce0e62093","B","loose photograph","","4000x3000","gallery option","Association through the named source folder or historical-name trail; Name spelling, abbreviation or historical combination needs retaining in provenance.","E206-03","31b9a1c4e78ddcb565f2a8adc42d93215cf265795ba86755c14819237e08a024","","","","","","","","","","","","","","","","","","","","","","","","","","","","","","","","","","","","","","","","","1","1","0","Supported loose additions","Closer ripe fruit/receptacle and a greener developmental stage are useful alternatives, though still the same reproductive subject.","plant-32b5576e17b415cb","10","",""
"Ficus aculeata","/Volumes/Crucial X10/HD/# COMPLETE NPNA NEW ED 2026/A. A. PHOTOS AND IMAGES/C. HERO SHOTS A-Z/FF/Female Fig Bird on Ficus aculeata.020.aa.JPG","/Volumes/Crucial X10/SD/F F F/Ficus aculeata (ex opposita)/_1140542.JPG","","","","","","A","loose photograph","","1026x1368","gallery option","Species named in the filename.","E207-01","f5b2d09a9373d05ac73beb14c70b4b6f0bc5d4082c36720f1999cbc40eb2a385","B","loose photograph","","4000x3000","gallery option","Association through the named source folder or historical-name trail.","E207-06","4c60a26759eab4e0a79df9689b1af23229482bbe7b63433de0ce0ffaafeda834","","","","","","","","","","","","","","","","","","","","","","","","","","","","","","","","","","","","","","","","","2","2","0","Supported loose additions","Figbird association and wider leafy branching add context; bird photograph is ecological rather than diagnostic.","plant-cbe7533a3f974067","6","",""
"Ficus benjamina","/Volumes/Crucial X10/AA A MONSOON RAINFOREST BOOK/MONSOON FOREST BOOK IMAGES/Ficus benjamina Dhamuyaka.jpg","/Volumes/Crucial X10/SD/F F F/Ficus benjamina/P1010054.JPG","/Volumes/Crucial X10/SD/F F F/Ficus benjamina/DSC00402.JPG","","","","","A","loose photograph","","3264x2448","gallery option","Species named in the filename.","E208-03","59954a84248abeab1aec94e3d6ee3f850f0fcc6b317e7319a0d75c14de8eacf3","B","loose photograph","","4000x3000","gallery option","Association through the named source folder or historical-name trail.","E208-05","ff82cfae2658bc259c3c6e82550c62f43ca7695c758948706399d9d74e3ba225","B","loose photograph","","2592x1944","gallery option","Association through the named source folder or historical-name trail.","E208-09","1d30775f52dcf70a71b66270eb3db6762aa30bbaecaca05284dd36951e4fd8b5","","","","","","","","","","","","","","","","","","","","","","","","","","","","","","","","","2","2","0","Supported loose additions","Branch architecture and broader leafy crown fill gaps left by two close fig photographs. Additional sequence includes close red figs and paired leaves.","plant-1778eef26fe01895","6","",""
"Ficus brachypoda","/Volumes/Crucial X10/HD/# COMPLETE NPNA NEW ED 2026/A. A. PHOTOS AND IMAGES/D. PLANT DESCRIPTIONS GENERA A-Z/FF/Ficus brachypoda/PICK/EXTRA/Ficus brachypoda Common Rock-fig.228.d.JPG","/Volumes/Crucial X10/HD/# COMPLETE NPNA NEW ED 2026/A. A. PHOTOS AND IMAGES/D. PLANT DESCRIPTIONS GENERA A-Z/FF/Ficus brachypoda/PICK/EXTRA/Ficus brachypoda habitat.233.a.JPG","/Volumes/Crucial X10/HD/# COMPLETE NPNA NEW ED 2026/A. A. PHOTOS AND IMAGES/D. PLANT DESCRIPTIONS GENERA A-Z/FF/Ficus brachypoda/PICK/EXTRA/Ficus brachypoda.098.a.JPG","","","","","A","loose photograph","","2101x1576","gallery option","Species named in the filename.","E209-04","8879c63d11a3a6bb509f20d2cc36e20be07f4f1a5d4d02a153eab17df9a1345c","A","loose photograph","","3706x2780","gallery option","Species named in the filename.","E209-02","e671f362e7876f3c556eacb1052406e51b6e152c2197d54bbb411945fd66acc5","A","loose photograph","","3732x2099","gallery option","Species named in the filename.","E209-05","e807ff5166682b29e21e8f4162d472c8734b306e9a3043d97074ddeb88e7be98","","","","","","","","","","","","","","","","","","","","","","","","","","","","","","","","","2","2","0","Supported loose additions","Rock-attached roots, whole plant in rocky habitat and broader canopy extend close leaves/figs.","plant-aec531b82f99eab9","11","",""
"Ficus coronulata","/Volumes/Crucial X10/SD/F F F/Ficus coronulata/_1120477.JPG","/Volumes/Crucial X10/SD/F F F/Ficus coronulata/_1230638.JPG","/Volumes/Crucial X10/SD/F F F/Ficus coronulata/_1300190.JPG","","","","","B","loose photograph","","4000x3000","gallery option","Association through the named source folder or historical-name trail.","E210-05","4420e8860def1013610764b837ebc78a9bab23df7c1dbb888a6ee1de281c0b8e","B","loose photograph","","4000x3000","gallery option","Association through the named source folder or historical-name trail.","E210-04","cdb384df36c109d9dbfcf4f3fd422709e5aaa7dcc1d3f28932f2c81789a56e50","B","loose photograph","","4000x3000","gallery option","Association through the named source folder or historical-name trail.","E210-10","2949694fec6438045fd85bd92a891163d2fb4b15928d73e77c85e29e5af247e4","","","","","","","","","","","","","","","","","","","","","","","","","","","","","","","","","2","2","0","Supported loose additions","Drooping narrow-leaf habit and leaf-underside structure add useful context. Additional sequence shows bark texture.","plant-f8e063d9b39adb8f","5","",""
"Ficus hispida","/Volumes/Crucial X10/HD/# COMPLETE NPNA NEW ED 2026/A. A. PHOTOS AND IMAGES/D. PLANT DESCRIPTIONS GENERA A-Z/FF/Ficus hispida/PICK/EXTRA/Ficus hispida.0120.jpg","/Volumes/Crucial X10/SD/# A A A A NPNA 2026 NEW PHOTOS/A A A BOT GDNS 2.8.2026/SELECT/Ficus hispida.628.JPG","/Volumes/Crucial X10/SD/# A A A A NPNA 2026 NEW PHOTOS/WILLIE BURGESS Plants of the nt photos/Moraceae Ficus/ficus hispida 9811.JPG","/Volumes/Crucial X10/SD/F F F/Ficus hispida/20241001_150107 Ficus hispida.jpg","","","","A","loose photograph","","4000x3000","gallery option","Species named in the filename.","E211-01","384dcd96b347de546d2f058721cc9f5a6c8eae469741b1cc8db36560591fb43e","A","loose photograph","","4864x3648","gallery option","Species named in the filename.","E211-02","985c43fa5cbb32e4e91c55efdd02ecf0cc8efaa55c8394e24c2ed86fa113db4b","A","loose photograph","","5472x3648","gallery option","Species named in the filename.","E211-05","5771284c76d4ab010655257cb942f2123c504210b04d95c7257e63f13f468fc5","A","loose photograph","","4000x3000","gallery option","Species named in the filename.","E211-08","09e35b9874e7f510a727fb1c5f5d5e3cb7fd7999d11580792ab3880e92423eaa","","","","","","","","","","","","","","","","","","","","","","","","","2","2","0","Supported loose additions","Canopy/trunk architecture, large leaves and green trunk-borne figs complement ripe figs. Additional named photograph shows branching whole-tree/canopy architecture.","plant-7e5313872fb6239b","10","",""
"Ficus racemosa","/Volumes/Crucial X10/HD/# COMPLETE NPNA NEW ED 2026/A. A. PHOTOS AND IMAGES/C. HERO SHOTS A-Z/FF/Brushtail Possum eating fruit of Ficus racemosa.6061.AM.a.jpeg","/Volumes/Crucial X10/HD/# COMPLETE NPNA NEW ED 2026/A. A. PHOTOS AND IMAGES/D. PLANT DESCRIPTIONS GENERA A-Z/FF/Ficus racemosa/PICK/EXTRA/Ficus racemosa.961.a.JPG","/Volumes/Crucial X10/HD/AA NATIVE PLANTS OF NA 2021/FINAL FULL DRAFT/PROOF Native Plants of N Australia-PDF.pdf","/Volumes/Crucial X10/SD/F F F/Ficus racemosa/_1060363.JPG","","","","A","loose photograph","","3105x2484","gallery option","Species named in the filename.","E212-02","416ac8bfd3a11313b4d5b1986b92770706f29576b308e7126a3e01d752dab0ac","A","loose photograph","","1928x2570","gallery option","Species named in the filename.","E212-05","d288136a8b9c21df53a403078e154d2e68ba5fd6d1688f0412d430ee5312d772","A","book image","PDF page 215; printed page 214; page-object index 1 (zero-based)","567x574","low-resolution fallback","Photograph positioned with the authored species account in the book proof.","B-p215-o1","","B","loose photograph","","4000x3000","gallery option","Association through the named source folder or historical-name trail.","E212-09","2fea4fe402eb21f56d287e097311a15516887e1ce842b571ab578ea7080e0428","","","","","","","","","","","","","","","","","","","","","","","","","2","2","0","Supported loose additions","Possum eating fruit, a different fruit stage and older whole-tree silhouette are complementary. Keep one possum exposure. Additional sequence shows substantial spreading trunk/base architecture. Book object is one composite containing fruit and the whole tree.","plant-198a93db8e8f7ba5","10","",""
"Ficus scobina","/Volumes/Crucial X10/SD/F F F/Ficus scobina/_1110087 Ficus scobina Sandpaper Fig.JPG","/Volumes/Crucial X10/SD/F F F/Ficus scobina/_1030699.JPG","","","","","","A","loose photograph","","4000x3000","gallery option","Species named in the filename.","E213-03","9071f2c9b4902626e304b59c16ee20b9c13fbac8ba635dafe6be63fab78deb58","B","loose photograph","","4000x3000","gallery option","Association through the named source folder or historical-name trail.","E213-04","151f193df8cfd7893a96c7ab17fb594c9d3f718ec5e93643f6d6b2b93b9807f6","","","","","","","","","","","","","","","","","","","","","","","","","","","","","","","","","","","","","","","","","2","2","0","Supported loose additions","Leaf undersides and a younger/shooting branch are possible additions beyond close figs and leaves.","plant-11820518317e27a1","5","",""
"Flacourtia territorialis","/Volumes/Crucial X10/HD/# COMPLETE NPNA NEW ED 2026/A. A. PHOTOS AND IMAGES/D. PLANT DESCRIPTIONS GENERA A-Z/FF/Flacourtia territorialis (NEW)/PICK/EXTRA/Flacourtia territorialis.9003.GF.a.JPG","/Volumes/Crucial X10/SD/# A A A A NPNA 2026 NEW PHOTOS/WILLIE BURGESS Plants of the nt photos/Flacourtiaceae Flacourtia/Flacourtia territorialis 436.JPG","","","","","","A","loose photograph","","3102x3102","gallery option","Species named in the filename.","E214-01","1d88f21477ed7dfa1288babeee4b83b494ee6c1104f6bb5207ab8e16f59c45d7","A","loose photograph","","5472x3648","gallery option","Species named in the filename.","E214-06","90d9228931785af1d1fe7448bfb83861e26075dca8cc070caac05ddfcc300282","","","","","","","","","","","","","","","","","","","","","","","","","","","","","","","","","","","","","","","","","2","2","0","Supported loose additions","Whole shrub and fruit-bearing branch structure add scale beyond close red fruit.","plant-c6c1c93468c04c3e","8","",""
"Flagellaria indica","/Volumes/Crucial X10/SD/# A A A A NPNA 2026 NEW PHOTOS/WILLIE BURGESS Plants of the nt photos/Flagellariaceae Flagellaria/Flagellaria indica 8996.JPG","/Volumes/Crucial X10/SD/F F F/Flagellaria indica/Flagellaria indica unique leaf etchings markings/P1040273.JPG","/Volumes/Crucial X10/SD/F F F/Flagellaria indica/P1170821.JPG","","","","","A","loose photograph","","5472x3648","gallery option","Species named in the filename.","E215-02","dc1d90688f305c38e918cb707b7251d03f89ea752b908c4953a306e91847eadd","B","loose photograph","","4864x3648","gallery option","Association through the named source folder or historical-name trail.","E215-05","e262e0d1f10ebb6248ba4e3f36b203d3eb95a7afda92f514a4890f5a75d26654","B","loose photograph","","4000x3000","gallery option","Association through the named source folder or historical-name trail.","E215-11","34388492205a644c38f5ca5070586e3bb418f9e155a1daa14d8a87f3ac04f150","","","","","","","","","","","","","","","","","","","","","","","","","","","","","","","","","2","2","0","Supported loose additions","Leaf/tendril-tip detail with scale and close white flowers add key features beyond fruit and climbing habit. Additional sequence includes pale pink fruits.","plant-66561dc35055a963","8","",""
"Flueggea virosa subsp. melanthesoides","/Volumes/Crucial X10/SD/F F F/Flueggia virosa/_1080997 Flueggia virosa subsp. melanthesoides, Edith Falls.JPG","/Volumes/Crucial X10/HD/# COMPLETE NPNA NEW ED 2026/A. A. PHOTOS AND IMAGES/D. PLANT DESCRIPTIONS GENERA A-Z/FF/Flueggea virosa subsp. melanthesoides/PICK/EXTRA/Flueggia virosa subsp. melanthesoides.367.a.JPG","","","","","","B","loose photograph","","4000x3000","gallery option","Species named in the filename; Name spelling, abbreviation or historical combination needs retaining in provenance; Full subspecies/variety not established: retain the source species-level caption.","E216-04","def29668cc0e3c652fc470f46bcfec0498b7942fd4f0f8e911771091f68e95f1","B","loose photograph","","1808x2410","gallery option","Species named in the filename; Name spelling, abbreviation or historical combination needs retaining in provenance.","E216-02","8e5e5056aa305df1e029b6788866c8036f7d52606df1e09877eb4b548cd8f4ba","","","","","","","","","","","","","","","","","","","","","","","","","","","","","","","","","","","","","","","","","2","2","0","Supported loose additions","Whole shrub and green developing fruit add context/stages; preserve species-level captions where the source omits the subspecies.","plant-1ed73a821e522d9e","7","",""
"Ganophyllum falcatum","/Volumes/Crucial X10/SD/HABITATS/DUKE ST MRF/20241031_154044 Ganophyllum falcatum.jpg","/Volumes/Crucial X10/WILDLIFE/BLACK Flying Fox on Ganophyllum falcatum 20.12.24/SELECT/Black Flying Fox on Ganophyllum falcatum.570.a.JPG","/Volumes/Crucial X10/SD/# A A A A NPNA 2026 NEW PHOTOS/1 1 1 1 1 AN ARVO AT MUSEUM 12.9.2026/Ganophyllum falcatum/P1170622.JPG","","","","","A","loose photograph","","4000x3000","gallery option","Species named in the filename.","E217-01","71927550f236f374668c745b789608005641530556a920446ee91fd53ac56ca3","A","loose photograph","","2250x3000","gallery option","Species named in the filename.","E217-05","fc71d22217629d5e138b61dfb71faed5d4c14d661fbc215b020cf2be45c18797","B","loose photograph","","4864x3648","gallery option","Association through the named source folder or historical-name trail.","E217-12","2cf22c99ea574b18b5611fc160a97c1270eef2c9ed302210bd246279cf376488","","","","","","","","","","","","","","","","","","","","","","","","","","","","","","","","","4","4","0","Supported loose additions","Whole-tree/trunk context and flying-fox interaction complement the existing fruit and flower photographs. Additional whole-tree view is available against clear sky.","plant-2eea17beeba87f39","18","",""
"Gardenia fucata","/Volumes/Crucial X10/SD/G G G/Gardenia fucata/_1060548.JPG","/Volumes/Crucial X10/SD/G G G/Gardenia fucata/_1060542.JPG","","","","","","B","loose photograph","","4000x3000","gallery option","Association through the named source folder or historical-name trail.","E218-05","739b2c96c51da0f7683f7c89ea15a26264826932d8e6690d38989a48b23e341f","B","loose photograph","","4000x3000","gallery option","Association through the named source folder or historical-name trail.","E218-04","13fc6a0896ba3191086d958026d034531fdde650a1d93d2d6d06ff1bf0c04e92","","","","","","","","","","","","","","","","","","","","","","","","","","","","","","","","","","","","","","","","","2","2","0","Supported loose additions","Leafy habit and flowering shrub context; candidate 6 is a plant label, not a photograph of the plant.","plant-0a186a03b227e2f0","4","",""
"Gardenia megasperma","/Volumes/Crucial X10/HD/# COMPLETE NPNA NEW ED 2026/A. A. PHOTOS AND IMAGES/D. PLANT DESCRIPTIONS GENERA A-Z/GG/Gardenia megasperma/PICK/EXTRA/Gardenia megasperma.695.a.JPG","","","","","","","A","loose photograph","","2320x2320","gallery option","Species named in the filename.","E219-01","fc4b2ab1c499519cd1df15da132bd9d428da1d9c229a13254ea39427cf689bd7","","","","","","","","","","","","","","","","","","","","","","","","","","","","","","","","","","","","","","","","","","","","","","","","","2","2","0","Supported loose additions","A broader flowering branch is an alternative view; most files repeat the existing flowers/canopy and offer limited new identification detail.","plant-a6c0a8c599cbc70d","5","",""
"Geodorum densiflorum","/Volumes/Crucial X10/SD/# A A COMPLETED/Geodorum densiflorum/SELECT/P1190616## Geodorum & Dipodium.JPG","/Volumes/Crucial X10/SD/# A A COMPLETED/Geodorum densiflorum/SELECT/P1170848#.JPG","/Volumes/Crucial X10/SD/# A A COMPLETED/Geodorum densiflorum/20241214_111133.jpg","","","","","B","loose photograph","","4000x3000","gallery option","Association through the named source folder or historical-name trail.","E220-01","f2e5cdea780037a86485f327497a15195bd34b49be3988b435a123aa5c3eeaf6","B","loose photograph","","4000x3000","gallery option","Association through the named source folder or historical-name trail.","E220-02","ac4a8bdb34a94744b525fc0f066acde9bac07b7348025f1f44d54e1ded1765c5","B","loose photograph","","4000x3000","gallery option","Association through the named source folder or historical-name trail.","E220-06","2552a694456c419c1452a495ca2c4543e224ea395ea3a16a3758cde964205fc4","","","","","","","","","","","","","","","","","","","","","","","","","","","","","","","","","2","2","0","Supported loose additions","Shoot patch, flowers with leaves, and full plant with basal foliage complement the flower close-ups.","plant-8717c7104bc26c33","8","",""
"Glochidion xerocarpum","/Volumes/Crucial X10/HD/# COMPLETE NPNA NEW ED 2026/A. A. PHOTOS AND IMAGES/D. PLANT DESCRIPTIONS GENERA A-Z/GG/Glochidion xerocarpum/PICK/EXTRA/Glochidion xerocarpum.201.a.JPG","/Volumes/Crucial X10/SD/# A A A A NPNA 2026 NEW PHOTOS/WILLIE BURGESS Plants of the nt photos/Phyllanthaceae Antideama Endospermum Glocidon Macaranga Mallotus Margaritaria Surgada/Glochidon  xeocarpum 8519.JPG","/Volumes/Crucial X10/SD/G G G/Glochidion xerocarpum fruit & flowers/P1160955.JPG","/Volumes/Crucial X10/SD/G G G/Glochidion xerocarpum fruit & flowers/P1180285.JPG","","","","A","loose photograph","","2385x1789","gallery option","Species named in the filename.","E221-01","05aaf70fc58815487117c1fc9f8e96db13077f6ccc4de1c42daf7d71c46881b8","B","loose photograph","","5472x3648","gallery option","Species named in the filename; Name spelling, abbreviation or historical combination needs retaining in provenance.","E221-03","ff08ce1ee24df7cf3b1a2f2a1912a28d07009d85f62275ef46d4d40734d49f86","B","loose photograph","","4000x3000","gallery option","Association through the named source folder or historical-name trail.","E221-02","8ebf232f5400e616cdb69988c59f418c236e1f8afcbffd494699e38f8582d196","B","loose photograph","","4000x3000","gallery option","Association through the named source folder or historical-name trail.","E221-07","4fe46322851bccc39881f5fc14cab94f6bd090607b1a92388d46b4f1502c5856","","","","","","","","","","","","","","","","","","","","","","","","","1","1","0","Supported loose additions","Close green fruit, red fruit and a wider leafy branch offer complementary detail. Additional close branch shows small flowers beneath the leaves.","plant-f574cf217cb325d7","7","",""
"Glycosmis trifoliata","/Volumes/Crucial X10/SD/# A A A A NPNA 2026 NEW PHOTOS/WILLIE BURGESS Plants of the nt photos/Plants Flacourtia phalera glycosmis corymbia  2025dec/104MSDCF/Glycosmis trifoliata 145.JPG","","","","","","","A","loose photograph","","5472x3648","gallery option","Species named in the filename.","E222-03","e3b6d63b41e111c68441ae9b100626298030bc1f72464d33aa05e61564d33a0d","","","","","","","","","","","","","","","","","","","","","","","","","","","","","","","","","","","","","","","","","","","","","","","","","3","3","0","Supported loose additions","Wider leafy fruiting branch adds some context; most loose photographs repeat the existing fruit subject.","plant-2febef2047d58673","9","",""
"Gmelina australis","/Volumes/Crucial X10/SD/G G G/Gmelina australis/_1120912 Gmelina australis.JPG","/Volumes/Crucial X10/SD/G G G/Gmelina australis/Gmelina/gmelina australis 9171.JPG","","","","","","A","loose photograph","","4000x3000","gallery option","Species named in the filename.","E223-01","122298d304b05059fc91e9ed4e896e6be29445167b4ea43ad51791eb25efa485","A","loose photograph","","5472x3648","gallery option","Species named in the filename.","E223-03","7ca102a6b38b775d42b72c7261e2d0c0f7cda96decb6243de970320d533cc7fc","","","","","","","","","","","","","","","","","","","","","","","","","","","","","","","","","","","","","","","","","2","2","0","Supported loose additions","Whole leafy plant and another reproductive stage complement existing flower close-ups.","plant-e13f2a5b56bc52fa","8","",""
"Goodenia pilosa","/Volumes/Crucial X10/SD/# A A A A NPNA 2026 NEW PHOTOS/WILLIE BURGESS Plants of the nt photos/Goodeniaceae/Goodenia/Goodenia pislosa 2398.JPG","","","","","","","B","loose photograph","","2736x3648","gallery option","Species named in the filename; Name spelling, abbreviation or historical combination needs retaining in provenance.","E224-01","b7057eb01be5c20b7d700ab939bb52cc3f512341a7437d91467097899969b6da","","","","","","","","","","","","","","","","","","","","","","","","","","","","","","","","","","","","","","","","","","","","","","","","","1","1","0","Supported loose additions","Closer yellow flowers and rounded reproductive structures complement the existing whole-plant view.","plant-f307ca8c39e6dde4","1","",""
"Goodenia purpurea","/Volumes/Crucial X10/SD/# A A COMPLETED/Goodenia purpurea/SELECT/_1270204##.JPG","","","","","","","B","loose photograph","","4000x3000","gallery option","Association through the named source folder or historical-name trail.","E225-03","89b10e0d2f043b42c8f4dde89c23e6cb44984f19fca14c64bb9b856e635cbab9","","","","","","","","","","","","","","","","","","","","","","","","","","","","","","","","","","","","","","","","","","","","","","","","","2","2","0","Supported loose additions","Whole plant among grasses adds habit to the two similar flower photographs.","plant-1d74f37e3c5527b6","12","",""
"Gossypium australe","/Volumes/Crucial X10/HD/AA NATIVE PLANTS OF NA 2021/FINAL FULL DRAFT/PROOF Native Plants of N Australia-PDF.pdf","/Volumes/Crucial X10/SD/G G G/Gossypium australe VRD 28.4.25/_1300195.JPG","","","","","","A","book image","PDF page 223; printed page 222; page-object index 2 (zero-based)","566x559","low-resolution fallback","Photograph positioned with the authored species account in the book proof.","B-p223-o2","","B","loose photograph","","4000x3000","gallery option","Association through the named source folder or historical-name trail.","E226-04","d785c1aba22133d0151ea025306a4ba4468ea3c0e15a56246da92a8752387728","","","","","","","","","","","","","","","","","","","","","","","","","","","","","","","","","","","","","","","","","2","2","0","Supported loose additions","Whole leafy plant adds habit; the older book also offers a flowering plant in open red-soil habitat.","plant-5cf814a7c3138f8e","7","",""
"Grevillea agrifolia","/Volumes/Crucial X10/HD/# COMPLETE NPNA NEW ED 2026/A. A. PHOTOS AND IMAGES/C. HERO SHOTS A-Z/GG/Bee feeding on Grevillea agrifolia.088.b.JPG","/Volumes/Crucial X10/SD/# A A A A NPNA 2026 NEW PHOTOS/WILLIE BURGESS Plants of the nt photos/A Invertebrates of the nt photos/Grevillea agrifolia  carpenter bee 6042.JPG","/Volumes/Crucial X10/SD/# A A A A NPNA 2026 NEW PHOTOS/WILLIE BURGESS Plants of the nt photos/Proteaceae Grevillea Persoonia Stenocarpus/Grevillea/grevillea agrifolia   9938.JPG","/Volumes/Crucial X10/SD/G G G/Grevillea agrifolia/P1210641.JPG","","","","A","loose photograph","","907x1210","gallery option","Species named in the filename.","E227-05","88e9087dfadd1d749d23c96a2255c7f839ee9210bea6bf1f2c2bb7b5d7b27e91","A","loose photograph","","5472x3648","gallery option","Species named in the filename.","E227-06","9d926f408b0b762cfc610ef1f766643e174a41bee6bb30b8ec2a99a2452c9814","A","loose photograph","","5472x3648","gallery option","Species named in the filename.","E227-03","36beddf197c6789b5fc0a745eb8b42212810b3360641bc57023150f0a050b524","B","loose photograph","","4000x3000","gallery option","Association through the named source folder or historical-name trail.","E227-08","dfcb0f0c3386f36978410f64a698093498e50a0f135884d8c8f883abb5cf700d","","","","","","","","","","","","","","","","","","","","","","","","","2","2","0","Supported loose additions","Bee interaction, larger-leaf/crown context and another floral stage provide alternatives to the existing flower close-ups. Additional close leaf/bud view adds leaf shape.","plant-5bc04ea2e35f6b90","18","",""
"Grevillea angulata","/Volumes/Crucial X10/SD/G G G/Grevillea angulata/_1110276.JPG","/Volumes/Crucial X10/SD/G G G/Grevillea angulata/_1110306.JPG","","","","","","B","loose photograph","","4000x3000","gallery option","Association through the named source folder or historical-name trail.","E228-06","2bf4a04a4da0d86e38fc093213cdfd8bee9a7bc17058ceb9151e606e4bf40058","B","loose photograph","","4000x3000","gallery option","Association through the named source folder or historical-name trail.","E228-05","4d67541ef668933808669be76080bd239c0365e27c958668f221d9f22efbcf8b","","","","","","","","","","","","","","","","","","","","","","","","","","","","","","","","","","","","","","","","","2","2","0","Supported loose additions","Long green fruit is the useful addition; the darker whole-plant view offers supplementary habit context.","plant-c9d06033e989e838","15","",""
"Grevillea aurea","/Volumes/Crucial X10/SD/G G G/Grevillea aurea/SELECT/Grevillea aurea.f.jpg","/Volumes/Crucial X10/HD/# COMPLETE NPNA NEW ED 2026/A. A. PHOTOS AND IMAGES/D. PLANT DESCRIPTIONS GENERA A-Z/GG/Grevillea aurea (prev. G. angulata & G. aurea)/PICK/EXTRA/Grevillea aurea.354.a.JPG","/Volumes/Crucial X10/HD/AA NATIVE PLANTS OF NA 2021/FOTOS/Grevillea aurea Ian Cowie [HumptyDoo].jpg","","","","","A","loose photograph","","1322x1762","gallery option","Species named in the filename.","E229-05","70f098401d5d38ce9009290ab070c5e597c5d1dd2ad33ce96fb7590eaa7b54cb","A","loose photograph","","2669x2669","gallery option","Species named in the filename.","E229-04","2bbd976988950a5fd124d4782276315e00a1447698f1d6380288871908c3b2b2","A","loose photograph","","368x500","gallery option","Species named in the filename.","E229-08","cc9860130fd9f4e80968983b09eff83cd3d71396fa862611d62c85fa72aa3029","","","","","","","","","","","","","","","","","","","","","","","","","","","","","","","","","2","2","0","Supported loose additions","Leaf detail and broader flowering branch context; limited gain in organ coverage. Additional file explicitly credits Ian Cowie and shows a slender-leaved flowering branch; retain credit and provenance.","plant-3ba114555f97e609","23","",""
"Grevillea benthamiana","/Volumes/Crucial X10/SD/G G G/Grevillea benthamiana/SELECT/PICK/Grevillea benthamiana.(jpg149).a.JPG","/Volumes/Crucial X10/HD/# COMPLETE NPNA NEW ED 2026/A. A. PHOTOS AND IMAGES/D. PLANT DESCRIPTIONS GENERA A-Z/GG/Grevillea benthamiana/PICK/EXTRA/Grevillea benthamiana.098.b.JPG","","","","","","A","loose photograph","","3314x2485","gallery option","Species named in the filename.","E230-03","41fc0a8cd1250eefa4c301d39dee20ef44a71ce35c2c9ad8f6b664c0f828301c","A","loose photograph","","1914x2393","gallery option","Species named in the filename.","E230-02","7e6c5505442d8e3b44a3967d61ad186dbf913b42556459f4c78500b01138868b","","","","","","","","","","","","","","","","","","","","","","","","","","","","","","","","","","","","","","","","","3","3","0","Supported loose additions","Leafy branch with non-flowering reproductive structures and a spent floral stage complement red flowers.","plant-cd223817d9975365","9","",""
"Grevillea decurrens","/Volumes/Crucial X10/SD/G G G/Grevillea decurrens/Grevillea decurrens fruit.a.JPG","/Volumes/Crucial X10/SD/# A A A A NPNA 2026 NEW PHOTOS/WILLIE BURGESS Plants of the nt photos/Proteaceae Grevillea Persoonia Stenocarpus/Grevillea/Grevillea decurrens 12 (2).JPG","","","","","","A","loose photograph","","3563x2673","gallery option","Species named in the filename.","E231-01","960623002dd55ae9e4cae4af585c0a99c77f57b7602dbfab8d9405a5c25e2a9e","A","loose photograph","","5472x3648","gallery option","Species named in the filename.","E231-03","79f3f37ebc05bc17a101c96184e13a66d4358fae8a39b44387e3c9f20157a80a","","","","","","","","","","","","","","","","","","","","","","","","","","","","","","","","","","","","","","","","","2","2","0","Supported loose additions","Rounded fruits and an earlier flower-spike stage are complementary additions.","plant-92df14081c670e7b","4","",""
"Grevillea dimidiata","/Volumes/Crucial X10/HD/AA NATIVE PLANTS OF NA 2021/FINAL FULL DRAFT/PROOF Native Plants of N Australia-PDF.pdf","","","","","","","A","book image","PDF page 226; printed page 225; page-object index 2 (zero-based)","566x568","low-resolution fallback","Photograph positioned with the authored species account in the book proof.","B-p226-o2","","","","","","","","","","","","","","","","","","","","","","","","","","","","","","","","","","","","","","","","","","","","","","","","","","1","1","0","Book addition only","No new loose-file shortlist beyond existing copies. Older book flower/leaf composition is an alternative angle, with limited resolution.","plant-2eb716411788e2a5","4","",""
"Grevillea dryandri subsp. dasycarpa","/Volumes/Crucial X10/HD/# COMPLETE NPNA NEW ED 2026/A. A. PHOTOS AND IMAGES/D. PLANT DESCRIPTIONS GENERA A-Z/GG/Grevillea dryandri subsp. dasycarpa/PICK/EXTRA/Grevillea dryandri subsp. dasycarpa.871.a.JPG","/Volumes/Crucial X10/SD/# A A A A NPNA 2026 NEW PHOTOS/A A A BOT GARDENS & GOYDER MEDIAN 21.7.2026/SELECT/Grevillea dryandri subsp. dasycarpa.529.a.JPG","","","","","","A","loose photograph","","2991x2243","gallery option","Species named in the filename.","E233-01","7be34cf2880f1725f1437d1e5684e557ca397e35047701e6614fa83054df51e3","A","loose photograph","","4610x3458","gallery option","Species named in the filename.","E233-04","6f8a2a3b1136364442af5c1be78802f75c828912e3fdb4b2758fb885c228df22","","","","","","","","","","","","","","","","","","","","","","","","","","","","","","","","","","","","","","","","","2","2","0","Supported loose additions","Whole flowering stem and a fuller flower close-up; species-only labels do not establish the subspecies.","plant-543388a5b0b2e5b2","24","",""
"Grevillea erythroclada","/Volumes/Crucial X10/HD/AA NATIVE PLANTS OF NA 2021/FINAL FULL DRAFT/PROOF Native Plants of N Australia-PDF.pdf","","","","","","","A","book image","PDF page 227; printed page 226; page-object index 1 (zero-based)","569x571","low-resolution fallback","Photograph positioned with the authored species account in the book proof.","B-p227-o1","","","","","","","","","","","","","","","","","","","","","","","","","","","","","","","","","","","","","","","","","","","","","","","","","","1","1","0","Book addition only","No new loose-file shortlist beyond existing copies. Older book flowering branch adds foliage context at limited resolution.","plant-c688cf30641a905d","2","",""
"Grevillea formosa","/Volumes/Crucial X10/HD/# COMPLETE NPNA NEW ED 2026/A. A. PHOTOS AND IMAGES/D. PLANT DESCRIPTIONS GENERA A-Z/GG/Grevillea formosa/PICK/EXTRA/Grevillea formosa.B.IM.a.jpg","/Volumes/Crucial X10/SD/G G G/Grevillea formosa/_1110920 Grevillea formosa.JPG","/Volumes/Crucial X10/SD/# A A A A COMPLETE NPNA NEW ED 2026/A. A. PHOTOS AND IMAGES/D. PLANT DESCRIPTIONS GENERA A-Z/GG/Grevillea formosa/PICK/EXTRA/Grevillea formosa.a.JPG","/Volumes/Crucial X10/WILDLIFE/Brown Honeyeater in Grevillea formosa/SELECT/Brown Honeyeater on Grevillea formosa.977.a.JPG","","","","A","loose photograph","","1124x1674","gallery option","Species named in the filename.","E235-02","a1769123ed7163f4399df7c368491a2d835dc37742968af25318393f6dae0058","A","loose photograph","","4000x3000","gallery option","Species named in the filename.","E235-05","4b0625cf72b9372e9745f82c840e5d9df8f0fc30b1055d7523545cb1f1cc11f9","A","loose photograph","","3795x2168","gallery option","Species named in the filename.","E235-01","72586389c44a417176558020204e8889b27d4946bad6ce167acbcc5dfcfd470d","A","loose photograph","","2396x2994","gallery option","Species named in the filename.","E235-12","516ad4fdc4071f8a544db2e48a9ed35884991c914484c0d1e59cd9baef5a3199","","","","","","","","","","","","","","","","","","","","","","","","","2","2","0","Supported loose additions","Rocky habitat, non-flowering low habit and long-leaved reproductive branch are strong complementary subjects. Additional named honeyeater-at-flowers photograph offers ecological context.","plant-a1c6cb606f5d624d","16","",""
"Grevillea goodii","/Volumes/Crucial X10/SD/# A A A A NPNA 2026 NEW PHOTOS/WILLIE BURGESS Plants of the nt photos/Proteaceae Grevillea Persoonia Stenocarpus/Grevillea/Grevillea goodii 10.JPG","/Volumes/Crucial X10/HD/# COMPLETE NPNA NEW ED 2026/A. A. PHOTOS AND IMAGES/D. PLANT DESCRIPTIONS GENERA A-Z/GG/Grevillea goodii/PICK/EXTRA/Grevillea goodii.067.a.JPG","","","","","","A","loose photograph","","5472x3648","gallery option","Species named in the filename.","E236-03","027df5aedf363557932af84862849bc307b684ac5725bcd6c79aae6bcb1c51f0","A","loose photograph","","2215x1661","gallery option","Species named in the filename.","E236-01","591ac66f01aa3e830df71effe614d766145173fa8080db119fc4804cfe9b6244","","","","","","","","","","","","","","","","","","","","","","","","","","","","","","","","","","","","","","","","","2","2","0","Supported loose additions","Ground-hugging whole plant and front-on flower detail add habit and another angle.","plant-86cc90b948ad6436","8","",""
"Grevillea heliosperma","/Volumes/Crucial X10/HD/# COMPLETE NPNA NEW ED 2026/A. A. PHOTOS AND IMAGES/D. PLANT DESCRIPTIONS GENERA A-Z/GG/Grevillea heliosperma (needs full page, let me now wyt)/PICK/EXTRA/Grevillea heliosperma.727.a.JPG","/Volumes/Crucial X10/SD/G G G/Grevillea heliosperma/SELECT/Grevillea heliosperma.a.jpg","/Volumes/Crucial X10/SD/G G G/Grevillea heliosperma/P1050719.JPG","","","","","A","loose photograph","","1796x1347","gallery option","Species named in the filename.","E237-04","e544dc89c9c7b45ebf4e1564d9eb96d429df48e9f72faea763bcc66ddb0b5cee","A","loose photograph","","3069x2302","gallery option","Species named in the filename.","E237-06","b0ee4c5f8c3b6257a66b22d682cce33fe3e9f8ea5df5f0169293beae483c88c7","B","loose photograph","","4864x3648","gallery option","Association through the named source folder or historical-name trail.","E237-08","30c7f7d8ac6d2c3f9f716d3e08720bf7e65f66ace1f540864847cd41a9dcf75c","","","","","","","","","","","","","","","","","","","","","","","","","","","","","","","","","2","2","0","Supported loose additions","Spent and earlier floral stages with foliage broaden the existing flower views. Additional whole-tree view is available.","plant-7526df350701bc24","12","",""
"Grevillea longicuspis","/Volumes/Crucial X10/SD/G G G/Grevillea longicuspis/_1150828.JPG","/Volumes/Crucial X10/SD/G G G/Grevillea longicuspis/_1150838.JPG","","","","","","B","loose photograph","","4000x3000","gallery option","Association through the named source folder or historical-name trail.","E238-01","13ffe4e33fab651c362be0504cb9de4a91d652ffe9cde0a90bc0b1f7b92fd678","B","loose photograph","","4000x3000","gallery option","Association through the named source folder or historical-name trail.","E238-03","78b3ae8190482739baad11b620b8fb3101b60bbd10d323bd29845589b351a26c","","","","","","","","","","","","","","","","","","","","","","","","","","","","","","","","","","","","","","","","","2","2","0","Supported loose additions","Detached fruit/seed detail and whole plant in leaf litter are useful complementary subjects.","plant-80a3507bcbe8a6e4","3","",""
"Grevillea mimosoides","/Volumes/Crucial X10/SD/G G G/Grevillea mimosoides TBC/P1050006.JPG","/Volumes/Crucial X10/SD/G G G/Grevillea mimosoides TBC/P1050016.JPG","","","","","","C","loose photograph","","4864x3648","identification-review lead","Association through the named source folder or historical-name trail; Source explicitly uncertain or a mixed/incorrectly labelled collection.","E239-05","97e2bc647e07cfdf5f8bf74c926ad444d8aee71b64086678bd623ca70d74afcc","C","loose photograph","","4864x3648","identification-review lead","Association through the named source folder or historical-name trail; Source explicitly uncertain or a mixed/incorrectly labelled collection.","E239-07","7e37894413fd924f7f48b9e2d5689546c028ae8b45501476db7ed1c619fdd1b5","","","","","","","","","","","","","","","","","","","","","","","","","","","","","","","","","","","","","","","","","3","3","0","Uncertain loose leads only","Whole-plant lead is explicitly TBC and requires confirmation. Most loose flower photographs repeat current subjects. The earlier editorial hold was resolved; it is not reinstated here. Additional whole-tree lead exists in the same TBC series; it remains a low-confidence option, not a reopened blanket hold.","plant-b49bf2d661fc9e33","7","",""
"Grevillea parallela","/Volumes/Crucial X10/SD/# A A A A NPNA 2026 NEW PHOTOS/WILLIE BURGESS Plants of the nt photos/Proteaceae Grevillea Persoonia Stenocarpus/Grevillea/Grevillea parallela 3732.JPG","/Volumes/Crucial X10/HD/AA NATIVE PLANTS OF NA 2021/FINAL FULL DRAFT/PROOF Native Plants of N Australia-PDF.pdf","","","","","","A","loose photograph","","5472x3648","gallery option","Species named in the filename.","E240-08","f0925914d07017785efa3d274b5c78048381555204baa51ff315bd8771c3b7ad","A","book image","PDF page 230; printed page 229; page-object index 1 (zero-based)","567x564","low-resolution fallback","Photograph positioned with the authored species account in the book proof.","B-p230-o1","","","","","","","","","","","","","","","","","","","","","","","","","","","","","","","","","","","","","","","","","","3","3","0","Supported loose additions","Loose shortlist repeats the existing flowers. Older book composition adds fine-leaved branch context, but only a modest new view. Secondary named file adds a whole tree, improving the otherwise repetitive loose shortlist.","plant-6187ab559870575a","8","",""
"Grevillea pluricaulis","/Volumes/Crucial X10/SD/# A A A A NPNA 2026 NEW PHOTOS/LITCHFIELD NP 17.3.2026/SELECT/Grevillea pluricaulis.486.a.JPG","","","","","","","A","loose photograph","","4508x3381","gallery option","Species named in the filename.","E241-02","df5fac2c5cae82e322b36869e34727a13f7f63c83b84d0de0eca9ebf8d52130b","","","","","","","","","","","","","","","","","","","","","","","","","","","","","","","","","","","","","","","","","","","","","","","","","2","2","0","Supported loose additions","Whole shrub in grassy woodland adds habit; other shortlist images largely repeat flowers.","plant-20c27741424a5297","11","",""
"Grevillea prasina","/Volumes/Crucial X10/SD/# A A COMPLETED/Grevillea prasina/SELECT/PICK/Grevillea prasina.691.a.JPG","","","","","","","A","loose photograph","","3224x2418","gallery option","Species named in the filename.","E242-02","1c4ebf756f58d98b5a4b947f632e2b5602fd6349558068406c3e1eb28c6dac60","","","","","","","","","","","","","","","","","","","","","","","","","","","","","","","","","","","","","","","","","","","","","","","","","2","2","0","Supported loose additions","Yellow-flowered leafy branch is a useful alternative to pale flowers; most other files repeat current views.","plant-f73da766b8fe8006","9","",""
"Grevillea pteridifolia","/Volumes/Crucial X10/SD/G G G/Grevillea pteridifolia/Grevillea pteridifolia 1 Gamarrwa #IM.jpg","/Volumes/Crucial X10/HD/# COMPLETE NPNA NEW ED 2026/A. A. PHOTOS AND IMAGES/D. PLANT DESCRIPTIONS GENERA A-Z/GG/Grevillea pteridifolia/PICK/EXTRA/Tawny Coster Butterfly feeding on nectar of Grevillea pteridifolia.073.a.JPG","/Volumes/Crucial X10/HD/# COMPLETE NPNA NEW ED 2026/A. A. PHOTOS AND IMAGES/C. HERO SHOTS A-Z/GG/PICK/Sulphur-crested Cockatoo sucking nectar on Grevillea pteridifolia.4070.WB.a.JPG","/Volumes/Crucial X10/SD/G G G/Grevillea pteridifolia/SELECT/Grevillea pteridifolia.c.JPG","/Volumes/Crucial X10/WILDLIFE/Red-collared Lorikeet/SELECT/Lorikeet on Grevillea pteridifolia.a.JPG","","","A","loose photograph","","3648x2736","gallery option","Species named in the filename.","E243-04","a2799ff347cafc6214cb8434fd9f7701d6eab2a55016c7ef770a3341a025c8cb","A","loose photograph","","4864x3648","gallery option","Species named in the filename.","E243-02","17bdb51b2d92207b68513b0ba8fbe3f12a5de15259c6723ae4c54b794f5008f9","A","loose photograph","","2256x2820","gallery option","Species named in the filename.","E243-06","0cc9cb5c10307203a660ceb590ef3f8def14c0dbd6c077ab3cc4203b7597d829","A","loose photograph","","4000x3000","gallery option","Species named in the filename.","E243-01","45703a0dc3855878cf2bc5793e33dba406198c5bc58f50e9fffedae90574193a","A","loose photograph","","1696x1272","gallery option","Species named in the filename.","E243-08","07e1af84127a9fad733306917bb07c97465f4651caca72d5ae3ad68e87790165","","","","","","","","","","","","","","","","","2","2","0","Supported loose additions","Landscape flowering display, butterfly and cockatoo interactions, and crown context offer distinct subjects. Additional named lorikeet-at-flowers image offers another ecological option.","plant-09bdf3cc8934c6d9","19","",""
"Grevillea pungens","/Volumes/Crucial X10/HD/# COMPLETE NPNA NEW ED 2026/A. A. PHOTOS AND IMAGES/D. PLANT DESCRIPTIONS GENERA A-Z/GG/Grevillea pungens/PICK/EXTRA/Grevillea pungens.411.a.jpg","/Volumes/Crucial X10/HD/AA NATIVE PLANTS OF NA 2021/FINAL FULL DRAFT/PROOF Native Plants of N Australia-PDF.pdf","/Volumes/Crucial X10/SD/# A A A A NPNA 2026 NEW PHOTOS/A A A A A ESPLAN RAPID CK EAST PT 29-30.8.2026/Grevillea pungens/P1160622.JPG","/Volumes/Crucial X10/SD/# A A A A NPNA 2026 NEW PHOTOS/A A A A A ESPLAN RAPID CK EAST PT 29-30.8.2026/Grevillea pungens/P1160626.JPG","","","","A","loose photograph","","1255x1674","gallery option","Species named in the filename.","E244-01","89ca2c83629ac47383ec104293e23564d9beef372e0cc7ebf9903d1e09929ecd","A","book image","PDF page 232; printed page 231; page-object index 1 (zero-based)","567x572","low-resolution fallback","Photograph positioned with the authored species account in the book proof.","B-p232-o1","","B","loose photograph","","4864x3648","gallery option","Association through the named source folder or historical-name trail.","E244-03","60df7a30d4103e70d7cefa1bb3ff22371a367192cecbfb9d2087616c7e455b4f","B","loose photograph","","4864x3648","gallery option","Association through the named source folder or historical-name trail.","E244-05","339921c81e691d416725c278a4417af11d7dd367a2414053665d4d81f0a65071","","","","","","","","","","","","","","","","","","","","","","","","","1","1","0","Supported loose additions","Close yellow stage, paler spikes and wider branch complement existing reddish flower stage; older book gives another pink flower stage.","plant-b1d52680c2e0ae2e","7","",""
"Grevillea pyramidalis","/Volumes/Crucial X10/HD/AA NATIVE PLANTS OF NA 2021/FINAL FULL DRAFT/PROOF Native Plants of N Australia-PDF.pdf","","","","","","","A","book image","PDF page 233; printed page 232; page-object index 2 (zero-based)","567x566","low-resolution fallback","Photograph positioned with the authored species account in the book proof.","B-p233-o2","","","","","","","","","","","","","","","","","","","","","","","","","","","","","","","","","","","","","","","","","","","","","","","","","","1","1","0","Book addition only","No new loose-file shortlist. Older book shows a younger upright flowering branch at limited resolution.","plant-3f1821ebd78ea899","3","",""
"Grevillea refracta","/Volumes/Crucial X10/SD/# A A A A NPNA 2026 NEW PHOTOS/WILLIE BURGESS Plants of the nt photos/Proteaceae Grevillea Persoonia Stenocarpus/Grevillea/Grevillea refracta  (114).JPG","/Volumes/Crucial X10/HD/AA NATIVE PLANTS OF NA 2021/FINAL FULL DRAFT/PROOF Native Plants of N Australia-PDF.pdf","","","","","","A","loose photograph","","5472x3648","gallery option","Species named in the filename.","E246-04","57507f8dd32a96a5942507412bb32ae23eaffea573acf4fb57b3d4801d24424b","A","book image","PDF page 233; printed page 232; page-object index 1 (zero-based)","566x568","low-resolution fallback","Photograph positioned with the authored species account in the book proof.","B-p233-o1","","","","","","","","","","","","","","","","","","","","","","","","","","","","","","","","","","","","","","","","","","2","2","0","Supported loose additions","Non-flowering leafy habit; older book includes conspicuous woody fruits alongside flowers.","plant-07a94d19f67d77df","9","",""
"Grevillea sp. Magela Creek","/Volumes/Crucial X10/SD/# A A COMPLETED/Grevillea sp. Magela Creek/SELECT/_1150860 #Grevillea sp. Magela Ck.JPG","","","","","","","A","loose photograph","","4000x3000","gallery option","Species named in the filename.","E247-03","d31168a1ba46fb290b49aa7ee5d34abf968c0fd67415e249a843c72961df7583","","","","","","","","","","","","","","","","","","","","","","","","","","","","","","","","","","","","","","","","","","","","","","","","","2","2","0","Supported loose additions","Wider leafy flowering branch is a modest addition. Require the complete informal name Magela Creek in provenance; generic Grevillea sp. alone is insufficient.","plant-c6417d2c6792ec73","21","",""
"Grevillea striata","/Volumes/Crucial X10/HD/AA NATIVE PLANTS OF NA 2021/FINAL FULL DRAFT/PROOF Native Plants of N Australia-PDF.pdf","/Volumes/Crucial X10/SD/G G G/Grevillea striata/P1060539.JPG","","","","","","A","book image","PDF page 234; printed page 233; page-object index 2 (zero-based)","566x564","low-resolution fallback","Photograph positioned with the authored species account in the book proof.","B-p234-o2","","B","loose photograph","","4864x3648","gallery option","Association through the named source folder or historical-name trail.","E248-01","52d26d25aec397b79c8257ecc17cc0843119ab926fe20c2c2ff1d97daac2a57b","","","","","","","","","","","","","","","","","","","","","","","","","","","","","","","","","","","","","","","","","1","1","0","Supported loose additions","Habitat/tree view is a weaker context lead; older book shows narrow-leaved flowering branches. Candidate 2 is named G. parallela and must not be assigned as G. striata without review.","plant-259e92f62ac51f48","4","",""
"Grevillea versicolor","/Volumes/Crucial X10/SD/# A A A A NPNA 2026 NEW PHOTOS/WILLIE BURGESS Plants of the nt photos/Proteaceae Grevillea Persoonia Stenocarpus/Grevillea/Grevillea versicolor 994.JPG","/Volumes/Crucial X10/SD/# A A A A NPNA 2026 NEW PHOTOS/WILLIE BURGESS Plants of the nt photos/Proteaceae Grevillea Persoonia Stenocarpus/Grevillea/Grevillea versicolor1932.JPG","","","","","","A","loose photograph","","3648x2736","gallery option","Species named in the filename.","E249-03","b9fd5a28fb6faef0c958ad0110dad604564a92ed46455e1ddc2920bfadf17ed2","A","loose photograph","","3936x2624","gallery option","Species named in the filename.","E249-04","a205ce978ce671472d7341f1aeb319178c838445b5bfe6e4475350b55eb9240c","","","","","","","","","","","","","","","","","","","","","","","","","","","","","","","","","","","","","","","","","2","2","0","Supported loose additions","Whole shrub and an earlier floral stage complement the existing flowers and leafy branch.","plant-1f418c2fdbbe0f3f","7","",""
"Grevillea wickhamii","/Volumes/Crucial X10/HD/# COMPLETE NPNA NEW ED 2026/A. A. PHOTOS AND IMAGES/D. PLANT DESCRIPTIONS GENERA A-Z/GG/Grevillea wickhamii/PICK/EXTRA/Grevillea wickhamii w Hairy Flower Wasp (Radumeris radula).6403.AM.jpeg","/Volumes/Crucial X10/SD/G G G/Grevillea wickhamii/Grevillea wickhamii 'island cutting site' 2.6.25/P1030966.JPG","/Volumes/Crucial X10/SD/G G G/Grevillea wickhamii/P1000734.JPG","","","","","A","loose photograph","","1862x1606","gallery option","Species named in the filename.","E250-01","c1e11f700789a9df471b3382405e432b733909c5221f4c422e50d26e2fc974fe","B","loose photograph","","4864x3648","gallery option","Association through the named source folder or historical-name trail.","E250-04","e29af591019bab5078aeb53f885ccaad6fb60b761aa65b07042ed7858463ce03","B","loose photograph","","4864x3648","gallery option","Association through the named source folder or historical-name trail.","E250-07","1609b6396e4678adb328296ca22e52554cfeaa37d8c6ca0c7451e81be355cea9","","","","","","","","","","","","","","","","","","","","","","","","","","","","","","","","","3","3","0","Supported loose additions","Insect visit and a non-flowering leafy/reproductive branch add context; other shots mostly repeat existing red flowers. Additional sequence includes whole low shrub habit.","plant-58800f3788a021c0","14","",""
"Grewia asiatica","/Volumes/Crucial X10/WILDLIFE/Bush Stone Curlew in Grewia asiatica 12.11.2024/SELECT/_1150504.JPG","/Volumes/Crucial X10/WILDLIFE/Bush Stone Curlew in Grewia asiatica 12.11.2024/SELECT/PICKX/_1150558.JPG","","","","","","B","loose photograph","","4000x3000","gallery option","Association through the named source folder or historical-name trail.","E251-02","d80d5e4289601fb73038b212d2c3c6ec4fb2765c80811bb080d18edde3a99e1c","B","loose photograph","","4000x3000","gallery option","Association through the named source folder or historical-name trail.","E251-05","86fb404ce9badfe6aea1e26835d4aa48e1d7a356cb222cd5733f3caa0031d09c","","","","","","","","","","","","","","","","","","","","","","","","","","","","","","","","","","","","","","","","","2","2","0","Supported loose additions","Twisted trunk and wider low habit complement flower and fruit details. Wildlife frames are contextual, not additional plant ID views.","plant-70631da64f3e63ce","13","",""
"Grewia breviflora","/Volumes/Crucial X10/HD/# COMPLETE NPNA NEW ED 2026/A. A. PHOTOS AND IMAGES/D. PLANT DESCRIPTIONS GENERA A-Z/GG/Grewia breviflora/PICK/Grewia breviflora.153.b.JPG","/Volumes/Crucial X10/HD/AA NATIVE PLANTS OF NA 2021/FINAL FULL DRAFT/PROOF Native Plants of N Australia-PDF.pdf","","","","","","A","loose photograph","","2790x2093","gallery option","Species named in the filename.","E252-01","90de3379f3e164b68f4de78618c2f821100ea4a1efda3e82d77d5bb7115f4850","A","book image","PDF page 235; printed page 234; page-object index 2 (zero-based)","566x563","low-resolution fallback","Photograph positioned with the authored species account in the book proof.","B-p235-o2","","","","","","","","","","","","","","","","","","","","","","","","","","","","","","","","","","","","","","","","","","1","1","0","Supported loose additions","Flower close-up and older book flowering branch complement the current leaf. Competing-name/TBC leads remain lower-confidence collection material.","plant-bab59d7d0d5a8195","6","",""
"Grewia savannicola","/Volumes/Crucial X10/SD/G G G/Grewia savannicola (Dog's Balls)/SELECT/_1230458.JPG","","","","","","","B","loose photograph","","4000x3000","gallery option","Association through the named source folder or historical-name trail.","E253-02","8cc94315fd3b3181b7e3e682f1c1f40528b200d8f2275ba871ed0cdc99f2b341","","","","","","","","","","","","","","","","","","","","","","","","","","","","","","","","","","","","","","","","","","","","","","","","","2","2","0","Supported loose additions","Flowering leafy branch adds a missing reproductive stage to existing fruit photographs.","plant-a5e604b5a7f428da","6","",""
"Guettarda speciosa","/Volumes/Crucial X10/SD/# A A A A NPNA 2026 NEW PHOTOS/WILLIE BURGESS Plants of the nt photos/Rubiaceae Aidia Gardenia Coelospermum Cycophyllum Dentella Guettarda Ixora Pavetta PsychotriaTarenna Timonius/guettarda speciosa 215.JPG","/Volumes/Crucial X10/SD/G G G/Guettarda speciosa/_1110054 Guettarda speciosa.JPG","/Volumes/Crucial X10/SD/G G G/Guettarda speciosa/P1170632.JPG","","","","","A","loose photograph","","5472x3648","gallery option","Species named in the filename.","E254-05","ce8c1f3bc4dd20072e5ff127a1c2a5293b889f3bf00e3c29f62ededa72cb7dd0","A","loose photograph","","4000x3000","gallery option","Species named in the filename.","E254-02","3b0f801716ff0df2b7a164554165a230275f232ca3e377c47c434d38912e8e88","B","loose photograph","","4000x3000","gallery option","Association through the named source folder or historical-name trail.","E254-08","bab881c75dc7b967dc5f3e773dd2033da597e12ef55754af7518678ea1842103","","","","","","","","","","","","","","","","","","","","","","","","","","","","","","","","","2","2","0","Supported loose additions","Young foliage and side-on flowering branch provide additional leaf and flower structure. Additional sequence has close pale green fruits, a useful new subject.","plant-b629e5988ea34731","8","",""
"Gymnanthera oblonga","/Volumes/Crucial X10/HD/# COMPLETE NPNA NEW ED 2026/A. A. PHOTOS AND IMAGES/D. PLANT DESCRIPTIONS GENERA A-Z/GG/Gymnanthera oblonga/PICK/EXTRA/Gymnanthera oblonga fruit.941.a.JPG","","","","","","","A","loose photograph","","1935x2580","gallery option","Species named in the filename.","E255-01","37473217005ef16914e5f3bfd7491023f77937885cb643a0f61cbe9905696d81","","","","","","","","","","","","","","","","","","","","","","","","","","","","","","","","","","","","","","","","","","","","","","","","","3","3","0","Supported loose additions","Long closed fruits complement flowers, released seed floss and habit already present.","plant-a22ee28f1aee6380","9","",""
"Gyrocarpus americanus","/Volumes/Crucial X10/HD/AA NATIVE PLANTS OF NA 2021/FINAL FULL DRAFT/PROOF Native Plants of N Australia-PDF.pdf","/Volumes/Crucial X10/SD/G G G/Gyrocarpus americanus, new leaves lobed/P1000092.JPG","/Volumes/Crucial X10/SD/G G G/Gyrocarpus americanus/_1030954.JPG","/Volumes/Crucial X10/SD/G G G/Gyrocarpus americanus, new leaves lobed/P1040060.JPG","","","","A","book image","PDF page 237; printed page 236; page-object index 1 (zero-based)","566x570","low-resolution fallback","Photograph positioned with the authored species account in the book proof.","B-p237-o1","","B","loose photograph","","4864x3648","gallery option","Association through the named source folder or historical-name trail.","E256-05","959475822a76f6603a5467576cf13bd016f9753ddbb848888e6c99767e480fd1","B","loose photograph","","4000x3000","gallery option","Association through the named source folder or historical-name trail.","E256-04","53158e738645d073f169df9f06ae1ada14ae930b6f2c16d9a5eabab96f6d420c","B","loose photograph","","4864x3648","gallery option","Association through the named source folder or historical-name trail.","E256-12","152e71f973942de62fee426985606a94273efa9e06ad859a4195a4d4dc570111","","","","","","","","","","","","","","","","","","","","","","","","","2","2","0","Supported loose additions","Flower clusters and bare trunk/branch context; older book usefully includes broad leaves with hanging winged fruit. Additional sequence shows a fully leafy crown.","plant-f7dd51ae726a06ec","10","",""
"Habenaria halata","/Volumes/Crucial X10/SD/H H H/Habenaria halata/_1230925.JPG","/Volumes/Crucial X10/SD/H H H/Habenaria halata/20250104_133520.jpg","","","","","","B","loose photograph","","4000x3000","gallery option","Association through the named source folder or historical-name trail.","E257-02","ed0e0c23d244bbb2b54a9d5e3cf49c3ee06e5ada9fac64f89f923b721510223c","B","loose photograph","","4000x3000","gallery option","Association through the named source folder or historical-name trail.","E257-05","21a218c2ddfbcbe1865feaba2a57e41a0977a2bdf21e503b4e50e3e7a1d01a1e","","","","","","","","","","","","","","","","","","","","","","","","","","","","","","","","","","","","","","","","","2","2","0","Supported loose additions","Full flower spike and basal foliage complement flower close-up and distant habitat.","plant-85417b4af3f55885","4","",""
"Habenaria hymenophylla","/Volumes/Crucial X10/SD/# A A COMPLETED/Habenaria hymenophylla/SELECT/PICK/Habenaria hymenophylla.908.a.JPG","/Volumes/Crucial X10/SD/# A A COMPLETED/Habenaria hymenophylla/SELECT/_1260004##.JPG","","","","","","A","loose photograph","","2250x3000","gallery option","Species named in the filename.","E258-01","a8298dfc64f63bf2286bdb47301d59ec5c8bc02598615679599047173e92d572","B","loose photograph","","4000x3000","gallery option","Association through the named source folder or historical-name trail.","E258-05","6c42977c856550442f1b432142e1025a1e1e39273d3f53e06f0135cac4a34daa","","","","","","","","","","","","","","","","","","","","","","","","","","","","","","","","","","","","","","","","","3","3","0","Supported loose additions","Side-on flower detail and whole plant with basal leaves broaden the three existing images.","plant-f8b8eb77c5f8a768","12","",""
"Habenaria triplonema","/Volumes/Crucial X10/HD/# COMPLETE NPNA NEW ED 2026/A. A. PHOTOS AND IMAGES/D. PLANT DESCRIPTIONS GENERA A-Z/HH/Habenaria triplonema (N)/PICK/EXTRA/Habenaria triplonema.905.WB.a.JPG","/Volumes/Crucial X10/SD/# A A A A NPNA 2026 NEW PHOTOS/WILLIE BURGESS Plants of the nt photos/Orchidaceae Dipodium Dendrobium Habenari Nervilla/Habenaria triplonema 9777.JPG","/Volumes/Crucial X10/SD/# A A A A NPNA 2026 NEW PHOTOS/WILLIE BURGESS Plants of the nt photos/Orchidaceae Dipodium Dendrobium Habenari Nervilla/Habenaria triplonema 9840.JPG","","","","","A","loose photograph","","1638x2048","gallery option","Species named in the filename.","E259-02","9ef1529b99dce2e0f852a9024b5056fb9064e5868edf3aea29e28b8a92eb2022","A","loose photograph","","5472x3648","gallery option","Species named in the filename.","E259-04","f17dd332fe2e5a011f372c5e975695c95eeea484415501430fdeda4fe13b87c9","A","loose photograph","","5472x3648","gallery option","Species named in the filename.","E259-10","1b5969173bf54325c3ea0fbbaefbbb47117633d7506197921f3753766dff0235","","","","","","","","","","","","","","","","","","","","","","","","","","","","","","","","","1","1","0","Supported loose additions","Side-on floral structure and whole plant in habitat add scale and habit. Additional named photograph shows basal leaves beside the slender flowering stem.","plant-2cc7eccd6db9e9ae","13","",""
"Haemodorum coccineum","/Volumes/Crucial X10/SD/# A A A A NPNA 2026 NEW PHOTOS/WILLIE BURGESS Plants of the nt photos/Haemodoraceae Haemodorum/Haemodorum coccineum 10.JPG","/Volumes/Crucial X10/SD/H H H/Haemodorum coccineum/_1230560.JPG","/Volumes/Crucial X10/SD/H H H/Haemodorum coccineum/_1230580.JPG","","","","","A","loose photograph","","5472x3648","gallery option","Species named in the filename.","E260-01","ee90a6ed99b33418631f538dff7487f9c18562e8cd37742792f6bc55555161dc","B","loose photograph","","4000x3000","gallery option","Association through the named source folder or historical-name trail.","E260-04","7017daab37557d22b7894b10ecc6f1a0ee2b0aa5c7b6308a0cc5797ebbf1ebff","B","loose photograph","","4000x3000","gallery option","Association through the named source folder or historical-name trail.","E260-06","553b17611f218e5f4879305614d4b5bc114c794762eab00476653943f8facde5","","","","","","","","","","","","","","","","","","","","","","","","","","","","","","","","","2","2","0","Supported loose additions","Basal leaves, whole flowering plant and butterfly interaction complement existing flower close-ups.","plant-633d285ef3faef2e","6","",""
"Hakea arborescens","/Volumes/Crucial X10/HD/# COMPLETE NPNA NEW ED 2026/A. A. PHOTOS AND IMAGES/D. PLANT DESCRIPTIONS GENERA A-Z/HH/Hakea arborescens/PICK/EXTRA/Hakea arborescens.075.a.JPG","/Volumes/Crucial X10/SD/H H H/Hakea arborescens/_1130457 Hakea arborescens.JPG","/Volumes/Crucial X10/SD/H H H/Hakea arborescens/_1080515.JPG","","","","","A","loose photograph","","2376x2376","gallery option","Species named in the filename.","E261-01","d90a94a4ca21521b002d70915e65182d2b2856a6f2ad11fec0490fc5d7a6f21b","A","loose photograph","","4000x3000","gallery option","Species named in the filename.","E261-05","7e12a59ea7fe682ee10a52c30f9c017b529c4f8a4de48af5d72fad6159d0b10b","B","loose photograph","","4000x3000","gallery option","Association through the named source folder or historical-name trail.","E261-09","484200a981b8ae3fddf3ae216a0831080b8fb5d446880524f28d59f7a6785ea9","","","","","","","","","","","","","","","","","","","","","","","","","","","","","","","","","2","2","0","Supported loose additions","Broader fruiting branch and hanging foliage; bird/nest photographs are optional ecological context, not plant identification additions. Additional close opened woody fruit shows its internal shape.","plant-d74f476dcb2e7e78","9","",""
"Harpullia leichhardtii","/Volumes/Crucial X10/SD/# A A COMPLETED/Harpullia leichhardtii/SELECT/Harpullia leichhardti fruit Yirrkala #IM.jpg","","","","","","","B","loose photograph","","3648x2736","gallery option","Association through the named source folder or historical-name trail.","E262-01","c80ebe1ce408022517e466c81ba31d8fd4846c33613b4c7d1b8f87d0d16b6d24","","","","","","","","","","","","","","","","","","","","","","","","","","","","","","","","","","","","","","","","","","","","","","","","","3","3","0","Supported loose additions","Wider foliage/habit with fruit is a modest addition; remaining images mostly repeat existing fruit.","plant-07c55680092e6529","10","",""
"Helicia australasica","/Volumes/Crucial X10/SD/H H H/Helicia australasica/Helicia australasica Gunlom IM.jpg","/Volumes/Crucial X10/SD/H H H/Helicia australasica/P1220110.JPG","","","","","","A","loose photograph","","1654x1240","gallery option","Species named in the filename.","E263-06","6c22b28c77f699082461599f3dd73436218841ae600849e328bf1461786caefc","B","loose photograph","","4000x3000","gallery option","Association through the named source folder or historical-name trail.","E263-10","ca361a94fe313d632c6d1ee10108fb7c571df4b7501c8ad83e21f1406e3e7bce","","","","","","","","","","","","","","","","","","","","","","","","","","","","","","","","","","","","","","","","","3","3","0","Supported loose additions","Earlier/reddish flower spikes are the main additional stage; other shortlist images repeat current flowers or fruit. Additional sequence has clear elongated-leaf detail.","plant-2ca2d37d9aabd1bb","5","",""
"Helicteres darwinensis","/Volumes/Crucial X10/HD/# COMPLETE NPNA NEW ED 2026/A. A. PHOTOS AND IMAGES/D. PLANT DESCRIPTIONS GENERA A-Z/HH/Helicteres darwinensis/PICK/EXTRA/Helicteres darwinensis.842.RD.a.JPG","/Volumes/Crucial X10/HD/AA NATIVE PLANTS OF NA 2021/FOTOS/Helicteres darwinensis endemic ID Cowie.jpg","/Volumes/Crucial X10/SD/H H H/Helicteres darwinensis 4.1.25/_1240001.JPG","","","","","A","loose photograph","","3641x2731","gallery option","Species named in the filename.","E264-03","ffd653dfcbea30f96124dbd2a1e953bdad03923f04192bbd2c0ae98bde69d899","A","loose photograph","","500x353","gallery option","Species named in the filename.","E264-05","ebe83fb40c42d8ff5246e484d83df2513a9b10ac9dffb315a3421d20cea52d73","B","loose photograph","","4000x3000","gallery option","Association through the named source folder or historical-name trail.","E264-11","325b7c7227aab64676104771d88424c118b8174867b1adaeb7a88636f732131e","","","","","","","","","","","","","","","","","","","","","","","","","","","","","","","","","2","2","0","Supported loose additions","Closer flower structure and contrasting flower angle complement the existing low-plant views. Additional sequence includes young non-flowering foliage.","plant-6795f6529707cac0","7","",""
"Helicteres hirsuta","/Volumes/Crucial X10/HD/# COMPLETE NPNA NEW ED 2026/A. A. PHOTOS AND IMAGES/D. PLANT DESCRIPTIONS GENERA A-Z/HH/Helicteres hirsuta/PICK/EXTRA/Helicteres hirsuta.583.a.JPG","/Volumes/Crucial X10/SD/# A A A A NPNA 2026 NEW PHOTOS/WILLIE BURGESS Plants of the nt photos/Malvaceae Brachychiton Helicteres Hibiscus sterculia Thespesia Abelmoschus Abutilon Adansonia Gossypium Urena/Helicteres/Helicteres hirsuta 7937.JPG","","","","","","A","loose photograph","","1532x2043","gallery option","Species named in the filename.","E265-02","87470b64c1d7227c8a9332668aa7420c595194184dd61dc53bb2c49401f3e3a9","A","loose photograph","","5472x3648","gallery option","Species named in the filename.","E265-03","2f3174830ed36df6ed67b41df1149895a58b4c45026235327133b7b979f7e168","","","","","","","","","","","","","","","","","","","","","","","","","","","","","","","","","","","","","","","","","1","1","0","Supported loose additions","Wider leafy branch and fruiting/reproductive branch context complement the single flower view.","plant-aa4e9d813f34a0fa","8","",""
"Helicteres isora","/Volumes/Crucial X10/SD/H H H/Helicteres isora/_1100346 Helicteres isora frts.JPG","/Volumes/Crucial X10/SD/# A A A A NPNA 2026 NEW PHOTOS/WILLIE BURGESS Plants of the nt photos/Malvaceae Brachychiton Helicteres Hibiscus sterculia Thespesia Abelmoschus Abutilon Adansonia Gossypium Urena/Helicteres isora 43.JPG","","","","","","A","loose photograph","","4000x3000","gallery option","Species named in the filename.","E266-03","c90a78490f3abd213778b1d4f093ddb05b2c2f2ba9943db1962daea3f568e4bf","A","loose photograph","","5472x3648","gallery option","Species named in the filename.","E266-04","8a56a3012a45f30accaf1d58b904fc6f4a0e5c2f5a7aadda8f36df20e2b64bda","","","","","","","","","","","","","","","","","","","","","","","","","","","","","","","","","","","","","","","","","2","2","0","Supported loose additions","Whole branching habit and side-on flowers with developing structures broaden flowers and twisted fruits already present.","plant-cb14ff73f8258f5e","7","",""
"Helicteres macrothrix","/Volumes/Crucial X10/SD/# AA NEW SPECIES/Helicteres macrothrix, endemic groundcover w blue flwrs/_1160075.JPG","/Volumes/Crucial X10/SD/# AA NEW SPECIES/Helicteres macrothrix, endemic groundcover w blue flwrs/_1240835.JPG","","","","","","B","loose photograph","","4000x3000","gallery option","Association through the named source folder or historical-name trail.","E267-03","4cb35ddeb656673de0bf8ca41d9c17686903a1a6ab0e20256370ae6d8ed7f9e7","B","loose photograph","","4000x3000","gallery option","Association through the named source folder or historical-name trail.","E267-06","dbdfb7400121a414e96366f108c2d44a95bdbfa12084afcf8e2b6d49f1c74012","","","","","","","","","","","","","","","","","","","","","","","","","","","","","","","","","","","","","","","","","3","2","1","Supported loose additions","Current gallery contains two plant photos and a map. Wider habit and another reproductive stage offer additions; loose candidate 4 is a label.","plant-94426f0044625b94","8","",""
"Heliotropium ventricosum","/Volumes/Crucial X10/HD/AA NATIVE PLANTS OF NA 2021/FINAL FULL DRAFT/PROOF Native Plants of N Australia-PDF.pdf","","","","","","","A","book image","PDF page 242; printed page 241; page-object index 1 (zero-based)","566x566","low-resolution fallback","Photograph positioned with the authored species account in the book proof.","B-p242-o1","","","","","","","","","","","","","","","","","","","","","","","","","","","","","","","","","","","","","","","","","","","","","","","","","","2","2","0","Book addition only","Only existing loose copies found; older book gives a more isolated whole flowering plant at limited resolution.","plant-f96e141530a2f84c","2","",""
"Helminthostachys zeylanica","/Volumes/Crucial X10/SD/# A A A A NPNA 2026 NEW PHOTOS/WILLIE BURGESS Plants of the nt photos/ferns/Helminthostachys zeylanica 106.JPG","/Volumes/Crucial X10/SD/# A A A A NPNA 2026 NEW PHOTOS/WILLIE BURGESS Plants of the nt photos/ferns/Helminthostachys zeylanica 068.JPG","","","","","","A","loose photograph","","5472x3648","gallery option","Species named in the filename.","E269-02","d4c4a3d55e8e0bce838aed13fbfb1730c06da32fdb7b17582780f87331a29374","A","loose photograph","","5472x3648","gallery option","Species named in the filename.","E269-04","341f93287b2625fda1b620467db2bb45f78b5013b5b72686dc3db460813a81b3","","","","","","","","","","","","","","","","","","","","","","","","","","","","","","","","","","","","","","","","","2","2","0","Supported loose additions","Upright fertile structures and an isolated plant at a trunk complement current broad foliage patches.","plant-9e2390314350427d","8","",""
"Heptapleurum actinophyllum","/Volumes/Crucial X10/HD/# COMPLETE NPNA NEW ED 2026/A. A. PHOTOS AND IMAGES/C. HERO SHOTS A-Z/HH/PICK/EXTRAS/Red-collared Lorikeet feeding on Heptapleurum actinophyllum .909a.JPG","/Volumes/Crucial X10/HD/# COMPLETE NPNA NEW ED 2026/A. A. PHOTOS AND IMAGES/C. HERO SHOTS A-Z/HH/PICK/EXTRAS/White-gaped Honeyeaters on Heptapleurum actinophyllum.125.a.JPG","/Volumes/Crucial X10/SD/# A A A A NPNA 2026 NEW PHOTOS/1 1 1 1 1 1 TIM MOORE TNP/FOLDER 2/Heptapleurum actinophyllum.574.a.jpg","","","","","A","loose photograph","","2254x1690","gallery option","Species named in the filename.","E270-04","cb5ec269701e640945d9a57d403924c137d72a67f17c94b6c2bb403dcd8664d0","A","loose photograph","","2892x2169","gallery option","Species named in the filename.","E270-01","d1a716a0df00319e645bd1d06308ceeaa4cf15c0d97a3965e201d2749b1eaa01","A","loose photograph","","3647x4559","gallery option","Species named in the filename.","E270-03","e777575d81587039f6e8226445d3724e774533d2d6328e6cf4e076f5b666b151","","","","","","","","","","","","","","","","","","","","","","","","","","","","","","","","","2","2","0","Supported loose additions","Lorikeet and honeyeater interactions plus a different crown/flower stage; wildlife shots are ecological context, not separate diagnostic organs.","plant-211ba216ccf9b631","19","",""
"Hernandia nymphaeifolia","","","","","","","","","","","","","","","","","","","","","","","","","","","","","","","","","","","","","","","","","","","","","","","","","","","","","","","","","","","","","","","","2","2","0","No distinct addition shortlisted","Only existing loose copies found, with no additional reviewed book image. No distinct addition shortlisted.","plant-2ccea96fa0a77241","5","",""
"Hibbertia cistifolia","/Volumes/Crucial X10/HD/AA NATIVE PLANTS OF NA 2021/FOTOS/Hibbertia cistifolia I D Cowie.jpg","/Volumes/Crucial X10/SD/# A A A A NPNA 2026 NEW PHOTOS/WILLIE BURGESS Plants of the nt photos/Dilleniaceae Dillenia Hibbertia/Hibbertia/Hibbertia cistifolia 20.JPG","","","","","","A","loose photograph","","500x373","gallery option","Species named in the filename.","E272-02","d6c5738315d38163b46cd1b09cafc4dc6edada7a97d6ae0ae5cf6a98e50360d0","A","loose photograph","","5472x3648","gallery option","Species named in the filename.","E272-03","5f5d162be750c03cc92f90c21a0b4dbffe2c0caef043ce02707116dc1745d43c","","","","","","","","","","","","","","","","","","","","","","","","","","","","","","","","","","","","","","","","","2","2","0","Supported loose additions","Closer open flowers and whole spreading habit complement the existing stem views.","plant-8f653becb4090b84","6","",""
"Hibbertia dilatata","/Volumes/Crucial X10/HD/AA NATIVE PLANTS OF NA 2021/FOTOS/Hibbertia dilatata edemic B Stuckey.jpg","/Volumes/Crucial X10/HD/AA NATIVE PLANTS OF NA 2021/FINAL FULL DRAFT/PROOF Native Plants of N Australia-PDF.pdf","","","","","","A","loose photograph","","412x500","gallery option","Species named in the filename.","E273-01","0dc67fcc75cbfd623219b0da93b95f8a8a23a5f22a0780abff5dfba2592a7973","A","book image","PDF page 245; printed page 244; page-object index 2 (zero-based)","566x569","low-resolution fallback","Photograph positioned with the authored species account in the book proof.","B-p245-o2","","","","","","","","","","","","","","","","","","","","","","","","","","","","","","","","","","","","","","","","","","2","2","0","Supported loose additions","Whole plant and older book close reproductive structures add context. Other loose sequence is explicitly uncertain and is not preferred over the named file.","plant-0f4bf2dbaae86b0e","4","",""
"Hibbertia tasmanica","/Volumes/Crucial X10/SD/# A A A A NPNA 2026 NEW PHOTOS/WILLIE BURGESS Plants of the nt photos/Dilleniaceae Dillenia Hibbertia/Hibbertia/Hibbertia tasmanica 478 (2).JPG","","","","","","","A","loose photograph","","5472x3648","gallery option","Species named in the filename.","E274-01","390c99bb2aea64e6ef32d6278e0f5cb1425a4abafa8b97aca3edd6e059c1c500","","","","","","","","","","","","","","","","","","","","","","","","","","","","","","","","","","","","","","","","","","","","","","","","","2","2","0","Supported loose additions","Wider flowering patch adds habit; most alternatives repeat current flowers.","plant-044d61316f09cd8e","6","",""
"Hibiscus leptocladus","/Volumes/Crucial X10/HD/AA NATIVE PLANTS OF NA 2021/FINAL FULL DRAFT/PROOF Native Plants of N Australia-PDF.pdf","/Volumes/Crucial X10/SD/H H H/Hibiscus leptocladus VRD 27.4.25/_1300076.JPG","/Volumes/Crucial X10/SD/H H H/Hibiscus leptocladus VRD 27.4.25/_1300071.JPG","","","","","A","book image","PDF page 246; printed page 245; page-object index 1 (zero-based)","567x572","low-resolution fallback","Photograph positioned with the authored species account in the book proof.","B-p246-o1","","B","loose photograph","","4000x3000","gallery option","Association through the named source folder or historical-name trail.","E275-03","8b1c9471ef2407909a05f2a375c12e1621bc8be9be013647e5c9ab166993169d","B","loose photograph","","4000x3000","gallery option","Association through the named source folder or historical-name trail.","E275-05","f6523aed23ad058b11eaccb1921fd9d498aaf3891c5d70e2b6c9f001a8bcc9f0","","","","","","","","","","","","","","","","","","","","","","","","","","","","","","","","","2","2","0","Supported loose additions","Whole stem with flowers and side-on flower/leaf context. Candidate 6 has a yellow flower unlike this reviewed series and is not shortlisted from the mixed shoot. Secondary frames 7 and 11 also show the yellow-flowered plant from the mixed sequence; these are not accepted as H. leptocladus.","plant-98b729520df5898d","3","",""
"Hibiscus menzeliae","/Volumes/Crucial X10/HD/# COMPLETE NPNA NEW ED 2026/A. A. PHOTOS AND IMAGES/D. PLANT DESCRIPTIONS GENERA A-Z/HH/Hibiscus menzeliae/PICK/EXTRA/Hibiscus menzeliae habitat.3.IM.jpg","/Volumes/Crucial X10/SD/H H H/Hibiscus menzeliae/Hibiscus menzeliae 1 Ubirr Kakadu IM.jpg","/Volumes/Crucial X10/SD/H H H/Hibiscus menzeliae/P1060047.JPG","","","","","A","loose photograph","","2736x3648","gallery option","Species named in the filename.","E276-01","9df6dbcd7d99ba82545c5e4b4f072a4acccf3a7baf44a668ff840392c140ee61","A","loose photograph","","3648x2736","gallery option","Species named in the filename.","E276-03","9d12a79e2e6df5b7be02afb2c81b19cbb349e769562a3abf154bba0ce63ac183","B","loose photograph","","4864x3648","gallery option","Association through the named source folder or historical-name trail.","E276-11","b316ed6cf4c435ca3f866acd2d9e124664b76cf9869877989fb06063821c9c08","","","","","","","","","","","","","","","","","","","","","","","","","","","","","","","","","1","1","0","Supported loose additions","Whole plant in rocky habitat and side-on flower add habit and floral profile. Additional sequence has dry reproductive structures on the branches.","plant-59ed128ab9e2a45f","7","",""
"Hibiscus meraukensis","/Volumes/Crucial X10/HD/# COMPLETE NPNA NEW ED 2026/A. A. PHOTOS AND IMAGES/D. PLANT DESCRIPTIONS GENERA A-Z/HH/Hibiscus meraukensis/PICK/EXTRA/Hibiscus meraukensis.704.b.JPG","/Volumes/Crucial X10/SD/H H H/Hibiscus meraukensis/_1270683.JPG","","","","","","A","loose photograph","","2592x1944","gallery option","Species named in the filename.","E277-02","148dc26e832bf5cf173f7b036d7f6cb4b8857542681bc2fdf88062b1cfcea8f3","B","loose photograph","","4000x3000","gallery option","Association through the named source folder or historical-name trail.","E277-04","0f1764d069c6493748c600f7aa6b989daeae588e3ff388ecab0a749d351b1cb1","","","","","","","","","","","","","","","","","","","","","","","","","","","","","","","","","","","","","","","","","2","2","0","Supported loose additions","Leafy flowering branch and whole plant among grasses. Photographer-in-frame image is not preferred for the species gallery.","plant-ff67732c6d0a4e86","6","",""
"Hibiscus panduriformis","/Volumes/Crucial X10/SD/H H H/Hibiscus panduriformis TBC VRD 27.4.25/SELECT/_1300168##.JPG","","","","","","","C","loose photograph","","4000x3000","identification-review lead","Association through the named source folder or historical-name trail; Source explicitly uncertain or a mixed/incorrectly labelled collection.","E278-04","4b86948e6e9a7b752bb354962eb5ea948b0286b5d76332fbb82d928b8eb3e0aa","","","","","","","","","","","","","","","","","","","","","","","","","","","","","","","","","","","","","","","","","","","","","","","","","2","2","0","Uncertain loose leads only","Wider habitat/whole-plant view is useful but comes from an uncertain-labelled sequence; current images already cover flowers.","plant-e1dc98458b10d40e","6","",""
"Hibiscus petherickii","/Volumes/Crucial X10/SD/# A A COMPLETED/Hibiscus petherickii/Photos from R Dempster/25 Hibiscus petherickii 3 20250517_111405.jpg","/Volumes/Crucial X10/SD/# A A COMPLETED/Hibiscus petherickii/Photos from R Dempster/29 Hibiscus petherickii 7 20250517_112955.jpg","","","","","","A","loose photograph","","1832x3224","gallery option","Species named in the filename.","E279-02","f01c638d327a04ded53c043fb7cf4735c3a6e3fee5ccb2d0cbd47c4d94c737d6","A","loose photograph","","1884x3378","gallery option","Species named in the filename.","E279-07","3f533cb8b61d02616951314535885d9db108948a56cce741d8d09a52dc20216c","","","","","","","","","","","","","","","","","","","","","","","","","","","","","","","","","","","","","","","","","3","2","1","Supported loose additions","Current gallery contains two plant photos and a map. Non-flowering foliage adds leaf shape; most alternatives repeat flowers. Additional named photograph shows the entire slender plant in woodland.","plant-160db29e83db95df","8","",""
"Hildegardia australiensis","/Volumes/Crucial X10/SD/# A A COMPLETED/Hildegardia australienis/SELECT/Hildegardia australasica fruit Malvaceae.jpg","/Volumes/Crucial X10/HD/# COMPLETE NPNA NEW ED 2026/A. A. PHOTOS AND IMAGES/D. PLANT DESCRIPTIONS GENERA A-Z/HH/Hildegardia australienis (N)/PICK/EXTRA/Hildegardia australienis.285.a.JPG","/Volumes/Crucial X10/SD/H H H/Hildigardia australasica (Malvaceae ex Stercul) NEW SP/P1160143.JPG","","","","","B","loose photograph","","486x500","gallery option","Species named in the filename; Name spelling, abbreviation or historical combination needs retaining in provenance.","E280-04","cfb8be9d983a15f0864bdf99ef59d6647ba3bad84edbf5a637ff98a5c0064409","B","loose photograph","","3162x2371","gallery option","Species named in the filename; Name spelling, abbreviation or historical combination needs retaining in provenance.","E280-05","c719a60e1cb66c127a863d74852d02a648608c955429805232ea8c7adc072ab3","B","loose photograph","","4864x3648","gallery option","Association through the named source folder or historical-name trail; Name spelling, abbreviation or historical combination needs retaining in provenance.","E280-09","7b83163286025d3683d37ebd302ee7f30932b325717a3929339b2bb68aa905f0","","","","","","","","","","","","","","","","","","","","","","","","","","","","","","","","","3","3","0","Supported loose additions","Green and dry winged fruits broaden the existing flower, crown and pale-fruit views; variant source spelling needs to remain visible. Additional sequence shows the leafless tree architecture.","plant-b80caea54383a1e6","22","",""
"Horsfieldia australiana","/Volumes/Crucial X10/HD/AA NATIVE PLANTS OF NA 2021/FINAL FULL DRAFT/PROOF Native Plants of N Australia-PDF.pdf","/Volumes/Crucial X10/SD/H H H/Horsefieldia australiana/Study of fruit and seed/_1130564.JPG","/Volumes/Crucial X10/SD/H H H/Horsefieldia australiana/_1120419.JPG","","","","","A","book image","PDF page 249; printed page 248; page-object index 2 (zero-based)","566x565","low-resolution fallback","Photograph positioned with the authored species account in the book proof.","B-p249-o2","","B","loose photograph","","4000x3000","gallery option","Association through the named source folder or historical-name trail; Name spelling, abbreviation or historical combination needs retaining in provenance.","E281-05","28680a83f6c21b1024f7e2b243360b28366225d2fdc60a495b5aa92f56e288c8","B","loose photograph","","4000x3000","gallery option","Association through the named source folder or historical-name trail; Name spelling, abbreviation or historical combination needs retaining in provenance.","E281-11","59ea9a55948d42321ae410ee22deb1210a76a2b00e3bea14ddc0a98e08ca2715","","","","","","","","","","","","","","","","","","","","","","","","","","","","","","","","","3","3","0","Supported loose additions","Laid-out fruit/seed comparison offers scale/context; older book main view adds broad leaves, though its fruit inset repeats a current subject. Additional sequence has bark detail.","plant-1e838859f91453dc","10","",""
"Hoya australis subsp. rupicola","/Volumes/Crucial X10/SD/H H H/Hoya australis subsp. rupicola/P1190825.JPG","/Volumes/Crucial X10/SD/H H H/Hoya australis subsp. rupicola/P1190817.JPG","","","","","","B","loose photograph","","4000x3000","gallery option","Association through the named source folder or historical-name trail.","E282-02","7e837da19f7577a56b1b31c2566a767015b6d7d5265ae734dcfed2489b5b0596","B","loose photograph","","4000x3000","gallery option","Association through the named source folder or historical-name trail.","E282-06","6d08a6aeb147aac78fd9977632e79ab9e216ba68436ad33dba9b967f8a915d98","","","","","","","","","","","","","","","","","","","","","","","","","","","","","","","","","","","","","","","","","2","2","0","Supported loose additions","Non-flowering plant at tree base and foliage close-up complement flower photographs. Binomial-only folders do not verify the subspecies.","plant-b5116fa329233160","7","",""
"Hydriastele ramsayi","/Volumes/Crucial X10/SD/# A A A A NPNA 2026 NEW PHOTOS/WILLIE BURGESS Plants of the nt photos/Arecaceae Palms/Hydriastele ramsayi 9935.JPG","/Volumes/Crucial X10/HD/AA NATIVE PLANTS OF NA 2021/FINAL FULL DRAFT/PROOF Native Plants of N Australia-PDF.pdf","/Volumes/Crucial X10/SD/H H H/Hydriastele ramsayi (prev. Gronophyllum ramsayi)/_1230529.JPG","","","","","A","loose photograph","","5472x3648","gallery option","Species named in the filename.","E283-03","fd32c3f1506c6a6c0e3408cd47179dddc9ecb22a2501f7f3536167a81104633e","A","book image","PDF page 250; printed page 249; page-object index 1 (zero-based)","566x571","low-resolution fallback","Photograph positioned with the authored species account in the book proof.","B-p250-o1","","B","loose photograph","","4000x3000","gallery option","Association through the named source folder or historical-name trail.","E283-09","6fd73bcd90e8d60e9b512f6c54812f3e7e25706fc301027bcd68341a53105714","","","","","","","","","","","","","","","","","","","","","","","","","","","","","","","","","2","2","0","Supported loose additions","Closer hanging leaves and reproductive structures; older book composite includes mature tall crowns. Additional sequence shows a younger low palm.","plant-fcbf077b3a450be1","6","",""
"Hydriastele wendlandiana","/Volumes/Crucial X10/HD/AA NATIVE PLANTS OF NA 2021/FINAL FULL DRAFT/PROOF Native Plants of N Australia-PDF.pdf","/Volumes/Crucial X10/SD/H H H/Hydriastele wendlandiana LNP/P1180609.JPG","/Volumes/Crucial X10/SD/H H H/Hydriastele wendlandiana LNP/TBC in garden next door to Paul Johns garden/_1280493.JPG","","","","","A","book image","PDF page 251; printed page 250; page-object index 1 (zero-based)","567x569","low-resolution fallback","Photograph positioned with the authored species account in the book proof.","B-p251-o1","","B","loose photograph","","4000x3000","gallery option","Association through the named source folder or historical-name trail.","E284-04","2f58f44d8f523b079ee87a1d841d489386a79c50316d806a9a60102835747113","C","loose photograph","","4000x3000","identification-review lead","Association through the named source folder or historical-name trail; Source explicitly uncertain or a mixed/incorrectly labelled collection.","E284-12","3b7b8e8ed681d6d26474cd13af19dd7d1ae16c6cfe8849b4044751ec47f41da8","","","","","","","","","","","","","","","","","","","","","","","","","","","","","","","","","2","2","0","Supported loose additions","Red fruiting bunch detail and older book palm-leaf/crown view complement existing broader palm groups. Additional green reproductive bunch is useful but belongs to an uncertain-labelled sequence.","plant-f5348c6a595e8348","9","",""
"Hypoestes floribunda","/Volumes/Crucial X10/HD/# COMPLETE NPNA NEW ED 2026/A. A. PHOTOS AND IMAGES/D. PLANT DESCRIPTIONS GENERA A-Z/HH/Hypoestes floribunda/PICK/EXTRA/Hypoestes floribunda.791.a.JPG","/Volumes/Crucial X10/SD/# A A A A NPNA 2026 NEW PHOTOS/WILLIE BURGESS Plants of the nt photos/Acanthaceae Hypoestes/Hypoestes floribunda 2518.JPG","/Volumes/Crucial X10/SD/H H H/Hypoestes floribunda/_1290651.JPG","","","","","A","loose photograph","","1537x2049","gallery option","Species named in the filename.","E285-01","a08b7012c43c5533923d2141ca2e0f97fc24a0f15ccb0a9d6f65e753376eb1b7","A","loose photograph","","5472x3648","gallery option","Species named in the filename.","E285-02","eb2c52d38d225c1739ba3b1eda53d9b0f62a4f869df9b166d9fa3984b9491b7f","B","loose photograph","","4000x3000","gallery option","Association through the named source folder or historical-name trail.","E285-11","7cfeda6df0d7f86ea0bde9fde2bc953b00527ed690d9b74cec806d0adc77fbbd","","","","","","","","","","","","","","","","","","","","","","","","","","","","","","","","","1","1","0","Supported loose additions","Bud/flower spike and whole leafy flowering stem add structure to the existing flower profile. Additional sequence shows whole upright plant habit.","plant-fd522c291a35cdf3","10","",""
"Ilex arnhemensis subsp. arnhemensis","/Volumes/Crucial X10/SD/I I I/Ilex arnhemensis or I. arnhemensis subsp. arnhemensis. Bark smoothish, hard, mottled grey/_1100340 Ilex arnhemensis.JPG","/Volumes/Crucial X10/SD/I I I/Ilex arnhemensis or I. arnhemensis subsp. arnhemensis. Bark smoothish, hard, mottled grey/_1080843 Ilex arnhemensis, Robin Falls.JPG","","","","","","B","loose photograph","","4000x3000","gallery option","Species named in the filename; Full subspecies/variety not established: retain the source species-level caption.","E286-01","e8067c4c83a3a4cb08c0b3e7b2a7157fb4e003e68d5138d40de53235a5cb6ba5","B","loose photograph","","4000x3000","gallery option","Species named in the filename; Full subspecies/variety not established: retain the source species-level caption.","E286-02","60dc09ab6a0d6371f6854485beadc0c4e9415f892d4f3dda86ccbef01c3b9b29","","","","","","","","","","","","","","","","","","","","","","","","","","","","","","","","","","","","","","","","","3","3","0","Supported loose additions","Bark and wider leafy crown complement existing flower/bud details; species-only source names do not establish subspecies.","plant-2dc60b845b32f742","4","",""
"Intsia bijuga","/Volumes/Crucial X10/SD/# AA NEW SPECIES/Intsia bijuga (Merbau) endangered only at Rocky Bay nr Yirrkala; Indian & Pacific Is coasts & islands, SE Asia, PNG; highly prized timber/SELECT/Intsia bijuga flowers 1 #IM.jpg","/Volumes/Crucial X10/SD/# A A COMPLETED/Intsia bijuga (Kwila or Merbau)/_1250476.JPG","/Volumes/Crucial X10/SD/# A A COMPLETED/Intsia bijuga (Kwila or Merbau)/P1030152.JPG","/Volumes/Crucial X10/SD/# A A COMPLETED/Intsia bijuga (Kwila or Merbau)/_1040304.JPG","","","","A","loose photograph","","2001x2736","gallery option","Species named in the filename.","E287-01","46667f14c240303e37d87dd351807f57aae1951549543402cc4ba83a27bf20b4","B","loose photograph","","4000x3000","gallery option","Association through the named source folder or historical-name trail.","E287-04","25949b21f21147d840d2ec5074ea01d8bd03c06b51145dcfb7ee79b8320ab6ea","B","loose photograph","","4864x3648","gallery option","Association through the named source folder or historical-name trail.","E287-05","fc9c3f05ba03fd7d7d934d49232260dd6d2195c633766311e208e0a84954ea6a","B","loose photograph","","4000x3000","gallery option","Association through the named source folder or historical-name trail.","E287-07","806e35d32e595215424ef4d81ce96f2114bb2532c81f51c75c6e8b9ea29e064a","","","","","","","","","","","","","","","","","","","","","","","","","1","1","0","Supported loose additions","Flower detail, leafy habit and trunk/bark are distinct additions to the existing flowering crown. Additional sequence shows a small young plant.","plant-7f7971c3dcae0f81","11","",""
"Ipomoea abrupta","/Volumes/Crucial X10/HD/# COMPLETE NPNA NEW ED 2026/A. A. PHOTOS AND IMAGES/D. PLANT DESCRIPTIONS GENERA A-Z/II/Ipomoea abrupta/PICK/EXTRA/Ipomoea abrupta.389.a.JPG","/Volumes/Crucial X10/SD/# A A A A NPNA 2026 NEW PHOTOS/WILLIE BURGESS Plants of the nt photos/Convolvulaceac Ipomoea Polymeria/Ipomoea/Ipomoea abrupta 3413.JPG","/Volumes/Crucial X10/SD/# A A A A NPNA 2026 NEW PHOTOS/WILLIE BURGESS Plants of the nt photos/Convolvulaceac Ipomoea Polymeria/Ipomoea/Ipomoea abrupta 4 3  (2).JPG","/Volumes/Crucial X10/SD/# A A A A NPNA 2026 NEW PHOTOS/WILLIE BURGESS Plants of the nt photos/Convolvulaceac Ipomoea Polymeria/Ipomoea/Ipomoea abrupta 90 (4).JPG","","","","A","loose photograph","","2020x2694","gallery option","Species named in the filename.","E288-01","4d550fc7950b1669039ba4656739fc553f9df6db9f9e715edd837554d07fcb32","A","loose photograph","","3648x2048","gallery option","Species named in the filename.","E288-03","12a0fb5fb34ebde3e30760674c0261751e64db5b82f89522e63e82e7c45ad506","A","loose photograph","","5472x3648","gallery option","Species named in the filename.","E288-06","a1f2a4d519295a9748685afcaa0fad6b894d72a03a55e3062217df0d56439bf0","A","loose photograph","","5472x3648","gallery option","Species named in the filename.","E288-08","5fe912f50a77f76fd03cb212b68756464b350f7be496e2deaf14cfcdec4c940d","","","","","","","","","","","","","","","","","","","","","","","","","1","1","0","Supported loose additions","Climbing habit, face-on flower and heart-shaped leaf/flower context broaden the single existing photograph. Additional named file shows a folded flower/bud stage.","plant-ccd4b4dd687630df","6","",""
"Ipomoea aquatica","/Volumes/Crucial X10/HD/AA NATIVE PLANTS OF NA 2021/FINAL FULL DRAFT/PROOF Native Plants of N Australia-PDF.pdf","/Volumes/Crucial X10/SD/I I I/Ipomoea aquatica Fogg Dam/P1220911.JPG","","","","","","A","book image","PDF page 254; printed page 253; page-object index 2 (zero-based)","566x572","low-resolution fallback","Photograph positioned with the authored species account in the book proof.","B-p254-o2","","B","loose photograph","","4000x3000","gallery option","Association through the named source folder or historical-name trail.","E289-02","16f2b81c2532e3cbd926bf2a97eb5b223cc0d14b756a11060f817c9f7b647663","","","","","","","","","","","","","","","","","","","","","","","","","","","","","","","","","","","","","","","","","1","1","0","Supported loose additions","Creeping non-flowering stem and older book long-leaf/flower context complement the existing flower photograph.","plant-8d56ff95c20ae075","4","",""
"Ipomoea pes-caprae subsp. brasiliensis","/Volumes/Crucial X10/HD/# COMPLETE NPNA NEW ED 2026/A. A. PHOTOS AND IMAGES/D. PLANT DESCRIPTIONS GENERA A-Z/II/Ipomoea pes-caprae subsp. brasiliensis/PICK/EXTRA/Ipomoea pes-caprae subsp. brasiliensis.242.a.JPG","/Volumes/Crucial X10/HD/# COMPLETE NPNA NEW ED 2026/A. A. PHOTOS AND IMAGES/C. HERO SHOTS A-Z/II/PICK/Garden Mantis nymph, hunting aphids on Ipomoea pes-caprae.163.b.JPG","","","","","","A","loose photograph","","3542x1992","gallery option","Species named in the filename.","E290-02","9a7ba0a14934a5973ee703c5db4d81fa8a7666ac75b06bec36c28e39d0eb210b","B","loose photograph","","1713x2284","gallery option","Species named in the filename; Full subspecies/variety not established: retain the source species-level caption.","E290-05","2bcd75b7a686323fc2eae44d8b8b3e2622efe876096c647d44a9d039438f677e","","","","","","","","","","","","","","","","","","","","","","","","","","","","","","","","","","","","","","","","","1","1","0","Supported loose additions","Runner with characteristic leaf shape on sand, plus mantis interaction. Species-only labels do not establish the subspecies.","plant-12cd5452b81e0076","13","",""
"Ipomoea violacea","/Volumes/Crucial X10/SD/I I I/Ipomoea violacea/_1090848.JPG","/Volumes/Crucial X10/SD/I I I/Ipomoea violacea/_1100010.JPG","","","","","","B","loose photograph","","4000x3000","gallery option","Association through the named source folder or historical-name trail.","E291-06","96b951f94de0597172caacd780c27e7df6ef0ecfe06b7b2e518ef016bc7badd7","B","loose photograph","","4000x3000","gallery option","Association through the named source folder or historical-name trail.","E291-10","39f458afea7b590fb292b60de098e3c9d56b33f1fc905f9f46ef1ada0fe3189e","","","","","","","","","","","","","","","","","","","","","","","","","","","","","","","","","","","","","","","","","2","2","0","Supported loose additions","Non-flowering tangled foliage/stems add context; other shortlist images repeat current white flowers. Additional sequence has a useful side-on flower profile.","plant-c727b565b0b53704","10","",""
"Ixora timorensis","/Volumes/Crucial X10/HD/AA NATIVE PLANTS OF NA 2021/FINAL FULL DRAFT/PROOF Native Plants of N Australia-PDF.pdf","/Volumes/Crucial X10/SD/I I I/Ixora timorensis tbc/P1070859.JPG","","","","","","A","book image","PDF page 255; printed page 254; page-object index 1 (zero-based)","566x391","low-resolution fallback","Photograph positioned with the authored species account in the book proof.","B-p255-o1","","C","loose photograph","","4864x3648","identification-review lead","Association through the named source folder or historical-name trail; Source explicitly uncertain or a mixed/incorrectly labelled collection.","E292-03","e7ddaba3f9708404f7aa1cb47e68f497e0fa4974e08440b9cb28226b6813f3ef","","","","","","","","","","","","","","","","","","","","","","","","","","","","","","","","","","","","","","","","","2","2","0","Book addition; loose leads need ID review","Closer floral branch is an uncertain-labelled lead; older authored book shows a different leafy flowering view.","plant-d46c4c3b4a2b5672","6","",""
"Jacksonia dilatata","/Volumes/Crucial X10/SD/# A A A A NPNA 2026 NEW PHOTOS/WILLIE BURGESS Plants of the nt photos/Fabaceae Acacia Erythrina Jacksonia Albizia Bossiaea Caseapinia Cathormion Erythrophleum Jacksonia Millettia Mucuna Senna Sesbania  Sophora Tamarindus/Jacksonia/Jacksonia dilatata 7610.JPG","/Volumes/Crucial X10/SD/J J J/Jacksonia dilatata/_1030524.JPG","","","","","","A","loose photograph","","5472x3648","gallery option","Species named in the filename.","E293-02","5ff5fa9f155a425873289feb419990f9f4fef5bf636eb6d3b3207df5a37e1be4","B","loose photograph","","4000x3000","gallery option","Association through the named source folder or historical-name trail.","E293-06","154660c9624259f2765e715068edb4724cea136968147d73db045df4c4c31087","","","","","","","","","","","","","","","","","","","","","","","","","","","","","","","","","","","","","","","","","2","2","0","Supported loose additions","Whole shrub and a later reproductive stage complement current flowers.","plant-8f0bf4ce0901cf19","6","",""
"Jacksonia odontoclada","/Volumes/Crucial X10/SD/# A A COMPLETED/Jacksonia odontoclada/P1050850.JPG","/Volumes/Crucial X10/SD/# A A COMPLETED/Jacksonia odontoclada/P1050861.JPG","","","","","","B","loose photograph","","4864x3648","gallery option","Association through the named source folder or historical-name trail.","E294-02","b89f6881f62e43a5a287fef8c70e33e1d1b2a9e36bece0540230c0b2d83ff2cf","B","loose photograph","","4864x3648","gallery option","Association through the named source folder or historical-name trail.","E294-04","cb613db851cfe13634d538f2d6fbd6c2d5376a2978b5295b7f427571d410a9d0","","","","","","","","","","","","","","","","","","","","","","","","","","","","","","","","","","","","","","","","","1","1","0","Supported loose additions","Whole flowering shrub and closer reproductive detail broaden the single existing photograph.","plant-345a2f4761702410","6","",""
"Jacksonia stellaris","/Volumes/Crucial X10/HD/# COMPLETE NPNA NEW ED 2026/A. A. PHOTOS AND IMAGES/D. PLANT DESCRIPTIONS GENERA A-Z/JJ/Jacksonia stellaris/PICK/EXTRA/[Jacksonia][stellaris][][p][fl][IDC][0804][IDC10282][UprMagelaCk5].JPG","","","","","","","A","loose photograph","","2448x3264","gallery option","Species named in the filename.","E295-02","5bb65a703e5ab4bea7d6c21f269cdb969427d9b9366a70ad5e957a9fc821616a","","","","","","","","","","","","","","","","","","","","","","","","","","","","","","","","","","","","","","","","","","","","","","","","","1","1","0","Supported loose additions","Broader flower/dry-structure view is only a modest alternative; no distinct additional organ is established.","plant-047965d1a6846171","4","",""
"Jacquemontia paniculata","/Volumes/Crucial X10/HD/AA NATIVE PLANTS OF NA 2021/FINAL FULL DRAFT/PROOF Native Plants of N Australia-PDF.pdf","/Volumes/Crucial X10/SD/J J J/Jacquemontia paniculata TBC VRD, 25.4.25, East Pt 4.5.25/P1000561.JPG","","","","","","A","book image","PDF page 258; printed page 257; page-object index 2 (zero-based)","567x571","low-resolution fallback","Photograph positioned with the authored species account in the book proof.","B-p258-o2","","C","loose photograph","","4864x3648","identification-review lead","Association through the named source folder or historical-name trail; Source explicitly uncertain or a mixed/incorrectly labelled collection.","E296-04","26f4220597c69bd3d98daf30abef4eec94789c6516fde8929d8598ee452be964","","","","","","","","","","","","","","","","","","","","","","","","","","","","","","","","","","","","","","","","","1","1","0","Book addition; loose leads need ID review","Flower profile in the loose series is explicitly uncertain; older book provides an authored leaf/flower composition.","plant-53cdab3283a2425d","3","",""
"Jasminum didymum subsp. didymium","/Volumes/Crucial X10/SD/# A A A A NPNA 2026 NEW PHOTOS/A A A A A CASUARINA RES, LEE PT, EAST PT, VESTEY LAGOON, DUKE ST RF, 8.8.2026/Jasminum didymum/SELECT/P1150266##.JPG","/Volumes/Crucial X10/SD/# A A A A NPNA 2026 NEW PHOTOS/A A A A A CASUARINA RES, LEE PT, EAST PT, VESTEY LAGOON, DUKE ST RF, 8.8.2026/Jasminum didymum/SELECT/PICK/Jasminum didymum.267.a.JPG","","","","","","B","loose photograph","","4864x3648","gallery option","Association through the named source folder or historical-name trail; Full subspecies/variety not established: retain the source species-level caption.","E297-03","2e21b10799891f8ee5dc6296a8bf58354247037b71686fd23009913b602d31fc","B","loose photograph","","1745x2327","gallery option","Species named in the filename; Full subspecies/variety not established: retain the source species-level caption.","E297-02","2536fbaee079123c67d22f59ada59544cb1279e6a68bd34337023d7918bef7be","","","","","","","","","","","","","","","","","","","","","","","","","","","","","","","","","","","","","","","","","1","1","0","Supported loose additions","Whole leafy flowering growth and wider flower spray complement the existing close-up. Binomial labels do not verify the subspecies.","plant-30897efac20d92e4","8","",""
"Jasminum elongatum","/Volumes/Crucial X10/SD/J J J/Jasminum elongatum/_1140980.JPG","/Volumes/Crucial X10/SD/J J J/Jasminum elongatum/_1140982.JPG","","","","","","B","loose photograph","","4000x3000","gallery option","Association through the named source folder or historical-name trail.","E298-05","c0eb8ae42ff1d7dab64d11e8ec24f61683a238a5ef3328a14996e078ab13b6cd","B","loose photograph","","4000x3000","gallery option","Association through the named source folder or historical-name trail.","E298-06","76ca0a7273c274490b6df295a1d74041e02dcf1cf47234f797ffa21b14de0e77","","","","","","","","","","","","","","","","","","","","","","","","","","","","","","","","","","","","","","","","","1","1","0","Supported loose additions","Whole low plant and non-flowering leaves complement existing flower profiles.","plant-83fb9758d6afe7d1","11","",""
"Larsenaikia suffruticosa","/Volumes/Crucial X10/SD/# A A A A NPNA 2026 NEW PHOTOS/WILLIE BURGESS Plants of the nt photos/Rubiaceae Aidia Gardenia Coelospermum Cycophyllum Dentella Guettarda Ixora Pavetta PsychotriaTarenna Timonius/Gardenia/Larsenaikia/Larsenaika suffruticosa 9860.JPG","/Volumes/Crucial X10/SD/L L L/Larsenaikia suffruticosa (prev. Gardenia suff)/_1230462.JPG","","","","","","B","loose photograph","","5472x3648","gallery option","Species named in the filename; Name spelling, abbreviation or historical combination needs retaining in provenance.","E299-04","277ab7e2c6ef99d8e41a4308ab88d12278497fb190d3ad3b94b2099dbda3950c","B","loose photograph","","4000x3000","gallery option","Association through the named source folder or historical-name trail.","E299-07","9101473805d10653fcc3a81388fb7574b73dd56b4c942e79e102cba5d5a1375c","","","","","","","","","","","","","","","","","","","","","","","","","","","","","","","","","","","","","","","","","2","2","0","Supported loose additions","Non-flowering foliage/young growth provides a missing stage; flower alternatives mostly repeat current views. Additional sequence includes rounded green fruit at the plant base.","plant-40114befeb424106","7","",""
"Leea novoguineensis","/Volumes/Crucial X10/SD/# A A A A NPNA 2026 NEW PHOTOS/A A A BOT GDNS 2.8.2026/SELECT/PICK/Blue-banded Bee on flowers of Leea novoguiniensis.701.a.JPG","","","","","","","B","loose photograph","","2862x2146","gallery option","Species named in the filename; Name spelling, abbreviation or historical combination needs retaining in provenance.","E300-03","49fe2b588865b4cea68dedf6fd2bcfbecb0c39be91dd1dc5b76ec455fcc7676e","","","","","","","","","","","","","","","","","","","","","","","","","","","","","","","","","","","","","","","","","","","","","","","","","3","3","0","Supported loose additions","Bee interaction at the flowers offers ecological detail; fruit/crown subjects are already represented.","plant-a6202c3a7fb00ec9","5","",""
"Leea rubra","/Volumes/Crucial X10/SD/# A A A A NPNA 2026 NEW PHOTOS/WILLIE BURGESS Plants of the nt photos/Vitaceae Leea/Leea rubra 4552.JPG","/Volumes/Crucial X10/SD/# A A A A NPNA 2026 NEW PHOTOS/WILLIE BURGESS Plants of the nt photos/Vitaceae Leea/Leea rubra  9675.JPG","","","","","","A","loose photograph","","3648x2048","gallery option","Species named in the filename.","E301-03","8092f10541f8c92c7cf58f769e40b28a9f47a09a84aa06bf838d8ca9b6297415","A","loose photograph","","5472x3648","gallery option","Species named in the filename.","E301-05","3fdc864a53927e3c5fd6820d3e190694b8762911e67d64c4d9a4221a3f69d84e","","","","","","","","","","","","","","","","","","","","","","","","","","","","","","","","","","","","","","","","","2","2","0","Supported loose additions","Whole shrub and broad leaf/fruit context complement current fruit close-ups.","plant-afddae7a84e3014a","9","",""
"Leichardtia viridiflora subsp. tropica","/Volumes/Crucial X10/SD/# A A COMPLETED/Marsdenia viridiflora subsp. tropica TBC Fl Aust V 28/P1060151.JPG","","","","","","","C","loose photograph","","4864x3648","identification-review lead","Association through the named source folder or historical-name trail; Name spelling, abbreviation or historical combination needs retaining in provenance; Source explicitly uncertain or a mixed/incorrectly labelled collection; Full subspecies/variety not established: retain the source species-level caption.","E302-06","f55fee9dc26033513d609811717698010d7bfcd7d06c37476cbddbdfc5685c00","","","","","","","","","","","","","","","","","","","","","","","","","","","","","","","","","","","","","","","","","","","","","","","","","2","2","0","Uncertain loose leads only","Wider leafy vine is a low-confidence lead from uncertain naming. Candidates 1, 3 and 4 are photographs of reference pages and are not gallery additions.","plant-15fb0f622a6bd475","5","",""
"Leptospermum madidum subsp. sativum","/Volumes/Crucial X10/SD/L L L/Leptospermum maddidum/_1020378.JPG","/Volumes/Crucial X10/SD/L L L/Leptospermum maddidum/_1020376.JPG","","","","","","B","loose photograph","","4000x3000","gallery option","Association through the named source folder or historical-name trail; Name spelling, abbreviation or historical combination needs retaining in provenance; Full subspecies/variety not established: retain the source species-level caption.","E303-04","47cccaea9d0263a0497fbade5cc39ab5bc22c8353e6aae01aabbae6b051362b6","B","loose photograph","","4000x3000","gallery option","Association through the named source folder or historical-name trail; Name spelling, abbreviation or historical combination needs retaining in provenance; Full subspecies/variety not established: retain the source species-level caption.","E303-06","d4fc213c696d6a437120776cb8130375edcf653644e25533b74512cf2210848e","","","","","","","","","","","","","","","","","","","","","","","","","","","","","","","","","","","","","","","","","3","3","0","Supported loose additions","Narrow leaves/reproductive branch and trunk detail complement existing flowers, bird and whole crown.","plant-ff9f982eb37ec513","10","",""
"Lithomyrtus retusa","/Volumes/Crucial X10/HD/# COMPLETE NPNA NEW ED 2026/A. A. PHOTOS AND IMAGES/D. PLANT DESCRIPTIONS GENERA A-Z/LL/Lithomyrtus retusa/PICK/EXTRA/Lithomyrtus retusa.418.a.JPG","/Volumes/Crucial X10/SD/L L L/Lithomyrtus retusa/_1250398.JPG","","","","","","A","loose photograph","","1667x1250","gallery option","Species named in the filename.","E304-01","05d1cae23937c30d898746f18eef77479f2163fe36cce023426d0dd89033d2c4","B","loose photograph","","4000x3000","gallery option","Association through the named source folder or historical-name trail.","E304-06","eb1c1ed3330f5027dea74ebb09a02e5bfb5ba5d8c297882bf85221c14bae1cd5","","","","","","","","","","","","","","","","","","","","","","","","","","","","","","","","","","","","","","","","","2","2","0","Supported loose additions","Closer leaves/flower buds and wider branching habit. Candidates 3 and 5 are web/reference screenshots, not source photographs.","plant-5dfa68ecfc014390","6","",""
"Litsea glutinosa","/Volumes/Crucial X10/SD/L L L/Litsea glutinosa/SELECT/Litsea glutinosa.698.a.JPG","/Volumes/Crucial X10/HD/# COMPLETE NPNA NEW ED 2026/A. A. PHOTOS AND IMAGES/D. PLANT DESCRIPTIONS GENERA A-Z/LL/Litsea glutinosa/PICK/EXTRA/2. Litsea glutinosa fruit.197.a.JPG","/Volumes/Crucial X10/SD/# A A A A NPNA 2026 NEW PHOTOS/WILLIE BURGESS Plants of the nt photos/Lauraceae Cryptocarya Litsea Neolitsea/Litsea glutinosa 693.JPG","","","","","A","loose photograph","","3345x2509","gallery option","Species named in the filename.","E305-02","87084e45da33f309f04fc0ec36966a02dfe6bd7f6b47eaf633e97720f7016fcc","A","loose photograph","","2935x2202","gallery option","Species named in the filename.","E305-01","b6599518095e9a44279c3ba92ba8eca8ab9093cd126d43d5d37db6731eef486d","A","loose photograph","","5472x3648","gallery option","Species named in the filename.","E305-04","6ea4dec67b56780b466e7b57178cef9b4070b633d76610b040764c4d48f79568","","","","","","","","","","","","","","","","","","","","","","","","","","","","","","","","","2","2","0","Supported loose additions","Flower detail, green fruit stage and leafy habit broaden the existing mature fruit and foliage views.","plant-a1da9189ac7b6cd9","10","",""
"Livistona benthamii","/Volumes/Crucial X10/HD/# COMPLETE NPNA NEW ED 2026/A. A. PHOTOS AND IMAGES/C. HERO SHOTS A-Z/LL/PICK/1. Pied Imperial Pigeon eating fruit of Livistona benthamii.138.a.JPG","/Volumes/Crucial X10/SD/L L L/Livistona benthamii/Select/Livistona benhamii.329.a.JPG","","","","","","A","loose photograph","","3093x2320","gallery option","Species named in the filename.","E306-01","7854dae93d1cfa49c3401491e12bfe33ad56120e00942c7bb04d3bda72d88439","B","loose photograph","","3429x2571","gallery option","Association through the named source folder or historical-name trail.","E306-05","9aa44ec54ff7365e8b51372a175bd7157f9cf4fcf4a57f7025e592f9338583d6","","","","","","","","","","","","","","","","","","","","","","","","","","","","","","","","","","","","","","","","","2","2","0","Supported loose additions","Pigeon feeding on fruit is the useful ecological addition; lightning-lit palms are an optional landscape alternative.","plant-95ddb379212ac641","13","",""
"Livistona humilis","/Volumes/Crucial X10/SD/L L L/Livistona humilis/SELECT/Livistona humilis.021.a.JPG","/Volumes/Crucial X10/SD/# A A A A NPNA 2026 NEW PHOTOS/WILLIE BURGESS Plants of the nt photos/Arecaceae Palms/Livistona humilis 5027.JPG","/Volumes/Crucial X10/SD/L L L/Livistona humilis/_1130136.JPG","","","","","A","loose photograph","","2517x1888","gallery option","Species named in the filename.","E307-05","feedfc818de5d06dcae4a30b37834cbc5fee665b047fc521175e9b948e2e6aab","A","loose photograph","","3648x2048","gallery option","Species named in the filename.","E307-03","23dab9c9ad2bca90ae3df076e896e049a561a287e0020a8136c520102ebaadae","B","loose photograph","","4000x3000","gallery option","Association through the named source folder or historical-name trail.","E307-12","d3f00f2239b4cd0cfb909efd0f9200c6e9229d9fba50fcf20c20fb9bce2694cc","","","","","","","","","","","","","","","","","","","","","","","","","","","","","","","","","2","2","0","Supported loose additions","Dark fruit bunches and mature crown context add to existing low-palm habitat views. Additional photograph shows old hanging leaf bases around the trunk.","plant-0baa40db98f391f1","13","",""
"Livistona inermis","/Volumes/Crucial X10/HD/AA NATIVE PLANTS OF NA 2021/FINAL FULL DRAFT/PROOF Native Plants of N Australia-PDF.pdf","/Volumes/Crucial X10/SD/L L L/Livistona inermis OR Livistona leichhardtii TBC Bot Gdns;/P1060858.JPG","","","","","","A","book image","PDF page 264; printed page 263; page-object index 1 (zero-based)","567x561","low-resolution fallback","Photograph positioned with the authored species account in the book proof.","B-p264-o1","","C","loose photograph","","4864x3648","identification-review lead","Association through the named source folder or historical-name trail; Source explicitly uncertain or a mixed/incorrectly labelled collection.","E308-01","def6cc93488fb9aecfd102f7f170ca83a3d3b7940cbdca51747bf5c119fa9b7e","","","","","","","","","","","","","","","","","","","","","","","","","","","","","","","","","","","","","","","","","2","2","0","Book addition; loose leads need ID review","Whole palm and authored older-book habitat view complement crowns. Loose sequence carries uncertain source identification.","plant-00e1fc20155cd2a1","4","",""
"Livistona mariae subsp. rigida","/Volumes/Crucial X10/HD/# COMPLETE NPNA NEW ED 2026/A. A. PHOTOS AND IMAGES/D. PLANT DESCRIPTIONS GENERA A-Z/LL/Livistona mariae subsp. rigida/PICK/EXTRA/Livistona mariae subsp. rigida.881.a.JPG","/Volumes/Crucial X10/SD/L L L/Livistona mariae subsp. rigida/P1070463.JPG","/Volumes/Crucial X10/SD/L L L/Livistona mariae subsp. rigida/P1050270.JPG","","","","","A","loose photograph","","4075x3056","gallery option","Species named in the filename.","E309-01","ebd93539971363b7b7bee1489cdb653d013accf9fe3822c234a0a88de16591ca","B","loose photograph","","4864x3648","gallery option","Association through the named source folder or historical-name trail.","E309-06","489eb40f8a89f127deca329ffb11cb2a0ec1ce901d6de5403a4154cbb554acb8","B","loose photograph","","4864x3648","gallery option","Association through the named source folder or historical-name trail.","E309-08","cea6a92ca3eb9c4674dfbc2d4adecb1e53296bdb5db5cfe25e67edf018c7b398","","","","","","","","","","","","","","","","","","","","","","","","","","","","","","","","","2","2","0","Supported loose additions","Young crown and dense tall-palm stand offer different ages/habit; generic species labels do not prove the subspecies. Additional photograph shows a red-leaved juvenile palm; species-folder attribution does not verify the subspecies.","plant-01b108425b4bec1c","7","",""
"Livistona victoriae","/Volumes/Crucial X10/HD/AA NATIVE PLANTS OF NA 2021/FINAL FULL DRAFT/PROOF Native Plants of N Australia-PDF.pdf","/Volumes/Crucial X10/SD/L L L/Livistona victoriae VRD 27.4.25/_1300116.JPG","","","","","","A","book image","PDF page 265; printed page 264; page-object index 1 (zero-based)","566x391","low-resolution fallback","Photograph positioned with the authored species account in the book proof.","B-p265-o1","","B","loose photograph","","4000x3000","gallery option","Association through the named source folder or historical-name trail.","E310-04","6bb123f9c8a1d503661f4d45a439c10214b962bfe943e868772743d192b6672a","","","","","","","","","","","","","","","","","","","","","","","","","","","","","","","","","","","","","","","","","2","2","0","Supported loose additions","Closer crown detail and older-book rocky-gorge habitat broaden current whole-palm views.","plant-087b107583c39b92","7","",""
"Lophopetalum arnhemicum","/Volumes/Crucial X10/HD/AA NATIVE PLANTS OF NA 2021/FINAL FULL DRAFT/PROOF Native Plants of N Australia-PDF.pdf","","","","","","","A","book image","PDF page 266; printed page 265; page-object index 1 (zero-based)","567x390","low-resolution fallback","Photograph positioned with the authored species account in the book proof.","B-p266-o1","","","","","","","","","","","","","","","","","","","","","","","","","","","","","","","","","","","","","","","","","","","","","","","","","","2","2","0","Book addition only","Only existing loose copies found. Older book adds a narrower-leaf flowering/reproductive branch at limited resolution.","plant-cda1696346cfa05c","2","",""
"Lophostemon grandiflorus subsp. riparius","/Volumes/Crucial X10/SD/L L L/Lophostemon grandiflorus/_1290711.JPG","/Volumes/Crucial X10/SD/L L L/Lophostemon grandiflorus/_1060391.JPG","","","","","","B","loose photograph","","4000x3000","gallery option","Association through the named source folder or historical-name trail; Full subspecies/variety not established: retain the source species-level caption.","E312-05","f87d7ffba82db027398ded571f36c86c6a99f8169c3bed59629560075964af8e","B","loose photograph","","4000x3000","gallery option","Association through the named source folder or historical-name trail; Full subspecies/variety not established: retain the source species-level caption.","E312-06","8ebcb412aa4ed07e59d567ea738c58f1f640a07ab1a58efdd5e38fd96abe9f49","","","","","","","","","","","","","","","","","","","","","","","","","","","","","","","","","","","","","","","","","3","3","0","Supported loose additions","Trunk base and close bark complement flowers, crown and leaves. Species-only source labels do not establish the subspecies.","plant-7ed6961b70753336","5","",""
"Lophostemon lactifluus","/Volumes/Crucial X10/SD/L L L/Lophostemon lactifluus/P1010096.JPG","/Volumes/Crucial X10/SD/L L L/Lophostemon lactifluus/P1010103.JPG","","","","","","B","loose photograph","","4000x3000","gallery option","Association through the named source folder or historical-name trail.","E313-06","6369e59f0b4af589f2b7f2dea6d96d9858c2128203312d4dd9adfc9cbecc5cdc","B","loose photograph","","4000x3000","gallery option","Association through the named source folder or historical-name trail.","E313-03","7afefbeeb7e4091ce7a1812ba291aca9302bec232920590701689c116b348f88","","","","","","","","","","","","","","","","","","","","","","","","","","","","","","","","","","","","","","","","","2","2","0","Supported loose additions","Trunk/bark and wider fruiting branches complement current flower and fruit close-ups.","plant-13387edc68c2b8d1","3","",""
"Ludwigia octovalvis","/Volumes/Crucial X10/SD/# A A A A NPNA 2026 NEW PHOTOS/WILLIE BURGESS Plants of the nt photos/Oragraceae Ludwigia/Ludwigia octovaluis 9540.JPG","/Volumes/Crucial X10/SD/L L L/Ludwigia octovalvis 19.2.25/P1030453.JPG","/Volumes/Crucial X10/SD/L L L/Ludwigia octovalvis 19.2.25/_1270273.JPG","","","","","B","loose photograph","","5472x3648","gallery option","Species named in the filename; Name spelling, abbreviation or historical combination needs retaining in provenance.","E314-02","15d2733b7a8ffd2215888d73d20c94de310cbbdcfb64cc9f52e0c01aa9f3dca1","B","loose photograph","","4864x3648","gallery option","Association through the named source folder or historical-name trail.","E314-04","ebfe7df3648176526f4919b265da175490426364ee8f6222963d6123b69527b1","B","loose photograph","","4000x3000","gallery option","Association through the named source folder or historical-name trail.","E314-07","60e59a3ea1430560f0b5ddab19ae993e7b2fabe532a8bbc64f000e4f25e59005","","","","","","","","","","","","","","","","","","","","","","","","","","","","","","","","","2","2","0","Supported loose additions","Full flowering stems and whole shrubby habit complement the two similar flowers. Additional sequence includes long dry fruiting structures along stems.","plant-1af12e10b41379e6","4","",""
"Luffa aegyptiaca","/Volumes/Crucial X10/SD/# A A COMPLETED/Luffa aegyptiaca/SELECT/PICK/Luffa aegyptiaca.050.a.JPG","/Volumes/Crucial X10/SD/# A A COMPLETED/Luffa aegyptiaca/SELECT/Luffa aegyptea frt.049.a.JPG","","","","","","A","loose photograph","","1807x2410","gallery option","Species named in the filename.","E315-02","4f8361de3c15506fb4e27bcb264a89cde64314039a230a2d8b718e695a64a9a3","B","loose photograph","","3062x2297","gallery option","Association through the named source folder or historical-name trail.","E315-05","a74dbfe14980a5640cdd4189f981d7efeb0e9364c93eacc6ab517c8eea270d35","","","","","","","","","","","","","","","","","","","","","","","","","","","","","","","","","","","","","","","","","2","2","0","Supported loose additions","Exposed fibrous fruit and intact hanging dry fruit are strong additions to flowers and foliage.","plant-8eb770ef09876201","6","",""
"Lumnitzera racemosa","/Volumes/Crucial X10/SD/# A A A A NPNA 2026 NEW PHOTOS/WILLIE BURGESS Plants of the nt photos/Mangroves november 2025/Lumnitzera racemosa 45.JPG","/Volumes/Crucial X10/HD/# COMPLETE NPNA NEW ED 2026/A. A. PHOTOS AND IMAGES/D. PLANT DESCRIPTIONS GENERA A-Z/LL/Lumnitzera racemosa/PICK/EXTRA/Lumnitzera racemosa.969.a.JPG","","","","","","A","loose photograph","","5472x3648","gallery option","Species named in the filename.","E316-05","df6b31bf38c75e3d26f1e51ba7a919b0531e968c39d3abc7c97cf86a923ebf28","A","loose photograph","","3068x2301","gallery option","Species named in the filename.","E316-02","2f7bcebf94fd0ffca46dd6930b67a9bef6499afcb77ddf4fb65cc3a6545813c8","","","","","","","","","","","","","","","","","","","","","","","","","","","","","","","","","","","","","","","","","2","2","0","Supported loose additions","Trunk base/root context and whole mangrove habit complement flowers and foliage.","plant-904c20f622e2e533","6","",""
"Lygodium microphyllum","/Volumes/Crucial X10/SD/L L L/Lygodium microphyllum/SELECT/Lygodium microphyllum.b.jpg","/Volumes/Crucial X10/SD/L L L/Lygodium microphyllum/P1010552.JPG","/Volumes/Crucial X10/SD/L L L/Lygodium microphyllum/_1290422#.JPG","","","","","A","loose photograph","","1847x2462","gallery option","Species named in the filename.","E317-01","7726aaa0d5e49fa10ae7254e504dabb8294d5b932868366db76179e8f833c3d3","B","loose photograph","","4864x3648","gallery option","Association through the named source folder or historical-name trail.","E317-03","b0359bc6c2f547af53f02fc31690249c8683b6891d8840911d2a5702feda7688","B","loose photograph","","4000x3000","gallery option","Association through the named source folder or historical-name trail.","E317-08","df3590bce6024efc9de40a90254dfb3d88875ab0c12a86a4ce4960fdfbaf3894","","","","","","","","","","","","","","","","","","","","","","","","","","","","","","","","","1","1","0","Supported loose additions","Climbing habit and a lower whole plant offer additional context; unrelated-looking fern foliage in mixed series is not automatically accepted. Additional hand-held frond gives a useful scale/detail view.","plant-49a1432ed5bf0d8f","4","",""
"Lysiphyllum binatum","/Volumes/Crucial X10/SD/# A A A A NPNA 2026 NEW PHOTOS/BOTANIC GARDENS 13.4.2026/SELECT/Lysiphyllum binatum.355.a.JPG","/Volumes/Crucial X10/HD/AA NATIVE PLANTS OF NA 2021/FINAL FULL DRAFT/PROOF Native Plants of N Australia-PDF.pdf","/Volumes/Crucial X10/SD/L L L/Lysiphyllum binatum ## (prev. Bauhinia binata)/_1250128.JPG","","","","","A","loose photograph","","2911x3882","gallery option","Species named in the filename.","E318-02","e757ace9df0c54f62980851f58a781b8070258f1174eb368766e18419132ff44","A","book image","PDF page 127; printed page 126; page-object index 2 (zero-based)","566x392","low-resolution fallback","Photograph positioned with the authored species account in the book proof.","B-p127-o2","","B","loose photograph","","4000x3000","gallery option","Association through the named source folder or historical-name trail.","E318-06","cac1da4e303f799941792419d2318ac1f5baf3a5d0d0c1b45eb51fd6216429d8","","","","","","","","","","","","","","","","","","","","","","","","","","","","","","","","","1","1","0","Supported loose additions","Red young leaves and wider crown; older book adds conspicuous hanging pods.","plant-5ce5bce49baad897","6","",""
"Lysiphyllum cunninghamii","/Volumes/Crucial X10/SD/HABITATS/VICTORIA RIVER REGION/AA VRD TRIP 23-30th APRIL 2025/3 Timber Ck, VRD, 28.4.25/1.6 Lysiphyllum cunninghamii, Timber Ck MVT.025.a.JPG","/Volumes/Crucial X10/HD/AA NATIVE PLANTS OF NA 2021/FINAL FULL DRAFT/PROOF Native Plants of N Australia-PDF.pdf","/Volumes/Crucial X10/SD/L L L/Lysiphyllum cunninghamii ## (prev. Bauhinia cunninghamii)/P1070157.JPG","/Volumes/Crucial X10/SD/L L L/Lysiphyllum cunninghamii ## (prev. Bauhinia cunninghamii)/Lysophyllum cunninghamii Careening Bay IM.jpg","","","","A","loose photograph","","3648x4864","gallery option","Species named in the filename.","E319-01","f6c70566833cca82abea58ffe02db191668a493496c5dd1bc4017157d89a1394","A","book image","PDF page 127; printed page 126; page-object index 1 (zero-based)","567x572","low-resolution fallback","Photograph positioned with the authored species account in the book proof.","B-p127-o1","","B","loose photograph","","4864x3648","gallery option","Association through the named source folder or historical-name trail.","E319-04","2092b1b8be5b36806e9c2bf46b61b7b73fe6b2165ac5ae467f682e8629ba1fb6","B","loose photograph","","4000x3000","gallery option","Association through the named source folder or historical-name trail.","E319-11","fe8483f4e6b25c38d4650cba0e3e481a38286bf0e8df5f6ac1e0bc692d6b0efe","","","","","","","","","","","","","","","","","","","","","","","","","2","2","0","Supported loose additions","Trunk and bark complement flowers and pods; older book adds a wider leafy flowering branch. Additional photograph shows a small cultivated young plant.","plant-c7ee3666b5587162","7","",""
"Macaranga involucrata","/Volumes/Crucial X10/SD/M M M/Macaranga involucrata/_1080420.JPG","/Volumes/Crucial X10/SD/M M M/Macaranga involucrata/Tree sp to 15m maybe Macaranga involucatata, Cas Coast Res 27.1.2025/_1250883.JPG","","","","","","B","loose photograph","","4000x3000","gallery option","Association through the named source folder or historical-name trail.","E320-06","3b3bd818227c3a43b8b867cb0c98829987bf8ebf12577db2528d594ca7824746","B","loose photograph","","4000x3000","gallery option","Association through the named source folder or historical-name trail.","E320-02","a635849e529a8a5e98a709b9d2603e41cf66726cb8be80990ffd501796c78ba7","","","","","","","","","","","","","","","","","","","","","","","","","","","","","","","","","","","","","","","","","2","2","0","Supported loose additions","Whole tree and younger pale foliage add habit/stage to the existing leaves.","plant-ef6666094846a943","4","",""
"Mackinlaya macrosciadea","","","","","","","","","","","","","","","","","","","","","","","","","","","","","","","","","","","","","","","","","","","","","","","","","","","","","","","","","","","","","","","","1","1","0","No distinct addition shortlisted","Only existing loose copies found and no additional reviewed book photo; no distinct addition shortlisted.","plant-7b7db673de30a044","4","",""
"Macropteranthes kekwickii","/Volumes/Crucial X10/SD/# A A A A NPNA 2026 NEW PHOTOS/WILLIE BURGESS Plants of the nt photos/Combertaceae Terminalia Macropteranthes/Macropteranthes kekwickii 5249.JPG","/Volumes/Crucial X10/SD/# A A A A NPNA 2026 NEW PHOTOS/WILLIE BURGESS Plants of the nt photos/Combertaceae Terminalia Macropteranthes/Macropteranthes kekwickii 5331.JPG","","","","","","A","loose photograph","","5472x3648","gallery option","Species named in the filename.","E322-03","977c5546f76a7b1ca5b67cbf38582f3e1f93e40a403ea2d190f834ef7c68ae2d","A","loose photograph","","5472x3648","gallery option","Species named in the filename.","E322-04","90718a11a1211931820df837e9114608e3ce7bf4c0271a5fd55638a3edb24d10","","","","","","","","","","","","","","","","","","","","","","","","","","","","","","","","","","","","","","","","","2","2","0","Supported loose additions","Tall trunk/crown and upright flowering stem broaden the existing shrub and flower close-up.","plant-db959f0f24b162c5","10","",""
"Malaisia scandens","/Volumes/Crucial X10/SD/M M M/Malaisia scandens nb change of genus/_1080578 Malaisia scandens.JPG","/Volumes/Crucial X10/SD/M M M/Malaisia scandens nb change of genus/_1070936.JPG","/Volumes/Crucial X10/SD/M M M/Malaisia scandens nb change of genus/P1010436.JPG","","","","","A","loose photograph","","4000x3000","gallery option","Species named in the filename.","E323-02","9b66ea8b9c8b389f33c5b73a4b65494b5a6d8d432b34b990deaf127b909f8742","B","loose photograph","","4000x3000","gallery option","Association through the named source folder or historical-name trail.","E323-04","f7d6c3a31d4d6cbcc8415eefc3d423cea4e3ea84df5c9dda562a190c62beb406","B","loose photograph","","4000x3000","gallery option","Association through the named source folder or historical-name trail.","E323-11","b62d0b1fe053dd46a4482f8742c9f1ebc59d6e6d00542a1fb0ac77d412822162","","","","","","","","","","","","","","","","","","","","","","","","","","","","","","","","","2","2","0","Supported loose additions","Flowering branch and leaf/young reproductive detail add stages beyond the two fruit photographs. Additional sequence includes a young plant near ground level.","plant-14816c8091012f4a","9","",""
"Mallotus nesophilus","/Volumes/Crucial X10/HD/AA NATIVE PLANTS OF NA 2021/FINAL FULL DRAFT/PROOF Native Plants of N Australia-PDF.pdf","/Volumes/Crucial X10/SD/M M M/Mallotus nesophila/_1260818.JPG","/Volumes/Crucial X10/SD/M M M/Mallotus nesophila/_1260816.JPG","","","","","A","book image","PDF page 273; printed page 272; page-object index 2 (zero-based)","567x571","low-resolution fallback","Photograph positioned with the authored species account in the book proof.","B-p273-o2","","B","loose photograph","","4000x3000","gallery option","Association through the named source folder or historical-name trail; Name spelling, abbreviation or historical combination needs retaining in provenance.","E324-06","69050aefcb92c80c2d9f8d55b5cc107cb344e6acd26debf277c517b006630c7d","B","loose photograph","","4000x3000","gallery option","Association through the named source folder or historical-name trail; Name spelling, abbreviation or historical combination needs retaining in provenance.","E324-08","d5aefd0bd18608c54dd6bec76ec03130199945b5b862e444f0106dddb6620e17","","","","","","","","","","","","","","","","","","","","","","","","","","","","","","","","","3","3","0","Supported loose additions","Bark and older-book flower/leaf composition complement current fruit and foliage. Additional sequence has an isolated whole mature crown.","plant-a084a077388bdda2","7","",""
"Mallotus philippensis","/Volumes/Crucial X10/HD/AA NATIVE PLANTS OF NA 2021/FINAL FULL DRAFT/PROOF Native Plants of N Australia-PDF.pdf","/Volumes/Crucial X10/SD/M M M/Mallotus philippensis/P1150798.JPG","/Volumes/Crucial X10/SD/M M M/Mallotus philippensis/P1210318.JPG","","","","","A","book image","PDF page 273; printed page 272; page-object index 1 (zero-based)","567x571","low-resolution fallback","Photograph positioned with the authored species account in the book proof.","B-p273-o1","","B","loose photograph","","4864x3648","gallery option","Association through the named source folder or historical-name trail.","E325-03","a045d6ed53677dbecbdda395803f257cd50675137b694b1b0431ddd2b548e882","B","loose photograph","","4000x3000","gallery option","Association through the named source folder or historical-name trail.","E325-06","236f4bfa99821a3b08955615bc157428be5019c44f4625927ef62b1ab5490755","","","","","","","","","","","","","","","","","","","","","","","","","","","","","","","","","1","1","0","Supported loose additions","Whole crown, another reproductive stage and older-book red fruit add distinct subjects.","plant-9ca570d9f8c2a97a","3","",""
"Maranthes corymbosa","/Volumes/Crucial X10/HD/# COMPLETE NPNA NEW ED 2026/A. A. PHOTOS AND IMAGES/D. PLANT DESCRIPTIONS GENERA A-Z/MM/Maranthes corymbosa/PICK/EXTRA/Maranthes corymbosa.982.a.JPG","/Volumes/Crucial X10/SD/# A A A A NPNA 2026 NEW PHOTOS/A MARANTHES corymbosa 13.6.2026/SELECT/Maranthes corymbosa.138.a.JPG","/Volumes/Crucial X10/HD/# COMPLETE NPNA NEW ED 2026/A. A. PHOTOS AND IMAGES/B. PLANT COMMUNITIES/E. MONSOON RAINFOREST/PICK/EXTRA/Little Corella eating fruit of Maranthes corymbosa.2242.TR.a.jpg","/Volumes/Crucial X10/HD/# COMPLETE NPNA NEW ED 2026/A. A. PHOTOS AND IMAGES/C. HERO SHOTS A-Z/MM/Pied Imperial Pigeon eating fruit of Maranthes corymbosa.(jpg124).b.JPG","","","","A","loose photograph","","1827x2284","gallery option","Species named in the filename.","E326-03","4ded4e5f2f7edb94db595f79b3bd1e654c54bd85fd011dba347f4dafff5f4e01","A","loose photograph","","4389x2469","gallery option","Species named in the filename.","E326-04","7cd4248ade9fbd97abbd10659e9197ca2312905c7bb0af37f9a8df9da615cc36","A","loose photograph","","1388x1041","gallery option","Species named in the filename.","E326-02","c3cff03193d0dcf749e45bd1787b63bd69fc9c67782b29aa4349058efe2e2384","A","loose photograph","","1385x1039","gallery option","Species named in the filename.","E326-11","ee81743063b8f5ba01100461c044f2a93b77b83b6242caebb0aaa291037dcbb0","","","","","","","","","","","","","","","","","","","","","","","","","2","2","0","Supported loose additions","Unobscured flowers, whole crown and corella interaction broaden current fruit and honeyeater photographs. Additional pigeon feeding on fruit offers another ecological subject.","plant-931e42b0d34ef556","23","",""
"Meiogyne cylindrocarpa","/Volumes/Crucial X10/SD/# A A COMPLETED/Meiogyne cylindrocarpa Annon/P1030160.JPG","/Volumes/Crucial X10/SD/# A A COMPLETED/Meiogyne cylindrocarpa Annon/_1230867.JPG","","","","","","B","loose photograph","","4864x3648","gallery option","Association through the named source folder or historical-name trail.","E327-02","f111c918c3ca9eb1cd7bd1f1d49bd9ac898766b6805bba94855dc2c7711e88bb","B","loose photograph","","4000x3000","gallery option","Association through the named source folder or historical-name trail.","E327-09","f64cb6272343a43542caed5f6e49007b5f5ba20f5bd77e33646292ffd578aa83","","","","","","","","","","","","","","","","","","","","","","","","","","","","","","","","","","","","","","","","","3","3","0","Supported loose additions","Whole tree/habit is the clear addition; most fruit alternatives repeat the existing three subjects. Additional sequence reveals a pale flower, a stronger new subject than further fruit views.","plant-1d85d827b3cb613d","8","",""
"Melaleuca argentea","/Volumes/Crucial X10/SD/# A A A A NPNA 2026 NEW PHOTOS/A A A A A ESPLAN RAPID CK EAST PT 29-30.8.2026/Melaleuca argentea/SELECT/PICK/Melaleuca argentea.632.b.JPG","/Volumes/Crucial X10/HD/# COMPLETE NPNA NEW ED 2026/A. A. PHOTOS AND IMAGES/B. PLANT COMMUNITIES/F. IAN MORRIS - NATIVE PLANT COMMUNITIES & WILDLIFE/PICK/Black Flying Foxes, roosting in Melaleuca argentea.jpg","/Volumes/Crucial X10/HD/AA NATIVE PLANTS OF NA 2021/FINAL FULL DRAFT/PROOF Native Plants of N Australia-PDF.pdf","","","","","A","loose photograph","","2227x2969","gallery option","Species named in the filename.","E328-01","2175604ef9e9207529a6893f1133cbfdce14990110739a89a5433f7faf6a60aa","A","loose photograph","","1134x850","gallery option","Species named in the filename.","E328-05","115e66b6972366f4d1190a3585b48f3a023d706c9b8e4f8d9dac29277e519e67","A","book image","PDF page 274; printed page 273; page-object index 127 (zero-based)","300x359","low-resolution fallback","Photograph positioned with the authored species account in the book proof.","B-p274-o127","","","","","","","","","","","","","","","","","","","","","","","","","","","","","","","","","","2","2","0","Supported loose additions","Close flower structure, flying-fox roost and older-book whole tree complement two broad flowering branches.","plant-fd2f7ad4f010057a","17","",""
"Melaleuca cajuputi","/Volumes/Crucial X10/SD/M M M/Melaleuca cajuputi/_1310273.JPG","/Volumes/Crucial X10/SD/M M M/Melaleuca cajuputi/P1050334.JPG","","","","","","B","loose photograph","","4000x3000","gallery option","Association through the named source folder or historical-name trail.","E329-05","3103f40dbe68f43a83b64acd4eb8e03af86a4d3c3a1f21cc6a6f8c6f686909ed","B","loose photograph","","4864x3648","gallery option","Association through the named source folder or historical-name trail.","E329-04","35a4912b4a37fb0077a80b6b7e3b054edb524534cf6a79e3a773003c1ac169fd","","","","","","","","","","","","","","","","","","","","","","","","","","","","","","","","","","","","","","","","","2","2","0","Supported loose additions","Whole flowering crown and a branch held for scale complement existing close flowers.","plant-366bee53fbd44d2d","4","",""
"Melaleuca cornucopiae","/Volumes/Crucial X10/SD/# A A A A NPNA 2026 NEW PHOTOS/1 1 1 1 1 BOT GDNS 10.9.2026/Melaleuca cornucopiae/P1170231.JPG","/Volumes/Crucial X10/SD/# A A A A NPNA 2026 NEW PHOTOS/1 1 1 1 1 BOT GDNS 10.9.2026/Melaleuca cornucopiae/P1170232.JPG","","","","","","B","loose photograph","","4864x3648","gallery option","Association through the named source folder or historical-name trail.","E330-02","738330768e97ce05dfbf7db7d387db32bd508ad1d7475b43b5cc71fd1f5bce57","B","loose photograph","","4864x3648","gallery option","Association through the named source folder or historical-name trail.","E330-03","fb105de0e8119c7fbb2be9058e8c79df2a74aeca7994065b472c6f945ee73d1f","","","","","","","","","","","","","","","","","","","","","","","","","","","","","","","","","","","","","","","","","2","2","0","Supported loose additions","Trunk and whole shrub in habitat add to current flower and fruit detail.","plant-2e6b7f342ed5968b","4","",""
"Melaleuca dealbata","/Volumes/Crucial X10/SD/M M M/Melaleuca dealbata/Sarah Young on the job/SELECT/Sarah shoots Melaleuca dealbata.409.a.JPG","/Volumes/Crucial X10/HD/# COMPLETE NPNA NEW ED 2026/A. A. PHOTOS AND IMAGES/B. PLANT COMMUNITIES/F. IAN MORRIS - NATIVE PLANT COMMUNITIES & WILDLIFE/PICK/4. Brown Honeyeater eating nectar of Melaleuca dealbata.(JB).JPG","/Volumes/Crucial X10/SD/M M M/Melaleuca dealbata/_1070038.JPG","/Volumes/Crucial X10/SD/M M M/Melaleuca dealbata/20240915_161113.jpg","","","","A","loose photograph","","2251x2814","gallery option","Species named in the filename.","E331-01","83acfb8801b4f5438979a1b213a55714d9516be4c51d45a6c2a0ae88cc1e9632","A","loose photograph","","1178x1570","gallery option","Species named in the filename.","E331-02","0a372c2f6c28f047a70d8179ba04bde7fe1a063cc81475bc619ff6995eb9e9ea","B","loose photograph","","4000x3000","gallery option","Association through the named source folder or historical-name trail.","E331-06","57744657ca243d7665f82470555a1af794ac851ed97d6afd31f24beee6cf4a6c","B","loose photograph","","4000x3000","gallery option","Association through the named source folder or historical-name trail.","E331-09","82a1e65b7f9c0ca1b2bc08b8082da3df8df08227a73703a48f020d304a090f7b","","","","","","","","","","","","","","","","","","","","","","","","","2","2","0","Supported loose additions","Whole tree with scale, honeyeater interaction and a different mature flowering crown offer complementary context. Additional sequence shows long dry capsule-bearing stems.","plant-9ab07dba282a658d","11","",""
"Melaleuca leucadendra","/Volumes/Crucial X10/SD/M M M/Melaleuca leucadendra/_1070918 Melaleuca leucadendra.JPG","/Volumes/Crucial X10/HD/AA NATIVE PLANTS OF NA 2021/FINAL FULL DRAFT/PROOF Native Plants of N Australia-PDF.pdf","/Volumes/Crucial X10/SD/M M M/Melaleuca leucadendra/SELECT/20241122_105330.jpg","/Volumes/Crucial X10/SD/M M M/Melaleuca leucadendra/_1050599.JPG","","","","A","loose photograph","","4000x3000","gallery option","Species named in the filename.","E332-03","ad277888d2ffbc3e479cf90887c71314209d08e436a4cc1d1ef7acfd50f0de07","A","book image","PDF page 277; printed page 276; page-object index 1 (zero-based)","567x569","low-resolution fallback","Photograph positioned with the authored species account in the book proof.","B-p277-o1","","B","loose photograph","","1574x2098","gallery option","Association through the named source folder or historical-name trail.","E332-06","6799bfc83ac6ca90c3cc4c0b1db5aee2a23a272ccbfadc47c345ae7f528d5dc9","B","loose photograph","","4000x3000","gallery option","Association through the named source folder or historical-name trail.","E332-10","4f32833b900cebe2d9fe448eab5085201c96de0de84f8a50e42384ea296b0c46","","","","","","","","","","","","","","","","","","","","","","","","","2","2","0","Supported loose additions","Non-flowering foliage, close flower spikes and older-book trunk/habit add detail beyond current flowers. Additional whole-tree photograph offers a higher-resolution alternative to the book habit view.","plant-df22dc46ac8a3eb5","10","",""
"Melaleuca minutifolia","/Volumes/Crucial X10/SD/M M M/Melaleuca minutifolia/20240719_Melaleuca minutifolia.c.jpg","/Volumes/Crucial X10/SD/# A A A A NPNA 2026 NEW PHOTOS/1 1 1 1 1 1 RAPID CK & BOT GDNS 17.9.2026/Melaleuca minutifolium/SELECT/PICK/Melaleuca minutifolium.688.a.jpg","","","","","","A","loose photograph","","1621x1216","gallery option","Species named in the filename.","E333-03","35b295c4b3cd4474f0135f00bc38588ec3744ff37086a54aa6cf821452d6c18f","B","loose photograph","","2633x3291","gallery option","Species named in the filename; Name spelling, abbreviation or historical combination needs retaining in provenance.","E333-06","508c7bd7233f6fbac2c52f15401ccbf9c39d25ee0b8b37496f57be3dc88b9424","","","","","","","","","","","","","","","","","","","","","","","","","","","","","","","","","","","","","","","","","2","2","0","Supported loose additions","Woody fruit clusters and closer white flowers complement the broad branch views.","plant-863b598ab3147506","10","",""
"Melaleuca nervosa","/Volumes/Crucial X10/HD/# COMPLETE NPNA NEW ED 2026/A. A. PHOTOS AND IMAGES/D. PLANT DESCRIPTIONS GENERA A-Z/MM/Melaleuca nervosa/PICK/EXTRA/Melaleuca nervosa & open woodland.399.a.JPG","/Volumes/Crucial X10/SD/# A A A A NPNA 2026 NEW PHOTOS/WILLIE BURGESS Plants of the nt photos/Myrtacea/Melaleuca/Melaleuca nervosa 9341.JPG","","","","","","A","loose photograph","","4688x3516","gallery option","Species named in the filename.","E334-01","fd0ed1618e5942c581226a8e776cfa059d58a243fa618d489d51ebc521ccf0fc","A","loose photograph","","5472x3648","gallery option","Species named in the filename.","E334-03","2c8502dd8a9482cc2573e212ee34b045042059fb35b05263632e6801e27a01ff","","","","","","","","","","","","","","","","","","","","","","","","","","","","","","","","","","","","","","","","","3","3","0","Supported loose additions","Woodland/tree habit and pale flower-stage close-up broaden existing yellow-flowering crowns.","plant-c6230a0b3de9a15f","9","",""
"Melaleuca viridiflora","/Volumes/Crucial X10/SD/# A A A A NPNA 2026 NEW PHOTOS/WILLIE BURGESS Plants of the nt photos/Myrtacea/Melaleuca/Melaleuca viridiflora 9828.JPG","/Volumes/Crucial X10/SD/M M M/Melaleuca viridiflora/_1050831.JPG","/Volumes/Crucial X10/SD/M M M/Melaleuca viridiflora/_1090976.JPG","/Volumes/Crucial X10/SD/M M M/Melaleuca viridiflora/_1050839.JPG","","","","A","loose photograph","","5472x3648","gallery option","Species named in the filename.","E335-01","e3f2dbfe1b19ae67c9af933ee5ffbca2abf83b2394656761cec2f9578e9281c2","B","loose photograph","","4000x3000","gallery option","Association through the named source folder or historical-name trail.","E335-05","8df00bdc717dd1810ee0e3f0edbdff854c58bb15153179eaaca5bf7d3da607b9","B","loose photograph","","4000x3000","gallery option","Association through the named source folder or historical-name trail.","E335-06","e131d6f9a5f95ead042dfc1fb8cf4eebd0ce91e75ccf6bf3aebe33becd95d1cc","B","loose photograph","","4000x3000","gallery option","Association through the named source folder or historical-name trail.","E335-11","3bf27979ee8e6d3fed54625a89a93480c1f486f7c2a19dfde3204f7b9d0fc38c","","","","","","","","","","","","","","","","","","","","","","","","","2","2","0","Supported loose additions","Bud/leaf detail, hanging foliage and whole crown complement flower close-ups. Additional sequence has papery bark detail.","plant-ce5fabe72f98b39c","7","",""
"Melastoma malabathricum","/Volumes/Crucial X10/HD/# COMPLETE NPNA NEW ED 2026/A. A. PHOTOS AND IMAGES/D. PLANT DESCRIPTIONS GENERA A-Z/MM/Melastoma malabathricum/PICK/EXTRA/Melastoma malabathricum habitat.943.a.JPG","","","","","","","A","loose photograph","","3513x2634","gallery option","Species named in the filename.","E336-01","433af3ff153e3a8b8b7a155b95d8953f7a5ee91f983a62d30175d35f864903ae","","","","","","","","","","","","","","","","","","","","","","","","","","","","","","","","","","","","","","","","","","","","","","","","","2","2","0","Supported loose additions","Whole spreading flowering plant adds habit; most alternatives repeat existing flowers and fruit.","plant-6820e44ed0ec20cf","7","",""
"Melicope elleryana","/Volumes/Crucial X10/SD/# A A A A NPNA 2026 NEW PHOTOS/WILLIE BURGESS Plants of the nt photos/Rutaceae Boronia Citrus Glycosmis Melicope Micromelum Morinda Zanthoxylum/Melicope elleryana 219.JPG","/Volumes/Crucial X10/SD/# A A A A NPNA 2026 NEW PHOTOS/WILLIE BURGESS Plants of the nt photos/Rutaceae Boronia Citrus Glycosmis Melicope Micromelum Morinda Zanthoxylum/Melicope elleryana 430 .JPG","/Volumes/Crucial X10/SD/M M M/Melicope elleryana (prev Euodia ell)/P1180218.JPG","","","","","A","loose photograph","","4000x3000","gallery option","Species named in the filename.","E337-01","ef420b718f5ff49eb9d06707e485cf0866c51cf2774646acb52ad2bbef1aeb8d","A","loose photograph","","5472x3648","gallery option","Species named in the filename.","E337-02","7f122ba7f1f95f6263f974929baf26fe4e2dda95aaa26eef724eed9bd280d5e4","B","loose photograph","","4000x3000","gallery option","Association through the named source folder or historical-name trail.","E337-12","dad8b472ed7d78c7f71fc7ea8ee649f5a508bf8ac5af1e80c8b5d4ece768841c","","","","","","","","","","","","","","","","","","","","","","","","","","","","","","","","","2","2","0","Supported loose additions","Close pink reproductive cluster and pale flowering stage complement current bird and bright-pink crown views. Additional sequence includes green fruits among leaves.","plant-679b3f9bd14fd61b","7","",""
"Memecylon pauciflorum","/Volumes/Crucial X10/HD/# COMPLETE NPNA NEW ED 2026/A. A. PHOTOS AND IMAGES/D. PLANT DESCRIPTIONS GENERA A-Z/MM/Memecylon pauciflorum (N)/PICK/EXTRA/Memecylon pauciflorum.0742.GF.jpg","/Volumes/Crucial X10/SD/# A A COMPLETED/Memecylon pauciflorum/SELECT Photos by Gary Fox GF/IMG_0750 Memecylon pauciflorum.jpg","/Volumes/Crucial X10/SD/# A A COMPLETED/Memecylon pauciflorum/P1220702.JPG","","","","","A","loose photograph","","3169x3124","gallery option","Species named in the filename.","E338-03","660dc4afedb0b1e0fc25cddf40cb5147a5ca6cbee414242495f184971870856d","A","loose photograph","","2805x3245","gallery option","Species named in the filename.","E338-06","539d811ccc18b4ea6ae5c3f928a8c338877fea3e3611ec10ca47871837fed459","B","loose photograph","","4000x3000","gallery option","Association through the named source folder or historical-name trail.","E338-11","8c464f6e217ca4c9995e86f343c9f71eb6f1154d35148e74808744ac135a4c1c","","","","","","","","","","","","","","","","","","","","","","","","","","","","","","","","","2","2","0","Supported loose additions","Flower structure close-up and leaf/branch context broaden the current fruit and foliage view. Additional sequence shows a young whole shrub.","plant-b9e3b37ee21a5f6f","11","",""
"Micromelum minutum","/Volumes/Crucial X10/HD/# COMPLETE NPNA NEW ED 2026/A. A. PHOTOS AND IMAGES/D. PLANT DESCRIPTIONS GENERA A-Z/MM/Micromelum minutum/PICK/2. Micromelum minutum w fluted trunk.341.a.JPG","/Volumes/Crucial X10/HD/# COMPLETE NPNA NEW ED 2026/A. A. PHOTOS AND IMAGES/D. PLANT DESCRIPTIONS GENERA A-Z/MM/Micromelum minutum/PICK/1. Micromelum minutum.263.a.JPG","/Volumes/Crucial X10/SD/# A A A A NPNA 2026 NEW PHOTOS/WILLIE BURGESS Plants of the nt photos/Rutaceae Boronia Citrus Glycosmis Melicope Micromelum Morinda Zanthoxylum/Micromelum minutum 4472.JPG","","","","","A","loose photograph","","2458x1843","gallery option","Species named in the filename.","E339-02","cc16d15348ff968b482c5c3a0c90e442d781778ff4d0b63b5061b77dbe98bdc5","A","loose photograph","","3087x2315","gallery option","Species named in the filename.","E339-01","671091b18a093bc013e259a1668c00dc326197b288856bc919ec84bf313ca230","A","loose photograph","","3648x2048","gallery option","Species named in the filename.","E339-12","88d0fcd7157ece56f6637e0589518f880bdc27023a3e45520cbe483af1ff42f6","","","","","","","","","","","","","","","","","","","","","","","","","","","","","","","","","1","1","0","Supported loose additions","Bark and whole fruiting shrub add habit to the existing fruit cluster. Additional named photograph clearly shows individual white flowers.","plant-69636dd9f201e234","11","",""
"Miliusa brahei","/Volumes/Crucial X10/SD/# A A A A NPNA 2026 NEW PHOTOS/WILLIE BURGESS Plants of the nt photos/Annonaceae Miliusa uvaria/Miliusa brahei 8920.JPG","/Volumes/Crucial X10/SD/# A A A A NPNA 2026 NEW PHOTOS/1 1 1 1 1 AN ARVO AT MUSEUM 12.9.2026/Miliusa brahei/P1170603.JPG","","","","","","A","loose photograph","","5472x3648","gallery option","Species named in the filename.","E340-01","012f0a8b9cf5480b305184355bc1996035363ab7c1fd54c9caf3af35e6d81204","B","loose photograph","","4864x3648","gallery option","Association through the named source folder or historical-name trail.","E340-04","93a1455fa4e5e79b2bf2ffa1b89556a57add53c1ce8aa27d2851fd765805836f","","","","","","","","","","","","","","","","","","","","","","","","","","","","","","","","","","","","","","","","","2","2","0","Supported loose additions","Low leafy habit and hanging flower/bud stage complement the existing dark fruit.","plant-a0334f0b63873dac","8","",""
"Millettia pinnata","/Volumes/Crucial X10/SD/M M M/Millettia pinnata/_1140340 Millettia pinnata.JPG","/Volumes/Crucial X10/HD/AA NATIVE PLANTS OF NA 2021/FINAL FULL DRAFT/PROOF Native Plants of N Australia-PDF.pdf","/Volumes/Crucial X10/SD/M M M/Millettia pinnata/P1150787.JPG","","","","","A","loose photograph","","4000x3000","gallery option","Species named in the filename.","E341-05","feadc4dbffd560c12d01d70bdf8b25a3855f9b01e8cfc5cfb4bda50cdfd5b2b7","A","book image","PDF page 282; printed page 281; page-object index 111 (zero-based)","566x337","low-resolution fallback","Photograph positioned with the authored species account in the book proof.","B-p282-o111","","B","loose photograph","","4864x3648","gallery option","Association through the named source folder or historical-name trail.","E341-11","896b007eb8731dd2145378a29ac9c02e5bce26aa2b79ab397c784f7b497ee0c6","","","","","","","","","","","","","","","","","","","","","","","","","","","","","","","","","2","2","0","Supported loose additions","Large compound-leaf detail and older-book whole tree add useful subjects beyond flowers. Additional sequence has hanging dry pods. Yellow-flowered candidate 10 does not fit the reviewed purple/white flower series and is not accepted from this collection.","plant-8381d6a4b1fc1acd","9","",""
"Mimusops elengi","/Volumes/Crucial X10/SD/# A A A A NPNA 2026 NEW PHOTOS/ESPLANADE 2.4.2026/MIMUSOPS ELENGI COMPARED TO MIMUSOPS CULTIVAR/PICK/Mimusops elengi fruit flesh & seeds.585.a.JPG","/Volumes/Crucial X10/SD/# A A A A NPNA 2026 NEW PHOTOS/ESPLANADE 2.4.2026/MIMUSOPS ELENGI COMPARED TO MIMUSOPS CULTIVAR/PICK/Mimusops elengi on right, Cultivar on left.137.JPG","/Volumes/Crucial X10/SD/# A A A A NPNA 2026 NEW PHOTOS/WILLIE BURGESS Plants of the nt photos/Sapotaceae Mimusops SERSALISIA/mimusops elengi 9629.JPG","/Volumes/Crucial X10/HD/AA NATIVE PLANTS OF NA 2021/FINAL FULL DRAFT/PROOF Native Plants of N Australia-PDF.pdf","","","","A","loose photograph","","3573x2680","gallery option","Species named in the filename.","E342-01","ac6e59c5862c1dcdbc000614d9c59de8d2246fbdc050f8dd4427ac788e1e3454","A","loose photograph","","4864x3648","gallery option","Species named in the filename.","E342-05","c2a0f158703d8ef5f68fda725018121160b4f62d436960aea9875ae93761e069","A","loose photograph","","5472x3648","gallery option","Species named in the filename.","E342-08","1d2ebfe093a798b58a59777546a3342dd79ea9a284a0fcc8346ac43d4d270d8d","A","book image","PDF page 282; printed page 281; page-object index 2 (zero-based)","566x570","low-resolution fallback","Photograph positioned with the authored species account in the book proof.","B-p282-o2","","","","","","","","","","","","","","","","","","","","","","","","","","2","2","0","Supported loose additions","Opened fruit/seed and laid-out leaves; older book composite also includes a small whole-tree view. Additional named photograph clearly shows small flowers at the leaf axils.","plant-c47e33855b15c076","13","",""
"Monoon australe","/Volumes/Crucial X10/SD/M M M/Monoon australe (prev Polyalthia australis)/P1000695.JPG","/Volumes/Crucial X10/SD/M M M/Monoon australe (prev Polyalthia australis)/P1080500.JPG","","","","","","B","loose photograph","","4864x3648","gallery option","Association through the named source folder or historical-name trail.","E343-04","da2e7edbb07efbb731e25e1aecfe06249bf36572b2cd6ac9852aae2195c5005e","B","loose photograph","","4864x3648","gallery option","Association through the named source folder or historical-name trail.","E343-05","fb441459360d50f4c288a3fc43c7b58874cc82f4851548ba34eb2c99a53edfb3","","","","","","","","","","","","","","","","","","","","","","","","","","","","","","","","","","","","","","","","","2","2","0","Supported loose additions","Bronze young leaves and flower structure complement current fruit and flowering canopy.","plant-d09232ce9c7996ea","8","",""
"Morinda citrifolia","/Volumes/Crucial X10/SD/M M M/Morinda citrifolia/SELECT/Women resting beneath a coastal Noni, Morinda Citrifolia.z.JPG","/Volumes/Crucial X10/SD/# A A A A NPNA 2026 NEW PHOTOS/WILLIE BURGESS Plants of the nt photos/Rubiaceae Aidia Gardenia Coelospermum Cycophyllum Dentella Guettarda Ixora Pavetta PsychotriaTarenna Timonius/Morinda citrifolia 489.JPG","/Volumes/Crucial X10/SD/M M M/Morinda citrifolia/MORINDA citrifolia NONI/noni morinda citrifolia.JPG","/Volumes/Crucial X10/SD/M M M/Morinda citrifolia/MORINDA citrifolia NONI/NONI MORINDA CIT/PIK/DSC_1043 (2).JPG","","","","A","loose photograph","","3088x2812","gallery option","Species named in the filename.","E344-01","ad6b4a879b43a24f0bc164cb451f3a0b5102658665b65a7900fc23536bcee405","A","loose photograph","","3648x2736","gallery option","Species named in the filename.","E344-05","3cb70caa289462429e03a9e9112b52023bf1617781007f344cb5c7c07593d950","A","loose photograph","","2288x1728","gallery option","Species named in the filename.","E344-02","3222104c4a47b5b97ce7aec4532636e75f7dfdeb38e8a14c3d1e9c87e7bd406f","B","loose photograph","","3031x2273","gallery option","Association through the named source folder or historical-name trail.","E344-08","0f679a43a7344b1395bbd2b75142350cdada8b4a076ad82c72eafbbfadd20991","","","","","","","","","","","","","","","","","","","","","","","","","1","1","0","Supported loose additions","Coastal shade-tree habit, open-country habit and leafy flowering/fruiting branch broaden the fruit close-up. Additional close view shows small flowers on the developing multiple fruit.","plant-163b2df83b2a9d81","10","",""
"Mucuna gigantea","/Volumes/Crucial X10/HD/# COMPLETE NPNA NEW ED 2026/A. A. PHOTOS AND IMAGES/D. PLANT DESCRIPTIONS GENERA A-Z/MM/Mucuna gigantea/PICK/EXTRA/Mucuna gigantea.766.b.JPG","/Volumes/Crucial X10/SD/M M M/Mucuna gigantea/P1040702.JPG","","","","","","A","loose photograph","","2867x1613","gallery option","Species named in the filename.","E345-01","a752e1b630bcb3c8d894c1d86aed4b472de1d6b1e78e9d88e0a85c8adcca8503","B","loose photograph","","4864x3648","gallery option","Association through the named source folder or historical-name trail.","E345-06","97c16807bf9374c1aa3e9448e19620322b928ffd8ef085ed1310c906f43080a7","","","","","","","","","","","","","","","","","","","","","","","","","","","","","","","","","","","","","","","","","3","3","0","Supported loose additions","Climbing habit and earlier flower stage complement flowers, leaves and opened pods already present.","plant-a8bea322fc4c6d57","8","",""
"Murraya paniculata","/Volumes/Crucial X10/SD/M M M/Murraya paniculata/Murraya paniculata native at small park, Gilruth cnr, 12.6.25/P1040135.JPG","/Volumes/Crucial X10/SD/M M M/Murraya paniculata/_1290347.JPG","/Volumes/Crucial X10/SD/M M M/Murraya paniculata/SELECT/20241026_235618.jpg","","","","","B","loose photograph","","4864x3648","gallery option","Association through the named source folder or historical-name trail.","E346-04","844122c7131f92809da93f456e1ec915da533ca7d747117b9e91b64901fb1da7","B","loose photograph","","4000x3000","gallery option","Association through the named source folder or historical-name trail.","E346-07","49588651ecd0e1cb87dac8b8020f146ac34333a883282c302d72dd5a50f9c930","C","loose photograph","","4504x3344","identification-review lead","Association through the named source folder or historical-name trail; Byte-identical image also labelled for Grevillea formosa; resolve competing allocation.","E346-02","f4b474abe6a7cf3083f892b0768c0764bdc0842a1a539d42162007df5357a945","","","","","","","","","","","","","","","","","","","","","","","","","","","","","","","","","1","1","0","Supported loose additions","Close flower structure and non-flowering glossy leaves are complementary additions. Additional sequence has red attached fruits, a missing subject in the current gallery.","plant-3b6a39fc5f8b468c","13","",""
"Myristica insipida","/Volumes/Crucial X10/SD/# A A A A NPNA 2026 NEW PHOTOS/WILLIE BURGESS Plants of the nt photos/Myristicaceae Myristica Horsfieldia/Myristica insipida 8530.JPG","/Volumes/Crucial X10/HD/# COMPLETE NPNA NEW ED 2026/A. A. PHOTOS AND IMAGES/C. HERO SHOTS A-Z/MM/Varied Triller perched on Myristica insipida.314.a.JPG","","","","","","A","loose photograph","","5472x3648","gallery option","Species named in the filename.","E347-03","e38762421a457256f92c7edfd8d58b3222695b97cbe99f8f11cd70673c29f77f","A","loose photograph","","3960x2970","gallery option","Species named in the filename.","E347-04","e64834707db05889f0bacf1f80a4be40b316d209f2d5d1a1c9f9c945ab2594c0","","","","","","","","","","","","","","","","","","","","","","","","","","","","","","","","","","","","","","","","","3","3","0","Supported loose additions","Closed fruits and bird-perch context broaden the opened-fruit photographs; wildlife image is ecological context.","plant-d88a0f1ee0bc8567","10","",""
"Myrsine benthamiana","","","","","","","","","","","","","","","","","","","","","","","","","","","","","","","","","","","","","","","","","","","","","","","","","","","","","","","","","","","","","","","","1","1","0","No distinct addition shortlisted","Only existing loose copies found; no distinct addition shortlisted.","plant-a5cb1ae43f84c653","2","",""
"Nauclea orientalis","/Volumes/Crucial X10/SD/N N N/Nauclea orientalis/SELECT/PICK/XXPIX/Nauclea orientalis.472.a.JPG","/Volumes/Crucial X10/SD/N N N/Nauclea orientalis/SELECT/PICK/_1160330 #Nauclea orientalis.JPG","","","","","","A","loose photograph","","3525x1982","gallery option","Species named in the filename.","E349-02","ede817995a6e0d7e8ac836b974c93330eab8a489f18b68e65f13c436b667f58d","A","loose photograph","","4000x3000","gallery option","Species named in the filename.","E349-01","c26748dbc0b101503e2843ac03e072f716f18d3254a0d7b55a6f98ee89d28254","","","","","","","","","","","","","","","","","","","","","","","","","","","","","","","","","","","","","","","","","4","4","0","Supported loose additions","Whole tree and younger flower-head stage complement existing flowers and mature fruit.","plant-37a21feabccb43eb","19","",""
"Nelumbo nucifera","/Volumes/Crucial X10/SD/N N N/Nelumbo nucifera/SELECT/Nelumbo nucifera fruiting head.860.a.JPG","/Volumes/Crucial X10/HD/# COMPLETE NPNA NEW ED 2026/A. A. PHOTOS AND IMAGES/C. HERO SHOTS A-Z/NN/PICK/Wandering Pennant Dragonfly (Macrodiplax cora) on the bud of Lotus Lily, Nelumbo nucifera.834.b.JPG","/Volumes/Crucial X10/SD/N N N/Nelumbo nucifera/SELECT/PICK/Nelumbo nucifera.820.a.JPG","/Volumes/Crucial X10/HD/# COMPLETE NPNA NEW ED 2026/A. A. PHOTOS AND IMAGES/C. HERO SHOTS A-Z/NN/PICK/BOOKMARK/1. Nelumbo nucifera.822.a.jpg","","","","A","loose photograph","","3730x2797","gallery option","Species named in the filename.","E350-04","c70feacd2190cb2a5519f2fb9cc708d83dd248ef0c6a959e682f80c435d8920a","A","loose photograph","","3000x4000","gallery option","Species named in the filename.","E350-01","d263f750cbb95f2d16443cf6d371d597621fb2da6c4ed2e58520b02301bb4da4","A","loose photograph","","2314x1735","gallery option","Species named in the filename.","E350-06","5ea4366b2087d3ad5f33ada61a3e3966dc52d02751a3b8b0a5512143188c3b9f","A","loose photograph","","868x651","gallery option","Species named in the filename.","E350-07","2258f13ac0052348cd5e58b1c4d3a601db37b2be738753f10284f761c37732c1","","","","","","","","","","","","","","","","","","","","","","","","","2","2","0","Supported loose additions","Seed head, dragonfly on a flower bud, and close bud add stages beyond the flower and pond view. Additional named close-up shows the central flower structure in detail.","plant-4e6e39491006dbe9","12","",""
"Nervilia aragoana","/Volumes/Crucial X10/HD/AA NATIVE PLANTS OF NA 2021/FINAL FULL DRAFT/PROOF Native Plants of N Australia-PDF.pdf","","","","","","","A","book image","PDF page 288; printed page 287; page-object index 2 (zero-based)","566x564","low-resolution fallback","Photograph positioned with the authored species account in the book proof.","B-p288-o2","","","","","","","","","","","","","","","","","","","","","","","","","","","","","","","","","","","","","","","","","","","","","","","","","","1","1","0","Book addition only","Loose image repeats the current photograph. Older book offers a different full flowering spike at limited resolution.","plant-52987c1f59548771","4","",""
"Nervilia dallachyana","","","","","","","","","","","","","","","","","","","","","","","","","","","","","","","","","","","","","","","","","","","","","","","","","","","","","","","","","","","","","","","","1","1","0","No distinct addition shortlisted","Only existing loose copies found; no distinct addition shortlisted.","plant-f57e5384e3a2d8aa","2","",""
"Nervilia holochila","/Volumes/Crucial X10/SD/N N N/Nervilia holochila/P1180752.JPG","/Volumes/Crucial X10/SD/N N N/Nervilia holochila/P1180777.JPG","","","","","","B","loose photograph","","4000x3000","gallery option","Association through the named source folder or historical-name trail.","E353-04","ab05053c9f4d29b536d9913e79cd8b98cf76ce814d9f3e28d93e9cf9be872e02","B","loose photograph","","4000x3000","gallery option","Association through the named source folder or historical-name trail.","E353-06","caf5aeda585ed8727884d5aac983a524d259fccbf8ce1e3c675272b8e4c42496","","","","","","","","","","","","","","","","","","","","","","","","","","","","","","","","","","","","","","","","","1","1","0","Supported loose additions","Whole flower stem in habitat and basal leaves complement the current close flowers.","plant-3786a20a24e532dd","3","",""
"Nymphaea hastifolia","/Volumes/Crucial X10/HD/# COMPLETE NPNA NEW ED 2026/A. A. PHOTOS AND IMAGES/D. PLANT DESCRIPTIONS GENERA A-Z/NN/Nymphaea hastifolia (N)/PICK/EXTRA/Nymphaea hastifolia.859.a.JPG","/Volumes/Crucial X10/SD/# A A COMPLETED/Nymphaea hastifolia Hwd Spr 6.2.25/_1260897.JPG","","","","","","A","loose photograph","","3429x2571","gallery option","Species named in the filename.","E354-01","cba3c0cbbadbda099d7fe713cbb5d354f6c8aa004dacffd407c2930fec1e72ba","B","loose photograph","","4000x3000","gallery option","Association through the named source folder or historical-name trail.","E354-04","a866656cb59ce231dbd6195f6b2acd7dd01abbb183a247905de6c12648e61483","","","","","","","","","","","","","","","","","","","","","","","","","","","","","","","","","","","","","","","","","1","1","0","Supported loose additions","Wider pond habit and closer solitary flower add context to the current pair of flowers.","plant-4f722451e4448745","13","",""
"Nymphaea violacea","/Volumes/Crucial X10/SD/N N N/Nymphaea violacea 13.4.25 & 15.4.25/P1060817.JPG","/Volumes/Crucial X10/SD/N N N/Nymphaea violacea 13.4.25 & 15.4.25/SELECT/Study of Water Lily.tif226.1.jpeg","","","","","","B","loose photograph","","4864x3648","gallery option","Association through the named source folder or historical-name trail.","E355-04","52e32ac6c71a0e4e8b48c0217bcd3f671a056491f3c23dfa9426c8cbec3812bb","B","loose photograph","","3371x2528","gallery option","Association through the named source folder or historical-name trail.","E355-03","8bdc157e0b550622653fc7d98aca29c2c62287365707dcd6196cbd7b78314b53","","","","","","","","","","","","","","","","","","","","","","","","","","","","","","","","","","","","","","","","","2","2","0","Supported loose additions","Raised flower stem/pond habit and side-on flower with leaf underside add structure. Older book colour variants are not treated as verified additional forms.","plant-c9a1147c3ca18199","8","",""
"Nymphoides aurantiaca","/Volumes/Crucial X10/HD/# COMPLETE NPNA NEW ED 2026/A. A. PHOTOS AND IMAGES/B. PLANT COMMUNITIES/C. LOWLAND WETLANDS/PICK/2. Yellow-flowered aquatic Nymphoides aurantiaca, lowland lagoon, wet season.jpg515.a.jpg","/Volumes/Crucial X10/HD/# COMPLETE NPNA NEW ED 2026/A. A. PHOTOS AND IMAGES/D. PLANT DESCRIPTIONS GENERA A-Z/NN/Nymphoides aurantiaca/PICK/EXTRA/Nymphoides aurantiaca.794.a.JPG","","","","","","A","loose photograph","","3800x2533","gallery option","Species named in the filename.","E356-02","b2b6a9a141cfec800ab281464d406e5c83cb10b6db02aefdd879e79ee578e0d4","A","loose photograph","","4000x3000","gallery option","Species named in the filename.","E356-01","57fe23aee3faa1e0e46c075c73efccd2f4868ed6cec81cebbdb5c9527786788d","","","","","","","","","","","","","","","","","","","","","","","","","","","","","","","","","","","","","","","","","2","2","0","Supported loose additions","Broad flowering wetland and closer flower structure complement current leaves/flowers; uncertain mixed wetland shots are not preferred.","plant-9276ac7af29539a8","11","",""
"Nymphoides indica","/Volumes/Crucial X10/HD/AA NATIVE PLANTS OF NA 2021/FINAL FULL DRAFT/PROOF Native Plants of N Australia-PDF.pdf","","","","","","","A","book image","PDF page 290; printed page 289; page-object index 1 (zero-based)","566x574","low-resolution fallback","Photograph positioned with the authored species account in the book proof.","B-p290-o1","","","","","","","","","","","","","","","","","","","","","","","","","","","","","","","","","","","","","","","","","","","","","","","","","","1","1","0","Book addition only","Only existing loose copies found; older book offers a modest alternative flower/leaf composition at limited resolution.","plant-41a10ed47d816abd","2","",""
"Nymphoides minima","/Volumes/Crucial X10/SD/# A A A A NPNA 2026 NEW PHOTOS/WILLIE BURGESS Plants of the nt photos/Water lilys Mennyanthaceae Nymphaeaceae/Nymphoides minima 9503.JPG","","","","","","","A","loose photograph","","5472x3648","gallery option","Species named in the filename.","E358-01","4c1553e1fec88c002fe928c8737ea65b919e970a01a8e2e91b1f972e7fddbc60","","","","","","","","","","","","","","","","","","","","","","","","","","","","","","","","","","","","","","","","","","","","","","","","","2","2","0","Supported loose additions","Broad flowering water surface adds habitat context; most alternatives repeat the existing close leaf/flower views.","plant-1cdbb1c82593a8cb","5","",""
"Nypa fruticans","/Volumes/Crucial X10/HD/AA NATIVE PLANTS OF NA 2021/FINAL FULL DRAFT/PROOF Native Plants of N Australia-PDF.pdf","/Volumes/Crucial X10/SD/N N N/Nypa fruticans/P1160607.JPG","/Volumes/Crucial X10/SD/# A A A A NPNA 2026 NEW PHOTOS/1 1 1 1 1 BOT GDNS 10.9.2026/Nypa fruticans/P1170486.JPG","/Volumes/Crucial X10/SD/N N N/Nypa fruticans/P1210161.JPG","","","","A","book image","PDF page 291; printed page 290; page-object index 1 (zero-based)","566x577","low-resolution fallback","Photograph positioned with the authored species account in the book proof.","B-p291-o1","","B","loose photograph","","4000x3000","gallery option","Association through the named source folder or historical-name trail.","E359-06","5d9cfaa6771b677c2fdacd3f564c16f9d4eab996afe9c7a5342ab72187889afd","B","loose photograph","","4864x3648","gallery option","Association through the named source folder or historical-name trail.","E359-04","143b60d2255de8c54454172ab65d7ed2059d735644d6113989b51db61352f61f","B","loose photograph","","4000x3000","gallery option","Association through the named source folder or historical-name trail.","E359-07","892c7e41230264fd11a10e26acffb79be337f5ec99a66466d0394ecba0fe2262","","","","","","","","","","","","","","","","","","","","","","","","","2","2","0","Supported loose additions","Whole palm stand and fallen fruit at the base; older book adds a waterside stand view. Additional sequence shows palm bases at the water's edge.","plant-698f845538faaf8d","7","",""
"Opilia amentacea","/Volumes/Crucial X10/HD/# COMPLETE NPNA NEW ED 2026/A. A. PHOTOS AND IMAGES/C. HERO SHOTS A-Z/OO/PICK/Red-winged Parrot seeking fruit of Opilia amentacea.054.a.JPG","/Volumes/Crucial X10/HD/AA NATIVE PLANTS OF NA 2021/FINAL FULL DRAFT/PROOF Native Plants of N Australia-PDF.pdf","/Volumes/Crucial X10/SD/O O O/Opilia amentacea/P1170802.JPG","/Volumes/Crucial X10/SD/O O O/Opilia amentacea/P1190900.JPG","","","","A","loose photograph","","2674x2005","gallery option","Species named in the filename.","E360-01","8215e750b220ff8e314a2bcc754080035b0fd3aa87950da80583a99ac5faea3d","A","book image","PDF page 293; printed page 292; page-object index 2 (zero-based)","392x566","low-resolution fallback","Photograph positioned with the authored species account in the book proof.","B-p293-o2","","B","loose photograph","","4000x3000","gallery option","Association through the named source folder or historical-name trail.","E360-04","acc9a588f57e3dc8088da15fe07f01180b4bcf914181e2a6ef9fcdc87a26f62d","B","loose photograph","","4000x3000","gallery option","Association through the named source folder or historical-name trail.","E360-06","a705e42acd7c10c00be340fd55404939cebbdd6cc6050b5b1158f4f3ad3393d8","","","","","","","","","","","","","","","","","","","","","","","","","2","2","0","Supported loose additions","Parrot interaction, green reproductive stage and whole tangled habit; older book adds clear flowering sprays.","plant-925c2cbff356accc","6","",""
"Osbeckia australiana","/Volumes/Crucial X10/SD/# A A A A NPNA 2026 NEW PHOTOS/WILLIE BURGESS Plants of the nt photos/Melastomataceae Melastoma Memecylon Osbeckia/Osbeckia australiana 9565.JPG","/Volumes/Crucial X10/SD/O O O/Osbeckia australiana/_1270266.JPG","","","","","","A","loose photograph","","5472x3648","gallery option","Species named in the filename.","E361-03","5b7352542a2655e7b7a4417b4d61db6014e5c3ba090eddd9486f01fb23039cbb","B","loose photograph","","4000x3000","gallery option","Association through the named source folder or historical-name trail.","E361-06","5d37be0d4ef8b6b995fce2dfd349b6378b9304a663fd1a3da938046e09f188ad","","","","","","","","","","","","","","","","","","","","","","","","","","","","","","","","","","","","","","","","","1","1","0","Supported loose additions","Whole flowering shrub and stem/leaf detail add habit to the existing flower close-up.","plant-3d21cd1c71e5d469","4","",""
"Osbornia octodonta","/Volumes/Crucial X10/SD/# A A A A NPNA 2026 NEW PHOTOS/WILLIE BURGESS Plants of the nt photos/Mangroves november 2025/osbornia octodonta 477.JPG","/Volumes/Crucial X10/HD/# COMPLETE NPNA NEW ED 2026/A. A. PHOTOS AND IMAGES/D. PLANT DESCRIPTIONS GENERA A-Z/OO/Osbornia octodonta/PICK/EXTRA/1. Osbornia octodonta.7721.GF.JPG","/Volumes/Crucial X10/SD/# A A A A NPNA 2026 NEW PHOTOS/WILLIE BURGESS Plants of the nt photos/Mangroves november 2025/Osbornia octodonta 337.JPG","","","","","A","loose photograph","","5472x3648","gallery option","Species named in the filename.","E362-02","93fd04ffdae0bb637ff39786ebf81aab1fafb891db6bf2e6d01cbacdf94a4783","A","loose photograph","","9600x6400","gallery option","Species named in the filename.","E362-01","0810a8b436120a694e0e3ec89e4ffd12bee1c1622de52ce7a09dd90de60f644e","A","loose photograph","","5472x3648","gallery option","Species named in the filename.","E362-08","5035112652899405011b48af81ff8a41ebccf7e320c5c7e58c6f96f4ae4ee807","","","","","","","","","","","","","","","","","","","","","","","","","","","","","","","","","2","2","0","Supported loose additions","Trunk/whole habit and closer flower structure broaden two near-identical current views. Additional named photograph includes mature pale reproductive structures.","plant-ce3dbe7b98b34366","5","",""
"Owenia reticulata","/Volumes/Crucial X10/HD/AA NATIVE PLANTS OF NA 2021/FINAL FULL DRAFT/PROOF Native Plants of N Australia-PDF.pdf","/Volumes/Crucial X10/SD/O O O/Owenia reticulata TBC Gulf 27.6.25/P1050775.JPG","/Volumes/Crucial X10/SD/O O O/Owenia reticulata TBC Gulf 27.6.25/P1050967.JPG","/Volumes/Crucial X10/SD/O O O/Owenia reticulata TBC Gulf 27.6.25/P1050778.JPG","","","","A","book image","PDF page 294; printed page 293; page-object index 1 (zero-based)","566x392","low-resolution fallback","Photograph positioned with the authored species account in the book proof.","B-p294-o1","","C","loose photograph","","4864x3648","identification-review lead","Association through the named source folder or historical-name trail; Source explicitly uncertain or a mixed/incorrectly labelled collection.","E363-01","2f13b200c5b2acb11fb1e76d127687d24ee2024945f64e1d3c700bd663bd91dd","C","loose photograph","","4864x3648","identification-review lead","Association through the named source folder or historical-name trail; Source explicitly uncertain or a mixed/incorrectly labelled collection.","E363-04","e834b9ad58ee7c0615fc7a5414b4f6e65dcf983cada3ad6e504f2754599e7ea1","C","loose photograph","","4864x3648","identification-review lead","Association through the named source folder or historical-name trail; Source explicitly uncertain or a mixed/incorrectly labelled collection.","E363-06","20b0a4fee50ddd245cba226b49599c5ffa3223e4e350d2a43ca67e6d6259d392","","","","","","","","","","","","","","","","","","","","","","","","","1","1","0","Book addition; loose leads need ID review","Whole tree, detached fruits and bark are useful but explicitly uncertain-labelled leads. Older book provides an authored fruiting branch.","plant-30bfa8f04a827e5a","3","",""
"Owenia vernicosa","/Volumes/Crucial X10/HD/AA NATIVE PLANTS OF NA 2021/FINAL FULL DRAFT/PROOF Native Plants of N Australia-PDF.pdf","/Volumes/Crucial X10/SD/O O O/Owenia vernicosa/_1030464.JPG","/Volumes/Crucial X10/SD/O O O/Owenia vernicosa/P1180621.JPG","","","","","A","book image","PDF page 295; printed page 294; page-object index 1 (zero-based)","567x390","low-resolution fallback","Photograph positioned with the authored species account in the book proof.","B-p295-o1","","B","loose photograph","","4000x3000","gallery option","Association through the named source folder or historical-name trail.","E364-03","02bb85c5f15164c164d5fa52306e0f08609e8efacc75eff6543c6f1336fb6bcd","B","loose photograph","","4000x3000","gallery option","Association through the named source folder or historical-name trail.","E364-09","14434eb75b47b5fbe9d30fe7ab0b3c545711552f5822f09b81b9679fd6715996","","","","","","","","","","","","","","","","","","","","","","","","","","","","","","","","","2","2","0","Supported loose additions","Young leafy plant and older-book mature whole tree complement current fruiting branches. Additional sequence includes fine-leaved young growth.","plant-bc22489d60d3d487","3","",""
"Pachygone ovata","/Volumes/Crucial X10/SD/P P P/Pachygone ovata/SELECT/Pachygone ovata.a.JPG","/Volumes/Crucial X10/HD/# COMPLETE NPNA NEW ED 2026/A. A. PHOTOS AND IMAGES/D. PLANT DESCRIPTIONS GENERA A-Z/PP/Pachygone ovata/PICK/EXTRA/1.a Pachygone ovata.577.a.JPG","/Volumes/Crucial X10/SD/P P P/Pachygone ovata/_1080127.JPG","","","","","A","loose photograph","","3019x2264","gallery option","Species named in the filename.","E365-02","55c4f06a3712615dc07b81fb6a6494ae1a1c00f2c0c66a1248499b3a724404fb","A","loose photograph","","2138x2673","gallery option","Species named in the filename.","E365-03","054c984ecd8d4322eb38f1ad5b708b6744421513552dcde0bdd581d1f435dd91","C","loose photograph","","4000x3000","identification-review lead","Association through the named source folder or historical-name trail; Byte-identical image also labelled for Smilax australis; resolve competing allocation.","E365-11","fb533843080941285673346c097a5d23f9058927cf2cc33c2bd863d84f574320","","","","","","","","","","","","","","","","","","","","","","","","","","","","","","","","","2","2","0","Supported loose additions","Earlier reproductive stage and close fruit cluster complement existing purple fruits and tangled woody vine. Additional sequence clearly shows flowering sprays.","plant-6316f6efe01609f8","11","",""
"Palhinhaea cernua","/Volumes/Crucial X10/SD/L L L/Lycopodiella cernua (prev Lycopodium cernuum)/P1210918.JPG","/Volumes/Crucial X10/SD/L L L/Lycopodiella cernua (prev Lycopodium cernuum)/_1270242.JPG","","","","","","B","loose photograph","","4000x3000","gallery option","Association through the named source folder or historical-name trail; Name spelling, abbreviation or historical combination needs retaining in provenance.","E366-02","c267574b2d339d6bb3063f6730ba6698ad0483870c447388f63113c13e032c66","B","loose photograph","","4000x3000","gallery option","Association through the named source folder or historical-name trail; Name spelling, abbreviation or historical combination needs retaining in provenance.","E366-04","a11c5843d129f31897632185be45d1f526de3705be465cd30ae763cb53914ccb","","","","","","","","","","","","","","","","","","","","","","","","","","","","","","","","","","","","","","","","","2","2","0","Supported loose additions","Whole upright growth and isolated branching shoot add structure. Historical Lycopodiella folder association is documentary, not a new taxonomic determination.","plant-c850424c76d6d1bb","3","",""
"Pandanus aquaticus","/Volumes/Crucial X10/AA A MONSOON RAINFOREST BOOK/MONSOON FOREST BOOK IMAGES/Pandanus aquaticus Prince Fred.jpg","/Volumes/Crucial X10/SD/P P P/Pandanus aquaticus/P1180665.JPG","","","","","","A","loose photograph","","1191x1587","gallery option","Species named in the filename.","E367-05","c1329ad39908006144b2a5ea193ad07ec95681177c7088d708edcd986ad9c786","B","loose photograph","","4000x3000","gallery option","Association through the named source folder or historical-name trail.","E367-06","cb2fd496b04aed6f0166e50ee5407e45b7c2b8f277ee9a895ff8a20dbd43342e","","","","","","","","","","","","","","","","","","","","","","","","","","","","","","","","","","","","","","","","","2","2","0","Supported loose additions","Riverbank stand and close green fruit add habitat and reproductive detail.","plant-85d7ea84a65d8365","8","",""
"Pandanus basedowii","/Volumes/Crucial X10/HD/AA NATIVE PLANTS OF NA 2021/FINAL FULL DRAFT/PROOF Native Plants of N Australia-PDF.pdf","/Volumes/Crucial X10/SD/P P P/Pandanus basedowii/_1070200.JPG","/Volumes/Crucial X10/SD/P P P/Pandanus basedowii/_1070209.JPG","/Volumes/Crucial X10/SD/P P P/Pandanus basedowii/_1070206.JPG","","","","A","book image","PDF page 298; printed page 297; page-object index 2 (zero-based)","566x573","low-resolution fallback","Photograph positioned with the authored species account in the book proof.","B-p298-o2","","B","loose photograph","","4000x3000","gallery option","Association through the named source folder or historical-name trail.","E368-06","26ee3eb59d63974b0ac770fc4e71147443f971425986aca56f7db7c308ef008e","B","loose photograph","","4000x3000","gallery option","Association through the named source folder or historical-name trail.","E368-05","0a1879fed783e17489dde5d4b69bf492e2674b14cbf5159be9bab13e301e49e3","B","loose photograph","","4000x3000","gallery option","Association through the named source folder or historical-name trail.","E368-08","151fad63fc9e808a175278919310cf557066e5f5cc5396031a069c307735efbc","","","","","","","","","","","","","","","","","","","","","","","","","2","2","0","Supported loose additions","Close segmented fruit, trunk/branching context and older-book orange fruit inset complement existing crowns. Additional sequence shows prop roots/trunk base.","plant-b5cb7f55aa54d247","8","",""
"Pandanus spiralis","/Volumes/Crucial X10/SD/# A A A A NPNA 2026 NEW PHOTOS/WILLIE BURGESS Plants of the nt photos/Pandanaceae Pandanus/Pandanus spiralis 023.JPG","/Volumes/Crucial X10/SD/# A A A A NPNA 2026 NEW PHOTOS/WILLIE BURGESS Plants of the nt photos/Pandanaceae Pandanus/Pandanus spiralis 9831.JPG","/Volumes/Crucial X10/SD/# A A A A NPNA 2026 NEW PHOTOS/WILLIE BURGESS Plants of the nt photos/Pandanaceae Pandanus/Pandanus spiralis male flowers 051.JPG","/Volumes/Crucial X10/SD/# A A A A NPNA 2026 NEW PHOTOS/WILLIE BURGESS Plants of the nt photos/Pandanaceae Pandanus/Pandanus spiralis male flowers 048.JPG","/Volumes/Crucial X10/SD/# A A A A NPNA 2026 NEW PHOTOS/WILLIE BURGESS Plants of the nt photos/Pandanaceae Pandanus/Pandaus spiralis  yong feamale fruit 040.JPG","/Volumes/Crucial X10/SD/P P P/Pandanus spiralis/P1170165.JPG","","A","loose photograph","","5472x3648","gallery option","Species named in the filename.","E369-02","909536cb890bb2ada490d1a2063f7b4e442aefc32f22852c13aa9d3b886fe751","A","loose photograph","","5472x3648","gallery option","Species named in the filename.","E369-03","8f5d0b69be1bffbd41d32574adc3b4cd618acde59a4b9f00d47bd536643a9b86","A","loose photograph","","5472x3648","gallery option","Species named in the filename.","E369-05","2be37b2d87f377f3837f0e73627264505f0d5ae8a8bd6f8946ca89f0d97f5566","A","loose photograph","","5472x3648","gallery option","Species named in the filename.","E369-07","c70da82975dbdc45ce76b5efb2c42ddc6a472d468ea614581ae1ad6b048f341e","B","loose photograph","","5472x3648","gallery option","Species named in the filename; Name spelling, abbreviation or historical combination needs retaining in provenance.","E369-09","a2ead98813c7cfda2552e0355c5b2b89a59c26762cad132b905c00ae4ceddf12","B","loose photograph","","4000x3000","gallery option","Association through the named source folder or historical-name trail.","E369-10","05c89954b9ac2bddbf09b5b5811e4863f3864435b1026174cc0e8f4569699f84","","","","","","","","","2","2","0","Supported loose additions","Younger low habit, broad stand and pale reproductive structure complement existing mature fruit and detached segments. Especially useful secondary options: files explicitly labelled male flower and young female reproductive stage, plus green fruit. These broaden sex/stage coverage without relying on extra ripe-fruit exposures.","plant-348c12dc20ad8d34","7","",""
"Parsonsia velutina","/Volumes/Crucial X10/HD/# COMPLETE NPNA NEW ED 2026/A. A. PHOTOS AND IMAGES/D. PLANT DESCRIPTIONS GENERA A-Z/PP/Parsonsia velutina/PICK/EXTRA/Parsonsia velutina.306.a.JPG","/Volumes/Crucial X10/SD/P P P/Parsonsia velutina/_1240003.JPG","/Volumes/Crucial X10/SD/P P P/Parsonsia velutina/_1250525.JPG","","","","","A","loose photograph","","2463x2463","gallery option","Species named in the filename.","E370-01","828efdddd75da282187a7d44a5bdc07b10cea6e86aa85ebb961b94212fc3c3e9","B","loose photograph","","4000x3000","gallery option","Association through the named source folder or historical-name trail.","E370-03","205c04ece83f799d519108f827c998a3cfbd125aa08364c2d522a538b5fcc10e","B","loose photograph","","4000x3000","gallery option","Association through the named source folder or historical-name trail.","E370-11","89432730cbfd0fc21f6eaabf209a3dfd9bb5b631976abbfaaede63857a23f79d","","","","","","","","","","","","","","","","","","","","","","","","","","","","","","","","","2","2","0","Supported loose additions","Closed long fruits and low young vine complement current opened structures and climbing growth. Additional sequence shows hanging vine habit.","plant-8f08ae15958b10a4","6","",""
"Patersonia macrantha","/Volumes/Crucial X10/HD/AA NATIVE PLANTS OF NA 2021/FINAL FULL DRAFT/PROOF Native Plants of N Australia-PDF.pdf","","","","","","","A","book image","PDF page 299; printed page 298; page-object index 1 (zero-based)","566x571","low-resolution fallback","Photograph positioned with the authored species account in the book proof.","B-p299-o1","","","","","","","","","","","","","","","","","","","","","","","","","","","","","","","","","","","","","","","","","","","","","","","","","","2","2","0","Book addition only","Only existing loose copies found; older book adds a whole plant with another flowering stage at limited resolution.","plant-45fa1919b933ef95","2","",""
"Pavetta brownii","/Volumes/Crucial X10/HD/# COMPLETE NPNA NEW ED 2026/A. A. PHOTOS AND IMAGES/D. PLANT DESCRIPTIONS GENERA A-Z/PP/Pavetta brownii/PICK/EXTRA/Pavetta brownii.418.WB.JPG","/Volumes/Crucial X10/WILDLIFE/Brown Honeyeater on Pavetta brownii/PICK/Brown Honeyeater on Pavetta brownii.022.a.JPG","/Volumes/Crucial X10/SD/# A A A A NPNA 2026 NEW PHOTOS/WILLIE BURGESS Plants of the nt photos/Rubiaceae Aidia Gardenia Coelospermum Cycophyllum Dentella Guettarda Ixora Pavetta PsychotriaTarenna Timonius/Pavetta brownii 8859.JPG","","","","","A","loose photograph","","6000x4000","gallery option","Species named in the filename.","E372-01","224ee81579fb0f2676ee4a2a45ba7fdecc182ab7f96915e3a6f4d9450210d598","A","loose photograph","","2396x1797","gallery option","Species named in the filename.","E372-06","ac962489ab22af1951980bc576f79fb19f2f4addea0f5737182e077c74072242","A","loose photograph","","5472x3648","gallery option","Species named in the filename.","E372-10","2b1e50a6f3e604cce6210339e89f51d3c32d738062573c3aff5fb8966bfa4709","","","","","","","","","","","","","","","","","","","","","","","","","","","","","","","","","2","2","0","Supported loose additions","Broad mass flowering and honeyeater interaction add scale/ecology to close flower heads. Additional named photograph shows an entire rounded flowering shrub.","plant-c2c9275c7798237c","19","",""
"Peltophorum pterocarpum","/Volumes/Crucial X10/SD/P P P/Peltophorum pterocarpum/_1130263 Peltophorum pterocarpum.JPG","/Volumes/Crucial X10/HD/# COMPLETE NPNA NEW ED 2026/A. A. PHOTOS AND IMAGES/D. PLANT DESCRIPTIONS GENERA A-Z/PP/Peltophorum pterocarpum/PICK/EXTRA/Peltophorum pterocarpum.576.a.JPG","/Volumes/Crucial X10/WILDLIFE/Little Corellas on Peltophorum pterocarpum 20.2.26/SELECT/Little Corella on Peltophorum pterocarpum.tif181.a.jpeg","","","","","A","loose photograph","","4000x3000","gallery option","Species named in the filename.","E373-04","4437238237a4291dce891fb1dbd4ec9f94b9b31614ee2d08094e6af39d5d179d","A","loose photograph","","4000x2250","gallery option","Species named in the filename.","E373-02","fe0ccb7dd8a7819590f600fb69f5f002012ceeb317a06918dc9cc064737ae6fa","A","loose photograph","","4659x3106","gallery option","Species named in the filename.","E373-06","7f9761721e4b24c55b1fb4de0119a1a52cd8d0c0fd0e3a72094feefefc9662c5","","","","","","","","","","","","","","","","","","","","","","","","","","","","","","","","","1","1","0","Supported loose additions","Hanging dry pods, unobscured flowering crown and corella flock broaden the existing lorikeet-on-flowers image.","plant-7ee6385bf89a9d70","33","",""
"Pemphis acidula","/Volumes/Crucial X10/SD/P P P/Pemphis acidula/P1040569.JPG","/Volumes/Crucial X10/SD/P P P/Pemphis acidula/P1040543.JPG","","","","","","B","loose photograph","","4864x3648","gallery option","Association through the named source folder or historical-name trail.","E374-06","7099ef516e20e28a671f0c6b00b7cba70a096aba86fc07c14d1d3164b9e270e3","B","loose photograph","","4864x3648","gallery option","Association through the named source folder or historical-name trail.","E374-02","8b088761f104f4a6e9d5fb2776223f58b56e452a95e2fd4d05bc01a32084832c","","","","","","","","","","","","","","","","","","","","","","","","","","","","","","","","","","","","","","","","","1","1","0","Supported loose additions","Whole shrub/root context and leaf/reproductive branch complement the existing flower close-up.","plant-eb6cf6ff310eae2f","3","",""
"Persoonia falcata","/Volumes/Crucial X10/SD/P P P/Persoonia falcata/Persoonia falcata.a.JPG","/Volumes/Crucial X10/SD/# A A A A NPNA 2026 NEW PHOTOS/WILLIE BURGESS Plants of the nt photos/Proteaceae Grevillea Persoonia Stenocarpus/Persoonia falcata 8783.JPG","","","","","","A","loose photograph","","3592x2694","gallery option","Species named in the filename.","E375-03","0f1b88e16cd616761f38f1d265cc4676e7964d94b7e6bfee267805ad09b14ab2","A","loose photograph","","5472x3648","gallery option","Species named in the filename.","E375-04","fa1252926dc4c0685bbd8205d28e6bc2f87c462daec2a0e02beca3fbaa444087","","","","","","","","","","","","","","","","","","","","","","","","","","","","","","","","","","","","","","","","","2","2","0","Supported loose additions","Pink young foliage and another leafy reproductive stage complement green fruits and flowers. Secondary candidate 11 is a blue-flowered herb from the mixed sequence, not an accepted Persoonia photograph.","plant-5132569f92cbcf42","10","",""
"Petalostigma pubescens","/Volumes/Crucial X10/SD/P P P/Petalostigma pubescens/_1110562 Petalostigma pubescens, Quinine Tree.JPG","/Volumes/Crucial X10/SD/P P P/Petalostigma pubescens/SEKECT/Petalostigma pubescens.c.jpg","/Volumes/Crucial X10/SD/# A A A A NPNA 2026 NEW PHOTOS/WILLIE BURGESS Plants of the nt photos/16 2 26 Grevillea Hibbertia complanta fabaceae Lee rubra/Caterpiller on petalostigma pubesens leaf 35 (1).JPG","","","","","A","loose photograph","","4000x3000","gallery option","Species named in the filename.","E376-05","008342dffe0039bf209a65fccc84a6919d46f1528acac379707a31acca7258d5","A","loose photograph","","1889x1416","gallery option","Species named in the filename.","E376-04","fb508cd696aba55f304ff384e0993e758781c7db28fd51837b3306d788ba4f2b","B","loose photograph","","5472x3648","gallery option","Species named in the filename; Name spelling, abbreviation or historical combination needs retaining in provenance.","E376-08","bcb1f1fbf04c0b352c10aec422ebbb976ac8a91361192563020991a84370729f","","","","","","","","","","","","","","","","","","","","","","","","","","","","","","","","","3","3","0","Supported loose additions","Branch held for scale and wider ripe-fruit context are modest additions; most loose photographs repeat fruit already covered. Additional caterpillar-on-leaf photograph offers ecological context.","plant-1bcff041bb9ff08d","8","",""
"Petraeomyrtus punicea","/Volumes/Crucial X10/HD/# COMPLETE NPNA NEW ED 2026/A. A. PHOTOS AND IMAGES/D. PLANT DESCRIPTIONS GENERA A-Z/PP/Petraeomyrtus punicea/PICK/EXTRA/Petraeomyrtus punicea.9788.KM.jpeg","/Volumes/Crucial X10/SD/P P P/Petraeomyrtus punicea (ex Regelia)/_1030654.JPG","","","","","","A","loose photograph","","1124x1348","gallery option","Species named in the filename.","E377-01","681596ff4b6a39cd19427f709a9f6aa3bde132349dabfb2dc7c321376a1e3176","B","loose photograph","","4000x3000","gallery option","Association through the named source folder or historical-name trail.","E377-06","f44a0c05aec26a56830963b529decd5c2d9458ca0375df1a64841739f081c93e","","","","","","","","","","","","","","","","","","","","","","","","","","","","","","","","","","","","","","","","","2","2","0","Supported loose additions","Trunk/flower relationship and wider fine-leaved branch add context to the two red-flower close-ups.","plant-88d2ff0530428995","6","",""
"Phaleria macrocarpa","/Volumes/Crucial X10/SD/# A A COMPLETED/Phaleria macrocarpa PART 6/SELECT/PICK/Phaleria macrocarpa.0786.a.JPG","/Volumes/Crucial X10/SD/# A A COMPLETED/Phaleria macrocarpa PART 6/RAW/TIF/Phaleria macrocarpa.tif.381.a.tif","/Volumes/Crucial X10/SD/# A A COMPLETED/Phaleria macrocarpa PART 6/SELECT/Green Tree Frog on Phaleria macrocarpa.tif527.a.tif","","","","","A","loose photograph","","2968x2226","gallery option","Species named in the filename.","E378-02","50f3f31e4b6ec84162584fba79a7d2d6f0ee3e61829097cdac3b369147165230","A","loose photograph","","3016x4016","gallery option","Species named in the filename.","E378-05","39295fb52b51defe5892ff2a1ca4dd98ab6ba2d537775505492b6b3b6be13c2f","A","loose photograph","","4016x3016","gallery option","Species named in the filename.","E378-03","27cf60fa55161e915300b2a4fcd5c80098487909be3c8fea31f7a1faad8df5a3","","","","","","","","","","","","","","","","","","","","","","","","","","","","","","","","","2","2","0","Supported loose additions","Flower structure, whole flowering crown and frog interaction offer three complementary subjects.","plant-893c7c0a853b446e","29","",""
"Phaleria octandra","/Volumes/Crucial X10/SD/# A A COMPLETED/Phaleria octandra PART 6/SELECT/PICK/Phaleria octandra.695.a.JPG","/Volumes/Crucial X10/SD/# A A A A NPNA 2026 NEW PHOTOS/WILLIE BURGESS Plants of the nt photos/Thymelaeaceae Phaleria Thecanthes/Phalera/Phaleria octandra 383.JPG","","","","","","A","loose photograph","","2442x3257","gallery option","Species named in the filename.","E379-03","b34056d16c60197e16d474b0f987d4ccf43106c94d8401cf7fbd963edd95fdf9","A","loose photograph","","5472x3648","gallery option","Species named in the filename.","E379-05","d6ffdbf9937e82a630a1ebee7a4955c4d2dc4a4ec63712a73b2fa4393977e451","","","","","","","","","","","","","","","","","","","","","","","","","","","","","","","","","","","","","","","","","2","2","0","Supported loose additions","Side-on flower heads and broader leafy flowering habit complement the current top view and fruits.","plant-0f4c05151292244a","15","",""
"Physalis angulata","/Volumes/Crucial X10/SD/# A A COMPLETED/Physalis angulata (prev. P. minima)/SELECT/_1290492##.JPG","/Volumes/Crucial X10/SD/# A A COMPLETED/Physalis angulata (prev. P. minima)/SELECT/_1290243#.JPG","","","","","","B","loose photograph","","4000x3000","gallery option","Association through the named source folder or historical-name trail.","E380-05","232dcf9898fc8ed228122c38c666c703f52b808f76674fd26879632cb0c225cc","B","loose photograph","","4000x3000","gallery option","Association through the named source folder or historical-name trail.","E380-02","2e6301aa96971d1b9a2033ad80f36aa84dde2b5ead1faf11b0a998e3c03fedba","","","","","","","","","","","","","","","","","","","","","","","","","","","","","","","","","","","","","","","","","2","2","0","Supported loose additions","Small flower detail and whole patch complement current inflated fruits/foliage.","plant-d4b69c97f3c0e429","6","",""
"Pimelea punicea","/Volumes/Crucial X10/SD/# A A COMPLETED/Pimelea punicea Thymeliaceae, PART 6/SELECT/Pimelea punicea.569.a.JPG","/Volumes/Crucial X10/SD/# A A COMPLETED/Pimelea punicea Thymeliaceae, PART 6/_1270053.JPG","/Volumes/Crucial X10/SD/# A A COMPLETED/Pimelea punicea Thymeliaceae, PART 6/_1270067.JPG","","","","","A","loose photograph","","3295x2472","gallery option","Species named in the filename.","E381-02","b7974781e76a68ae7fe36f294c1680699ccefee73b60288a729398d9cb5d6b2b","B","loose photograph","","4000x3000","gallery option","Association through the named source folder or historical-name trail.","E381-05","5b27394ab4734591f70da2b6a8850fabd8c568689657c87ee203b3de24738e1d","B","loose photograph","","4000x3000","gallery option","Association through the named source folder or historical-name trail.","E381-12","6716f95b6ef84f741743fb58f1b6155d67298245ccabb7b89b9f985667bc39d5","","","","","","","","","","","","","","","","","","","","","","","","","","","","","","","","","2","2","0","Supported loose additions","Whole low plant and different flower-head stage add habit beyond current flowers and butterfly. Additional sequence has a wider flowering field/patch.","plant-905c54de5fe4b797","35","",""
"Pittosporum angustifolium","/Volumes/Crucial X10/SD/# A A COMPLETED/Pittosporum angustifolium/P1070805.JPG","/Volumes/Crucial X10/SD/# A A COMPLETED/Pittosporum angustifolium/P1070262.JPG","/Volumes/Crucial X10/SD/# A A COMPLETED/Pittosporum angustifolium/P1070298.JPG","","","","","B","loose photograph","","4864x3648","gallery option","Association through the named source folder or historical-name trail.","E382-05","935b4ca61d3c6738b031ee0fa97535893d7c88e85b941b3529617912eb02ef3a","B","loose photograph","","4864x3648","gallery option","Association through the named source folder or historical-name trail.","E382-04","67cd536c10613017c1318e3af5d3b31f890b356ade9c81565ed0a27a858f14ae","B","loose photograph","","4864x3648","gallery option","Association through the named source folder or historical-name trail.","E382-11","887644b9a97cce38842296714f7eaefc055b2f89d3ec1aaf7dfdc794725145dd","","","","","","","","","","","","","","","","","","","","","","","","","","","","","","","","","2","2","0","Supported loose additions","Opened fruit/seeds and a green fruit stage add detail beyond flowers and orange intact fruit. Additional sequence shows whole tree habit.","plant-fbead236f65147d1","7","",""
"Pittosporum ferrugineum subsp. ferrugineum","","","","","","","","","","","","","","","","","","","","","","","","","","","","","","","","","","","","","","","","","","","","","","","","","","","","","","","","","","","","","","","","2","2","0","No distinct addition shortlisted","Reviewed loose alternatives are repeat fruit subjects/crops of the existing gallery; no distinct addition shortlisted.","plant-7508865d431908a9","4","",""
"Pittosporum moluccanum","/Volumes/Crucial X10/SD/# A A A A NPNA 2026 NEW PHOTOS/NPNA 2026 NEW PICS 20.2.26/SELECT/Pittosporum moluccanum.tif083.a.jpeg","","","","","","","A","loose photograph","","3408x2556","gallery option","Species named in the filename.","E384-04","be967377199edf2d73bd7b9dba51e85a6cc0c797b4a83acdf26ec86477bd0622","","","","","","","","","","","","","","","","","","","","","","","","","","","","","","","","","","","","","","","","","","","","","","","","","2","2","0","Supported loose additions","Closer flower structure is a modest improvement opportunity; most other shortlisted images repeat current fruit and flower subjects.","plant-31124a1646eeff90","13","",""
"Pityrodia jamesii","/Volumes/Crucial X10/HD/AA NATIVE PLANTS OF NA 2021/FINAL FULL DRAFT/PROOF Native Plants of N Australia-PDF.pdf","","","","","","","A","book image","PDF page 303; printed page 302; page-object index 1 (zero-based)","566x566","low-resolution fallback","Photograph positioned with the authored species account in the book proof.","B-p303-o1","","","","","","","","","","","","","","","","","","","","","","","","","","","","","","","","","","","","","","","","","","","","","","","","","","2","2","0","Book addition only","Loose option repeats the insect subject. Older book provides an unobscured flowering plant, a useful identification addition.","plant-d6c2d62f96424569","6","",""
"Pityrodia pungens","/Volumes/Crucial X10/HD/AA NATIVE PLANTS OF NA 2021/FINAL FULL DRAFT/PROOF Native Plants of N Australia-PDF.pdf","","","","","","","A","book image","PDF page 304; printed page 303; page-object index 1 (zero-based)","571x646","low-resolution fallback","Photograph positioned with the authored species account in the book proof.","B-p304-o1","","","","","","","","","","","","","","","","","","","","","","","","","","","","","","","","","","","","","","","","","","","","","","","","","","1","1","0","Book addition only","Only existing loose copies; older book adds a longer flowering stem showing leaf arrangement.","plant-25239e36d548697f","2","",""
"Pityrodia ternifolia","/Volumes/Crucial X10/HD/AA NATIVE PLANTS OF NA 2021/FINAL FULL DRAFT/PROOF Native Plants of N Australia-PDF.pdf","/Volumes/Crucial X10/SD/# A A A A NPNA 2026 NEW PHOTOS/WILLIE BURGESS Plants of the nt photos/Lamiaceae Clerodendrum Pityodia Vitex Wrightia Callicarpa Gmelina Plectranthus/Pityodia/Pityodia terrrnifolia 4100.JPG","","","","","","A","book image","PDF page 305; printed page 304; page-object index 2 (zero-based)","567x564","low-resolution fallback","Photograph positioned with the authored species account in the book proof.","B-p305-o2","","B","loose photograph","","5472x3648","gallery option","Species named in the filename; Name spelling, abbreviation or historical combination needs retaining in provenance.","E387-03","378cabf38b39333d987951c6cba56f890269a4b84a3986b25227e6de683cfff5","","","","","","","","","","","","","","","","","","","","","","","","","","","","","","","","","","","","","","","","","1","1","0","Supported loose additions","Longer leaf/flower stem and older-book close white/pink flowers broaden the single current view.","plant-aa321ce5fd0c11b1","4","",""
"Planchonella arnhemica","/Volumes/Crucial X10/HD/# COMPLETE NPNA NEW ED 2026/A. A. PHOTOS AND IMAGES/D. PLANT DESCRIPTIONS GENERA A-Z/PP/Planchonella arnhemica (prev. Pouteria arnhemica)/PICK/EXTRA/Planchonella arnhemica.319.a.JPG","/Volumes/Crucial X10/HD/# COMPLETE NPNA NEW ED 2026/A. A. PHOTOS AND IMAGES/D. PLANT DESCRIPTIONS GENERA A-Z/PP/Planchonella arnhemica (prev. Pouteria arnhemica)/PICK/EXTRA/Planchonella arnhemica.592.b.JPG","/Volumes/Crucial X10/SD/D D D/Denhamia ferdinandi (Synonymy Maytenus ferdinandi), LABEL on WRONG TREE in Palmerson Escarpment Parkland, 31.1.2025/Planchonella arnhemica_1260053.JPG","","","","","A","loose photograph","","2864x2148","gallery option","Species named in the filename.","E388-01","1982a2dfdfdd701f204ff5cde0361d03b1138fb12fb950aedbdfb09fd084f0f8","A","loose photograph","","1675x2234","gallery option","Species named in the filename.","E388-02","6ae2526f3794c4a33eeacab2dcd3fa38445791fc8e6b4f854bba99a83ddb4f26","C","loose photograph","","4000x3000","identification-review lead","Species named in the filename; Source explicitly uncertain or a mixed/incorrectly labelled collection; Byte-identical image also labelled for Denhamia ferdinandi; resolve competing allocation.","E388-07","16d864960eccbac7d9b0f9d126734242e969d907e67c608ff32324333326ac87","","","","","","","","","","","","","","","","","","","","","","","","","","","","","","","","","2","2","0","Supported loose additions","Broader branches and isolated fruit with leaves are modest additions. Candidates 3 and 4 are a reference screenshot and sign, not plant-photo additions. Additional named file shows trunk/whole-tree context with a sign in frame; photograph is useful chiefly for habit/provenance.","plant-bf480f37521fb692","6","",""
"Platyzoma microphyllum","/Volumes/Crucial X10/HD/AA NATIVE PLANTS OF NA 2021/FINAL FULL DRAFT/PROOF Native Plants of N Australia-PDF.pdf","","","","","","","A","book image","PDF page 306; printed page 305; page-object index 2 (zero-based)","566x566","low-resolution fallback","Photograph positioned with the authored species account in the book proof.","B-p306-o2","","","","","","","","","","","","","","","","","","","","","","","","","","","","","","","","","","","","","","","","","","","","","","","","","","1","1","0","Book addition only","Only existing loose copies; older book gives a closer upright-frond view at limited resolution.","plant-f81d79c6868d2eb0","2","",""
"Pleurocarpaea denticulata","/Volumes/Crucial X10/HD/AA NATIVE PLANTS OF NA 2021/FINAL FULL DRAFT/PROOF Native Plants of N Australia-PDF.pdf","/Volumes/Crucial X10/SD/P P P/Pleurocarpaea denticulata/_1230443.JPG","/Volumes/Crucial X10/SD/P P P/Pleurocarpaea denticulata/_1230450.JPG","/Volumes/Crucial X10/SD/P P P/Pleurocarpaea denticulata/_1230439.JPG","","","","A","book image","PDF page 307; printed page 306; page-object index 2 (zero-based)","570x566","low-resolution fallback","Photograph positioned with the authored species account in the book proof.","B-p307-o2","","B","loose photograph","","4000x3000","gallery option","Association through the named source folder or historical-name trail.","E390-04","696a58e5cc0bd2fd8739d081e7a63ee267edc2e94825a9e5c2f7c5ed55db2eb6","B","loose photograph","","4000x3000","gallery option","Association through the named source folder or historical-name trail.","E390-06","452beda0928e6927e1a75d9df6c7c6fe6ac2cc6d97b6735111271b4e0cadfa2d","B","loose photograph","","4000x3000","gallery option","Association through the named source folder or historical-name trail.","E390-09","eac795fe74a1df7baabfd3c1a8e966b109edbb2f08fc602426e9d5fd1e5bc1ff","","","","","","","","","","","","","","","","","","","","","","","","","1","1","0","Supported loose additions","Whole leafy stems and habitat context; older book adds a close flower-head profile. Additional sequence shows young non-flowering foliage.","plant-75d54c0e8feb1b54","4","",""
"Plumbago zeylanica","/Volumes/Crucial X10/SD/# A A COMPLETED/Plumbago zeylanica/SELECT/Plumbago zeylanica.038.a.JPG","/Volumes/Crucial X10/SD/# A A COMPLETED/Plumbago zeylanica/P1020041.JPG","","","","","","A","loose photograph","","1586x1586","gallery option","Species named in the filename.","E391-02","c2650d031e6d7446a63b2897f5249cd1cef6e74876afcfb60c17404f0343e411","B","loose photograph","","4000x3000","gallery option","Association through the named source folder or historical-name trail.","E391-03","5a6235aa5d56014048718aa4ac3b24165e7cda017cbaa6d5fc03c520b86c88c8","","","","","","","","","","","","","","","","","","","","","","","","","","","","","","","","","","","","","","","","","1","1","0","Supported loose additions","Flower/leaf detail and whole low habit complement the existing flower cluster.","plant-f5dd22141432e8b1","11","",""
"Podocarpus grayae","/Volumes/Crucial X10/SD/# A A COMPLETED/Podocarpus grayae PART 6/_1120996 Podocarpus grayae.JPG","/Volumes/Crucial X10/WILDLIFE/Torresian Imperial Pigeon on Podocarpus grayae/SELECT/PICK/Torresian Imperial Pigeon on Pod gray.341.aa.JPG","/Volumes/Crucial X10/SD/1 AA NEW SPECIES TO ADD/#Podocarpus grayae (pics)/SE;ECT/Podocarpus greyii.a.JPG","","","","","A","loose photograph","","4000x3000","gallery option","Species named in the filename.","E392-02","3074fa768fdaa827c14b3f68a19f0e7022006eb3f5279efaf1c144fc84d48326","B","loose photograph","","2625x1969","gallery option","Association through the named source folder or historical-name trail.","E392-05","ee351e75d4c721f191baadbd4f0eed3e195c3609686216b0515af0c34d1ca77c","B","loose photograph","","3160x2370","gallery option","Association through the named source folder or historical-name trail.","E392-09","6a8f9cc97a0aa341ffa96c2201050fc4313d80284e2038ec401dfd0830729510","","","","","","","","","","","","","","","","","","","","","","","","","","","","","","","","","2","2","0","Supported loose additions","Pigeon feeding and greener reproductive stage complement current ripe structures and laid-out fruits. Additional named photograph shows slender pale reproductive structures among narrow leaves.","plant-59b6b73d73855eb7","33","",""
"Polygala orbicularis","/Volumes/Crucial X10/SD/# A A COMPLETED/Polygala orbicularis/SELECT/herb prostrate.044.b.JPG","","","","","","","B","loose photograph","","1197x897","gallery option","Association through the named source folder or historical-name trail.","E393-05","6862fafafec412c6b878167cea1d75937d3d8ca30eede7b19a19d433afde4992","","","","","","","","","","","","","","","","","","","","","","","","","","","","","","","","","","","","","","","","","","","","","","","","","2","2","0","Supported loose additions","Closer individual flower is a modest detail option; most files repeat the existing prostrate plant views.","plant-811da337a3db0d26","7","",""
"Polymeria ambigua","/Volumes/Crucial X10/SD/P P P/Polymeria ambigua CONVOLV LNP 18.12.24/P1210971.JPG","/Volumes/Crucial X10/SD/P P P/Polymeria ambigua CONVOLV LNP 18.12.24/_1280353.JPG","","","","","","B","loose photograph","","4000x3000","gallery option","Association through the named source folder or historical-name trail.","E394-03","ebaa367ff439baa9f445914a3fb04134eb332f36c807f4fd2807a9a3f0c48c54","B","loose photograph","","4000x3000","gallery option","Association through the named source folder or historical-name trail.","E394-06","1f55fdc9149b1ec8b3918c07fee31cc0d30310e37d4f7bea82bee352b3df7afb","","","","","","","","","","","","","","","","","","","","","","","","","","","","","","","","","","","","","","","","","1","1","0","Supported loose additions","Longer runner and whole plant in leaf litter add habit to the existing flowers.","plant-c01eef6acbae6f0a","4","",""
"Pontederia australasica","/Volumes/Crucial X10/HD/AA NATIVE PLANTS OF NA 2021/FINAL FULL DRAFT/PROOF Native Plants of N Australia-PDF.pdf","","","","","","","A","book image","PDF page 308; printed page 307; page-object index 1 (zero-based)","567x383","low-resolution fallback","Photograph positioned with the authored species account in the book proof.","B-p308-o1","","","","","","","","","","","","","","","","","","","","","","","","","","","","","","","","","","","","","","","","","","","","","","","","","","1","1","0","Book addition only","Only existing loose copies; older book offers a wider flowering wetland composition, limited in resolution.","plant-fc4fcf40073a8979","3","",""
"Premna acuminata","/Volumes/Crucial X10/SD/P P P/Premna acuminata/_1130330 Premna acuminata.JPG","/Volumes/Crucial X10/HD/AA NATIVE PLANTS OF NA 2021/FINAL FULL DRAFT/PROOF Native Plants of N Australia-PDF.pdf","/Volumes/Crucial X10/SD/P P P/Premna acuminata/_1260400.JPG","","","","","A","loose photograph","","4000x3000","gallery option","Species named in the filename.","E396-03","89b7bd564446698d4bb6bb9165f83d1b964c708f23900dd6be5a220feb27d31e","A","book image","PDF page 309; printed page 308; page-object index 1 (zero-based)","567x565","low-resolution fallback","Photograph positioned with the authored species account in the book proof.","B-p309-o1","","B","loose photograph","","4000x3000","gallery option","Association through the named source folder or historical-name trail.","E396-07","f047bb32b69c51b2652b8dcae0f2f1b7365816bee8c2d356c911b480c6e42ac3","","","","","","","","","","","","","","","","","","","","","","","","","","","","","","","","","2","2","0","Supported loose additions","Broader flowering leafy branch and older-book dark fruit stage complement current habit and buds. Additional loose photograph has dark ripe fruits and is preferable in resolution to the older-book fruit fallback.","plant-6551d80390fac46e","10","",""
"Premna serratifolia","/Volumes/Crucial X10/SD/# A A A A NPNA 2026 NEW PHOTOS/WILLIE BURGESS Plants of the nt photos/Lamiaceae Clerodendrum Pityodia Vitex Wrightia Callicarpa Gmelina Plectranthus/Premna serriatifolia 159.JPG","","","","","","","B","loose photograph","","5472x3648","gallery option","Species named in the filename; Name spelling, abbreviation or historical combination needs retaining in provenance.","E397-02","7fda55abd88b9b5754ae3e1168853b07adb4a57c313d8f70a264ccc97a7b9164","","","","","","","","","","","","","","","","","","","","","","","","","","","","","","","","","","","","","","","","","","","","","","","","","2","2","0","Supported loose additions","Green reproductive stage and leaves add to the existing dark fruit photographs.","plant-bc7bacb97b081790","3","",""
"Psychotria daphnoides","/Volumes/Crucial X10/SD/# A A COMPLETED/Psychotria daphnoides JRS block 23.4.25/P1030182.JPG","/Volumes/Crucial X10/SD/# A A COMPLETED/Psychotria daphnoides JRS block 23.4.25/P1030227.JPG","","","","","","B","loose photograph","","4864x3648","gallery option","Association through the named source folder or historical-name trail.","E398-03","e650c1bb21b3087bfabbc0c9e023fd5dd09f99b74b3518d12dc082dc210a6d57","B","loose photograph","","4864x3648","gallery option","Association through the named source folder or historical-name trail.","E398-04","d9b078f07d4d89b1d4d07d7c977a0b4bd233c445df602a32a6d38700b26a6ce0","","","","","","","","","","","","","","","","","","","","","","","","","","","","","","","","","","","","","","","","","1","1","0","Supported loose additions","Whole young leafy plant and leaf detail add habit to the single flowering branch.","plant-58491a6211eed75e","7","",""
"Psychotria nesophila","/Volumes/Crucial X10/HD/# COMPLETE NPNA NEW ED 2026/A. A. PHOTOS AND IMAGES/D. PLANT DESCRIPTIONS GENERA A-Z/PP/Psychotria nesophila/PICK/EXTRA/Psychotria nesophila.8433.WB.a.JPG","/Volumes/Crucial X10/SD/# A A A A NPNA 2026 NEW PHOTOS/WILLIE BURGESS Plants of the nt photos/Rubiaceae Aidia Gardenia Coelospermum Cycophyllum Dentella Guettarda Ixora Pavetta PsychotriaTarenna Timonius/Psychotria nesophila 8615.JPG","/Volumes/Crucial X10/SD/# A A A A NPNA 2026 NEW PHOTOS/WILLIE BURGESS Plants of the nt photos/Rubiaceae Aidia Gardenia Coelospermum Cycophyllum Dentella Guettarda Ixora Pavetta PsychotriaTarenna Timonius/Psychotria nesophila 8451.JPG","/Volumes/Crucial X10/SD/# A A A A NPNA 2026 NEW PHOTOS/WILLIE BURGESS Plants of the nt photos/Rubiaceae Aidia Gardenia Coelospermum Cycophyllum Dentella Guettarda Ixora Pavetta PsychotriaTarenna Timonius/psychotria nesophila 8851.JPG","","","","A","loose photograph","","2014x2518","gallery option","Species named in the filename.","E399-02","b821738ba12ad75ac4d5bf8375bcdf37259c2e5f974dd40c52b8066b8165d277","A","loose photograph","","5472x3648","gallery option","Species named in the filename.","E399-04","41aed81f07e52c8c1faa759399f77e4f5ffe5c80acfcc4daaca31935139497e9","A","loose photograph","","5472x3648","gallery option","Species named in the filename.","E399-06","f8e093185788e7ba11398d068f0cca88299e0861aa45595e83cc9b84bedfd824","A","loose photograph","","5472x3648","gallery option","Species named in the filename.","E399-12","ca591aab320f3619e4ccd5d970c481b8efab4290d410671afdbcb162e70a4f82","","","","","","","","","","","","","","","","","","","","","","","","","2","2","0","Supported loose additions","Close flower structure, whole shrub and butterfly interaction broaden the current two views. Additional named photograph shows leaf shape and young growth.","plant-c91e1b1566ec64b8","6","",""
"Ptychosperma macarthurii","/Volumes/Crucial X10/HD/# COMPLETE NPNA NEW ED 2026/A. A. PHOTOS AND IMAGES/D. PLANT DESCRIPTIONS GENERA A-Z/PP/Ptychosperma macarthurii/PICK/EXTRA/Ptychosperma macarthurii.123.a.jpg","/Volumes/Crucial X10/SD/P P P/Ptychosperma macarthurii (prev P. bleeseri) also in Qld Cape York & PNG/SELECT/PICK/Male Figbird on Ptychosperma macathurii.934.a.JPG","/Volumes/Crucial X10/SD/P P P/Ptychosperma macarthurii (prev P. bleeseri) also in Qld Cape York & PNG/Ptychosperma macarthurii in Paul Johns garden 6.4.25/_1280494.JPG","","","","","A","loose photograph","","1617x2157","gallery option","Species named in the filename.","E400-01","4b1969ce6198492f7c6650a28fb12b75e4abd6263fae2d43c0e6cf7ebdf0b806","B","loose photograph","","3924x2943","gallery option","Association through the named source folder or historical-name trail.","E400-04","b381412521bd7cb2aed1c3f8409a85826e52ab1f78eac2e9366c4db24c3094f6","B","loose photograph","","4000x3000","gallery option","Association through the named source folder or historical-name trail.","E400-06","2c9e7717a3d5e5929b45aaaa03e0ee1c26521084a92403acf8c5e80b90005f46","","","","","","","","","","","","","","","","","","","","","","","","","","","","","","","","","2","2","0","Supported loose additions","Tall clustered trunks, figbird interaction and crown/branching context complement current fruit bunches.","plant-47e4e59a3640707e","10","",""
"Rhizophora stylosa","/Volumes/Crucial X10/HD/# COMPLETE NPNA NEW ED 2026/A. A. PHOTOS AND IMAGES/C. HERO SHOTS A-Z/RR/PICK/Rhizophora stylosa stilt roots.tif745.a.jpeg","/Volumes/Crucial X10/SD/# A A A A NPNA 2026 NEW PHOTOS/WILLIE BURGESS Plants of the nt photos/Mangroves november 2025/rhizophora stylosa 342.JPG","/Volumes/Crucial X10/HD/# COMPLETE NPNA NEW ED 2026/A. A. PHOTOS AND IMAGES/D. PLANT DESCRIPTIONS GENERA A-Z/RR/Rhizophora stylosa/PICK/EXTRA/Rhizophora stylosa.1496.GF.JPG","/Volumes/Crucial X10/SD/# A A A A NPNA 2026 NEW PHOTOS/WILLIE BURGESS Plants of the nt photos/Mangroves november 2025/rhizophora stylosa 442.JPG","","","","A","loose photograph","","2413x3016","gallery option","Species named in the filename.","E401-01","fc9bf2a702cbbb5e40e27877215029ce2e8bb17369a9a15ae9a382a6187c4a30","A","loose photograph","","5472x3648","gallery option","Species named in the filename.","E401-05","860f573206a56c498abbe3214d7e013403bfd23ffa9a0a8247d37caf945eda06","A","loose photograph","","5222x5563","gallery option","Species named in the filename.","E401-03","5dabb9c01a7f290177d24158d4a30210b917968082569de6301c57d631ce1baf","A","loose photograph","","5472x3648","gallery option","Species named in the filename.","E401-08","dd70214e8a704f65ce50e032b6ef0c6558cd571daf81cceaa62f7f99f6199d28","","","","","","","","","","","","","","","","","","","","","","","","","2","2","0","Supported loose additions","Tidal-channel mangrove habitat, young shoot and abundant propagules complement current roots and branch detail. Additional named close-up shows flowers and buds.","plant-8b7abafda00d3012","13","",""
"Rhodamnia australis","/Volumes/Crucial X10/HD/# COMPLETE NPNA NEW ED 2026/A. A. PHOTOS AND IMAGES/D. PLANT DESCRIPTIONS GENERA A-Z/RR/Rhodamnia australis (use 2022 fruit shot for 2. image)/PICK/EXTRA/Rhodamnia australis.A.IM.a.jpg","/Volumes/Crucial X10/HD/AA NATIVE PLANTS OF NA 2021/FINAL FULL DRAFT/PROOF Native Plants of N Australia-PDF.pdf","/Volumes/Crucial X10/SD/R R R/Rhodamnia australis JRS block 1.6.25/P1030173.JPG","","","","","A","loose photograph","","2052x2736","gallery option","Species named in the filename.","E402-01","9a312004d07640b533d127085833a63f8c56567e6bbd76ceb1351b38f250d3dd","A","book image","PDF page 313; printed page 312; page-object index 1 (zero-based)","566x389","low-resolution fallback","Photograph positioned with the authored species account in the book proof.","B-p313-o1","","B","loose photograph","","4864x3648","gallery option","Association through the named source folder or historical-name trail.","E402-04","2910bdcf7d84e0e06b54f65fe45cf592eb565abedd72ec6ff755f98d6a56f9fc","","","","","","","","","","","","","","","","","","","","","","","","","","","","","","","","","1","1","0","Supported loose additions","Flower close-up, leaf undersides and older-book fruit stage broaden the single current branch.","plant-3890f7b308bc547b","5","",""
"Santalum album","/Volumes/Crucial X10/SD/# A A A A NPNA 2026 NEW PHOTOS/WILLIE BURGESS Plants of the nt photos/Santalaceae Santalum/Santalum album 6778 (2).JPG","","","","","","","A","loose photograph","","5472x3648","gallery option","Species named in the filename.","E403-03","700bc0e5dbf8db7e099b882aca4dcf4a71c6e33b695a993bfb1a85634407c391","","","","","","","","","","","","","","","","","","","","","","","","","","","","","","","","","","","","","","","","","","","","","","","","","1","1","0","Supported loose additions","Leaf shape and hanging fruit arrangement offer a modest alternative; no clearly new organ in the loose shortlist.","plant-8cfff599dd6d1dcb","6","",""
"Scaevola taccada","/Volumes/Crucial X10/SD/S S S/Scaevola taccada/SE;ECT/Scaevola taccada.(jpg738).a.jpg","/Volumes/Crucial X10/SD/# A A A A NPNA 2026 NEW PHOTOS/WILLIE BURGESS Plants of the nt photos/Goodeniaceae/Scaevola taccada 029 .JPG","","","","","","A","loose photograph","","3734x2800","gallery option","Species named in the filename.","E404-03","506e0bd223237b2cf70e03f111f92554faeb7df7746fcb1980abd42a541aeecc","A","loose photograph","","5472x3648","gallery option","Species named in the filename.","E404-04","c5ca06e55f1c5f950f85e730a36a62a01ab2019abce6a1aedbda43ad042f9343","","","","","","","","","","","","","","","","","","","","","","","","","","","","","","","","","","","","","","","","","3","3","0","Supported loose additions","Coastal habitat and clearer fan-shaped flower detail complement flowers and fruits already present.","plant-d86e9e0c0cfbddfb","10","",""
"Schizaea dichotoma","/Volumes/Crucial X10/HD/AA NATIVE PLANTS OF NA 2021/FINAL FULL DRAFT/PROOF Native Plants of N Australia-PDF.pdf","/Volumes/Crucial X10/SD/S S S/Schizaea dichotoma/20240611_171501.jpg","/Volumes/Crucial X10/SD/S S S/Schizaea dichotoma/20240611_171426.jpg","","","","","A","book image","PDF page 316; printed page 315; page-object index 1 (zero-based)","566x566","low-resolution fallback","Photograph positioned with the authored species account in the book proof.","B-p316-o1","","B","loose photograph","","4032x3024","gallery option","Association through the named source folder or historical-name trail.","E405-02","01b6d5c7cc76121eb1be920689247fcd8a3e5056081899aa01360fd1a8e0dc55","B","loose photograph","","4032x3024","gallery option","Association through the named source folder or historical-name trail.","E405-05","1f38eb6d575866a8c2fcd92cad9cf216b877a8e62053a060f20d407c247e5455","","","","","","","","","","","","","","","","","","","","","","","","","","","","","","","","","2","2","0","Supported loose additions","Patch habit, closer frond structure and older-book older/drier fronds add stages beyond two similar current plants.","plant-ba8fb668d44fdb0f","3","",""
"Semecarpus australiensis","/Volumes/Crucial X10/SD/S S S/Semecarpus australiensis/_1060325 Semecarpus australiensis.JPG","/Volumes/Crucial X10/SD/S S S/Semecarpus australiensis/_1110174 Semecarpus australiensis.JPG","","","","","","A","loose photograph","","4000x3000","gallery option","Species named in the filename.","E406-01","b86f5f90cd4d3c82e531f13489757fc1101fba27c5f279cdd43bc7e85cf93b26","A","loose photograph","","4000x3000","gallery option","Species named in the filename.","E406-02","d90612f709d0dfba7f63b880a01bda0ceb7f8e715fd8540d61dff243dd6569bd","","","","","","","","","","","","","","","","","","","","","","","","","","","","","","","","","","","","","","","","","2","2","0","Supported loose additions","Trunk/bark and flowering branch add missing subjects beyond the existing fruit photographs.","plant-68210af41de21a4c","8","",""
"Senna leptoclada","/Volumes/Crucial X10/HD/# COMPLETE NPNA NEW ED 2026/A. A. PHOTOS AND IMAGES/D. PLANT DESCRIPTIONS GENERA A-Z/SS/Senna leptoclada/PICK/EXTRA/Senna leptoclada.3344.GF.JPG","/Volumes/Crucial X10/HD/AA NATIVE PLANTS OF NA 2021/FINAL FULL DRAFT/PROOF Native Plants of N Australia-PDF.pdf","","","","","","A","loose photograph","","7414x6718","gallery option","Species named in the filename.","E407-01","a8e07a92a1cd5ed88a1cac3f5025e6b6a77c96982484e12617d36ad24b05359b","A","book image","PDF page 317; printed page 316; page-object index 1 (zero-based)","387x571","low-resolution fallback","Photograph positioned with the authored species account in the book proof.","B-p317-o1","","","","","","","","","","","","","","","","","","","","","","","","","","","","","","","","","","","","","","","","","","2","2","0","Supported loose additions","Single-flower detail and older-book whole flowering stem complement current flower/leaf and pods.","plant-2109bd2fd35ae6c2","4","",""
"Senna venusta","/Volumes/Crucial X10/SD/# A A COMPLETED/Senna venusta/P1060258.JPG","/Volumes/Crucial X10/SD/# A A COMPLETED/Senna venusta/P1060250.JPG","/Volumes/Crucial X10/SD/# A A COMPLETED/Senna venusta/P1060318.JPG","","","","","B","loose photograph","","4864x3648","gallery option","Association through the named source folder or historical-name trail.","E408-04","35c8c3ca16c52df37e20690b44356d2556dad813e41f8530e2eab8af2e60b559","B","loose photograph","","4864x3648","gallery option","Association through the named source folder or historical-name trail.","E408-06","3a35c0891b7bfdd1a0fe8b0c33b1a538348723116ce639f5cc0332d7dab07acf","B","loose photograph","","4864x3648","gallery option","Association through the named source folder or historical-name trail.","E408-07","c8ced233e91f2186525185e93d036c1e9fd838b1295a36cca9c296b0b0998fc8","","","","","","","","","","","","","","","","","","","","","","","","","","","","","","","","","2","2","0","Supported loose additions","Leafy flowering stem and whole small plant in rocky habitat broaden current spikes. Additional sequence shows dry opened pods against the sky.","plant-f434247b64bf4e88","5","",""
"Seringia adenolasia","/Volumes/Crucial X10/HD/AA NATIVE PLANTS OF NA 2021/FINAL FULL DRAFT/PROOF Native Plants of N Australia-PDF.pdf","","","","","","","A","book image","PDF page 318; printed page 317; page-object index 2 (zero-based)","567x572","low-resolution fallback","Photograph positioned with the authored species account in the book proof.","B-p318-o2","","","","","","","","","","","","","","","","","","","","","","","","","","","","","","","","","","","","","","","","","","","","","","","","","","2","2","0","Book addition only","Loose option repeats the current flower. Older book adds a longer leafy/reproductive stem.","plant-2927c088c208fc8b","4","",""
"Sersalisia sericea","/Volumes/Crucial X10/SD/S S S/Sersalisia sericea (ex Pouteria sericea, Sapotaceae)/SELECT/Sersalisia sericea frt.046.a.JPG","/Volumes/Crucial X10/SD/# A A A A NPNA 2026 NEW PHOTOS/WILLIE BURGESS Plants of the nt photos/Sapotaceae Mimusops SERSALISIA/Sersalisia sericea  8402.JPG","/Volumes/Crucial X10/SD/S S S/Sersalisia sericea (ex Pouteria sericea, Sapotaceae)/P1000278.JPG","","","","","A","loose photograph","","2186x1639","gallery option","Species named in the filename.","E410-02","c88982a3b79ac4dbef8d4bd4aa28711b1955a310d1ad9c4eaa4bad8cc746d041","A","loose photograph","","5472x3648","gallery option","Species named in the filename.","E410-03","d911042020c1f2b0fc3573fe7107966d063b5204842d21275a4a648aa936e142","B","loose photograph","","4000x3000","gallery option","Association through the named source folder or historical-name trail.","E410-08","88766318094ab4988d236acddd3d13e5b58f4df2864a38f3e0c6b53c842554da","","","","","","","","","","","","","","","","","","","","","","","","","","","","","","","","","2","2","0","Supported loose additions","Exposed seeds and whole shrub add distinct subjects beyond current dark fruits. Additional sequence includes small flower structures among young leaves.","plant-fa82b2a688b0755c","9","",""
"Sesbania cannabina","/Volumes/Crucial X10/SD/# A A COMPLETED/Sesbania cannabina/Sesbania cannabina Photos from GF/IMG_0798 Sesbania cannabina.JPG","/Volumes/Crucial X10/SD/# A A COMPLETED/Sesbania cannabina/Sesbania cannabina Photos from GF/IMG_3074 Sesbania cannabina.JPG","/Volumes/Crucial X10/SD/# A A COMPLETED/Sesbania cannabina/Sesbania cannabina Photos from GF/IMG_7975 Sesbania cannabina.JPG","/Volumes/Crucial X10/SD/# A A COMPLETED/Sesbania cannabina/Sesbania cannabina Photos from GF/IMG_5980 Sesbania cannabina.JPG","","","","A","loose photograph","","4417x6955","gallery option","Species named in the filename.","E411-01","6be440c53452fd4ba483845695598809fcf796082cded366412ed9bd7132b41b","A","loose photograph","","7195x9094","gallery option","Species named in the filename.","E411-02","6e911ba3fc5f8cf384a5bd3cd53d3b756e47bc7132c8ff4202d9adb04d5faf68","A","loose photograph","","7007x5717","gallery option","Species named in the filename.","E411-03","70f708faa7bf7fecb601512a3a5f71f8b6d348b0016f5437ffb12f31c8482f05","A","loose photograph","","3635x2677","gallery option","Species named in the filename.","E411-04","d18e5922eb2614893292374c47c33a8683eea9392e91aec95847a4214af0c950","","","","","","","","","","","","","","","","","","","","","","","","","1","1","0","Supported loose additions","Compound-leaf detail, close flowers, long pods and a wetland stand are four complementary subjects.","plant-1983d389fabaa2c4","8","",""
"Sesbania formosa","/Volumes/Crucial X10/SD/S S S/Sesbania formosa/SELECT/Grey Goshawk perched on fruiting Sesbania formosa.559.a.JPG","/Volumes/Crucial X10/HD/AA NATIVE PLANTS OF NA 2021/FINAL FULL DRAFT/PROOF Native Plants of N Australia-PDF.pdf","","","","","","A","loose photograph","","3053x2290","gallery option","Species named in the filename.","E412-02","aa8b1d63cbb1b354add8bd912170decadfe8e65e21a012d559aa7bce04171ec1","A","book image","PDF page 319; printed page 318; page-object index 2 (zero-based)","567x571","low-resolution fallback","Photograph positioned with the authored species account in the book proof.","B-p319-o2","","","","","","","","","","","","","","","","","","","","","","","","","","","","","","","","","","","","","","","","","","2","2","0","Supported loose additions","Goshawk with hanging pods adds ecology/reproductive context; older book isolates the long hanging flowering stem.","plant-ab745bb991707b47","18","",""
"Sesbania muelleri","/Volumes/Crucial X10/SD/S S S/Sesbania muelleri (prev S. benthamiana)/Sesbania muelleri  (prev S. benthamiana) 1 Timber Ck IM.jpg","/Volumes/Crucial X10/HD/AA NATIVE PLANTS OF NA 2021/FINAL FULL DRAFT/PROOF Native Plants of N Australia-PDF.pdf","","","","","","A","loose photograph","","2448x3264","gallery option","Species named in the filename.","E413-01","ddce83b07e6963162a3340fa27aebdf46cee8b757b580326fa7ac1fd7af74d46","A","book image","PDF page 319; printed page 318; page-object index 1 (zero-based)","567x569","low-resolution fallback","Photograph positioned with the authored species account in the book proof.","B-p319-o1","","","","","","","","","","","","","","","","","","","","","","","","","","","","","","","","","","","","","","","","","","2","2","0","Supported loose additions","Isolated flowering stem and older-book closer yellow flowers add detail, though loose option is a modest alternative.","plant-44fa86b6c29dbb0f","3","",""
"Sesuvium portulacastrum","/Volumes/Crucial X10/HD/AA NATIVE PLANTS OF NA 2021/FINAL FULL DRAFT/PROOF Native Plants of N Australia-PDF.pdf","/Volumes/Crucial X10/SD/S S S/Sesuvium portulacastrum/SELECT/_1260152#.JPG","","","","","","A","book image","PDF page 320; printed page 319; page-object index 2 (zero-based)","567x568","low-resolution fallback","Photograph positioned with the authored species account in the book proof.","B-p320-o2","","B","loose photograph","","4000x3000","gallery option","Association through the named source folder or historical-name trail.","E414-05","e11c6695ec7d8e39d961c32d4683aa5dbfcc3238092962ef6391b33529e04362","","","","","","","","","","","","","","","","","","","","","","","","","","","","","","","","","","","","","","","","","1","1","0","Supported loose additions","Broader creeping stems and older-book isolated leaf/flower composition complement current close growth.","plant-4f357d46f3820a23","6","",""
"Smilax australis","/Volumes/Crucial X10/SD/S S S/Smilax australis/SELECT/Smilax australis fruit.a.JPG","/Volumes/Crucial X10/SD/# A A A A NPNA 2026 NEW PHOTOS/WILLIE BURGESS Plants of the nt photos/Smilacaceae/Smilax Australis 176.JPG","/Volumes/Crucial X10/SD/S S S/Smilax australis/_1250436.JPG","","","","","A","loose photograph","","2362x1771","gallery option","Species named in the filename.","E415-01","91276214231b280f6c8200ce8e2ab20992674cf50e7c4ecc4b1aa3bc4e10849d","A","loose photograph","","5472x3648","gallery option","Species named in the filename.","E415-04","b2c43694aa91b9398161386c172db9482bc9e75b34702fae259e714dfebc017e","B","loose photograph","","4000x3000","gallery option","Association through the named source folder or historical-name trail.","E415-10","be510ea3b6d83ee9222e2fbfee77fa9860e19ada8f1bf228af949c094a539ed4","","","","","","","","","","","","","","","","","","","","","","","","","","","","","","","","","2","2","0","Supported loose additions","Dark mature fruits and pale earlier reproductive cluster add stages beyond current green foliage. Additional sequence has a clear small flower head.","plant-36c0c547401a4609","9","",""
"Sonneratia alba","/Volumes/Crucial X10/SD/# A A A A NPNA 2026 NEW PHOTOS/SONNERATIA ALBA @ DR GULLY 23.4.2026/SELECT/Sonneratia alba.0619.a.jpg","/Volumes/Crucial X10/HD/# COMPLETE NPNA NEW ED 2026/A. A. PHOTOS AND IMAGES/D. PLANT DESCRIPTIONS GENERA A-Z/SS/Sonneratia alba/PICK/EXTRA/Sonneratia alba.837.a.JPG","/Volumes/Crucial X10/HD/# COMPLETE NPNA NEW ED 2026/A. A. PHOTOS AND IMAGES/D. PLANT DESCRIPTIONS GENERA A-Z/SS/Sonneratia alba/PICK/EXTRA/Sonneratia alba fruit.098.a.JPG","/Volumes/Crucial X10/SD/# A A A A NPNA 2026 NEW PHOTOS/DARWIN EXCURSION 29.3.2026/SELECT/Sonneratia alba.769.a.JPG","","","","A","loose photograph","","3999x2249","gallery option","Species named in the filename.","E416-04","f0a6f052ac60329bdf0b2a04c9d7e70d400b1d9018e7479ca11796e2bdcd784a","A","loose photograph","","1798x2397","gallery option","Species named in the filename.","E416-05","9ce37d0b6590ae8cff817d8047f22244b9bfea9fbd5598a7c7abd085becdbbb1","A","loose photograph","","3144x2358","gallery option","Species named in the filename.","E416-01","cdd00d0b0e2d7836ec88456f8e6d12d106fcdf19ba29df878d7503a3cfefd51f","A","loose photograph","","4864x3648","gallery option","Species named in the filename.","E416-07","a5ad5ba15ea139e94990d0a2e45463d44d8a5c28dc7dc7d0108329580abf8464","","","","","","","","","","","","","","","","","","","","","","","","","3","3","0","Supported loose additions","Whole mangrove habitat, clear flower profile and face-on fruit complement the existing flower, moth and hanging fruit. Additional named photograph shows the trunk standing in tidal water.","plant-1e5b6aa9958a0d6f","20","",""
"Sophora longipes","/Volumes/Crucial X10/SD/# A A COMPLETED/Sophora longipes/SELECT/_1150937##.JPG","","","","","","","B","loose photograph","","4000x3000","gallery option","Association through the named source folder or historical-name trail.","E417-02","8b2ee5728118a7291f79d8131fc417ec599cbc8c30825749363cdd77c3ee3c4d","","","","","","","","","","","","","","","","","","","","","","","","","","","","","","","","","","","","","","","","","","","","","","","","","2","2","0","Supported loose additions","Broader low habit adds context to the two flowering branch photographs.","plant-d8dc5d4e23ea92ac","10","",""
"Sophora tomentosa","/Volumes/Crucial X10/HD/# COMPLETE NPNA NEW ED 2026/A. A. PHOTOS AND IMAGES/D. PLANT DESCRIPTIONS GENERA A-Z/SS/Sophora tomentosa (N)/PICK/EXTRA/Sophora tomentosa.428.a.JPG","/Volumes/Crucial X10/SD/# A A A A NPNA 2026 NEW PHOTOS/WILLIE BURGESS Plants of the nt photos/16 2 26 Grevillea Hibbertia complanta fabaceae Lee rubra/Sophora tomentosa 69.JPG","/Volumes/Crucial X10/SD/# A A A A NPNA 2026 NEW PHOTOS/WILLIE BURGESS Plants of the nt photos/Fabaceae Acacia Erythrina Jacksonia Albizia Bossiaea Caseapinia Cathormion Erythrophleum Jacksonia Millettia Mucuna Senna Sesbania  Sophora Tamarindus/Sophora/Sophora tomentosa 270 (2).JPG","","","","","A","loose photograph","","1716x2288","gallery option","Species named in the filename.","E418-01","c7931c42fc0fa8ca89520ab94eaef997495389c80599444a19c28940a4aea659","A","loose photograph","","5472x3648","gallery option","Species named in the filename.","E418-03","53cadba0768f82c071d1485cf25c8b2683692d76c448ee14966991ded6ce55c5","A","loose photograph","","5472x3648","gallery option","Species named in the filename.","E418-04","abb39de3f2428ce7284595ebc85208914793e6c1b068cd22b757ff90673c7fb1","","","","","","","","","","","","","","","","","","","","","","","","","","","","","","","","","1","1","0","Supported loose additions","Leaf texture/underside, whole flowering habit and close flower structure broaden the single existing view.","plant-91d04e67051e7e1c","11","",""
"Sowerbaea alliacea","/Volumes/Crucial X10/SD/# A A COMPLETED/Sowerbaea alliacea/Select/_1260888#.JPG","","","","","","","B","loose photograph","","4000x3000","gallery option","Association through the named source folder or historical-name trail.","E419-03","f10c0cff632efa27c143e16216b98826756c0b3d3137a91f7c29f0e37d9ea410","","","","","","","","","","","","","","","","","","","","","","","","","","","","","","","","","","","","","","","","","","","","","","","","","2","2","0","Supported loose additions","Full slender stem in grassy habitat adds scale; most loose options repeat flower heads.","plant-cbb316719e462478","14","",""
"Stemodia lythrifolia","/Volumes/Crucial X10/HD/AA NATIVE PLANTS OF NA 2021/FINAL FULL DRAFT/PROOF Native Plants of N Australia-PDF.pdf","","","","","","","A","book image","PDF page 322; printed page 321; page-object index 2 (zero-based)","566x567","low-resolution fallback","Photograph positioned with the authored species account in the book proof.","B-p322-o2","","","","","","","","","","","","","","","","","","","","","","","","","","","","","","","","","","","","","","","","","","","","","","","","","","1","1","0","Book addition only","Loose option repeats current photograph and is only probably identified. Older authored book shows a longer flowering stem.","plant-5dc3e91fbe8ac5e1","3","",""
"Stenocarpus acacioides","/Volumes/Crucial X10/SD/S S S/Stenocarpus acacioides NB twirling seeds ref WB/SELECT/PICK/GO/Stenocarpus acacioides.tif849.jpg","/Volumes/Crucial X10/SD/S S S/Stenocarpus acacioides NB twirling seeds ref WB/SELECT/PICK/GO/Stenocarpus acacioides.820.a.JPG","/Volumes/Crucial X10/SD/# A A A A NPNA 2026 NEW PHOTOS/WILLIE BURGESS Plants of the nt photos/Proteaceae Grevillea Persoonia Stenocarpus/Stenocarpus acacioides 08061.JPG","","","","","A","loose photograph","","2135x1601","gallery option","Species named in the filename.","E421-02","2aa2b611d0f504b7d21de76957c3adb0df2d0dbf559b3f4f65b09e40ff74d129","A","loose photograph","","3116x2337","gallery option","Species named in the filename.","E421-03","9c267f20bb685926501941c4fc5c5bf9d484a901d6f3e5457efa375af5bb66d7","A","loose photograph","","5472x3648","gallery option","Species named in the filename.","E421-07","27794817deb33fcbc299909098b473ac2692055d8579587011c5c6810071b53b","","","","","","","","","","","","","","","","","","","","","","","","","","","","","","","","","3","3","0","Supported loose additions","Earlier flower-head stage and broader leafy branch complement current open flowers and dry pods. Additional named file shows opened pods and released winged seeds.","plant-1e24d684f493188f","14","",""
"Stenochlaena palustris","/Volumes/Crucial X10/SD/S S S/Stenochlaena palustris/_1110971 Stenochlaena palustris.JPG","/Volumes/Crucial X10/SD/S S S/Stenochlaena palustris/P1000939.JPG","/Volumes/Crucial X10/SD/S S S/Stenochlaena palustris/P1000945.JPG","","","","","A","loose photograph","","4000x3000","gallery option","Species named in the filename.","E422-01","a701cfa08b7b1561b5bdd174310c39ed662d384912261e3840de4b5cca15ea27","B","loose photograph","","4000x3000","gallery option","Association through the named source folder or historical-name trail.","E422-03","67ac59ad06e2dfaf390c84a1f7e742b90ab52268323c300d5d3a38e6a0b4a8f7","B","loose photograph","","4000x3000","gallery option","Association through the named source folder or historical-name trail.","E422-04","bc247dbd0352b4acc35399f8596ee0655057f3d5e8e25f2a464a30a458cb4b42","","","","","","","","","","","","","","","","","","","","","","","","","","","","","","","","","2","2","0","Supported loose additions","Older/fertile-looking fronds, bronze young frond and close young tips broaden two green climbing-fern views.","plant-6bd2f10364ef8550","3","",""
"Stenostegia congesta","/Volumes/Crucial X10/SD/# A A COMPLETED/Stenostegia congesta/_1120235.JPG","","","","","","","B","loose photograph","","4000x3000","gallery option","Association through the named source folder or historical-name trail.","E423-02","8a2df7384a9cb1a5d292269b18db62bf440521d05865528df07fa08da32ef896","","","","","","","","","","","","","","","","","","","","","","","","","","","","","","","","","","","","","","","","","","","","","","","","","2","1","1","Supported loose additions","Current gallery is one plant photograph plus a map. Wider shrub habit is the useful addition; flower alternatives mostly repeat the current subject.","plant-14e484cd38fd269e","9","",""
"Sterculia holtzei","/Volumes/Crucial X10/HD/# COMPLETE NPNA NEW ED 2026/A. A. PHOTOS AND IMAGES/B. PLANT COMMUNITIES/E. MONSOON RAINFOREST/PICK/EXTRA/Sterculia holtzei buttress trunk.3827.jpg","/Volumes/Crucial X10/SD/# A A A A NPNA 2026 NEW PHOTOS/WILLIE BURGESS Plants of the nt photos/Malvaceae Brachychiton Helicteres Hibiscus sterculia Thespesia Abelmoschus Abutilon Adansonia Gossypium Urena/Sterculia/Sterculia holtzei 210.JPG","/Volumes/Crucial X10/SD/S S S/Sterculia holtzei/P1200302.JPG","/Volumes/Crucial X10/SD/S S S/Sterculia holtzei/P1220504.JPG","","","","A","loose photograph","","4000x3000","gallery option","Species named in the filename.","E424-01","1198c169829edf24945a373819a8100019eac16dea5b15f40148e7d1b5b91985","A","loose photograph","","3936x2624","gallery option","Species named in the filename.","E424-04","3d5a2221bf38df9fe5bdf7b74ab82e3acb29a8475659fa657e5c6e6efadb239e","B","loose photograph","","4000x3000","gallery option","Association through the named source folder or historical-name trail.","E424-05","91834dcd0d381ef56e93b5b9489390b9e78a844909377dac06c123135673e148","B","loose photograph","","4000x3000","gallery option","Association through the named source folder or historical-name trail.","E424-09","21e471cdfc19d4b967d8f704a9be33448d100ae77b8f281883e888bd422a25ed","","","","","","","","","","","","","","","","","","","","","","","","","2","2","0","Supported loose additions","Buttressed trunk, woodland habit and closer flower buds complement existing opened fruits and leafy branch. Additional sequence shows root/buttress architecture.","plant-bb72f62f83151702","10","",""
"Sterculia quadrifida","/Volumes/Crucial X10/SD/# A A A A NPNA 2026 NEW PHOTOS/1 1 1 1 1 BOT GDNS 10.9.2026/Sterculia quadrifida/BUGS JOINED on Sterculia quadrida/SELECT/Orange Bugs on Sterculia quadrifida.242.a.jpg","/Volumes/Crucial X10/SD/# A A A A NPNA 2026 NEW PHOTOS/1 1 1 1 1 BOT GDNS 10.9.2026/Sterculia quadrifida/SELECT/Sterculia quadrifida.295.a.jpg","/Volumes/Crucial X10/HD/AA NATIVE PLANTS OF NA 2021/FINAL FULL DRAFT/PROOF Native Plants of N Australia-PDF.pdf","","","","","A","loose photograph","","2624x1968","gallery option","Species named in the filename.","E425-06","ed6bffff97d5a9a8bf5453be84a0029fc3fbb486a5ec819c304a9bb294b9da5e","A","loose photograph","","3894x2920","gallery option","Species named in the filename.","E425-09","d9d6548c6dbc3fa3067509a4010c7946a8cb2ed07ca3166f6e26cae0b5d19a96","A","book image","PDF page 324; printed page 323; page-object index 2 (zero-based)","567x568","low-resolution fallback","Photograph positioned with the authored species account in the book proof.","B-p324-o2","","","","","","","","","","","","","","","","","","","","","","","","","","","","","","","","","","3","3","0","Supported loose additions","Insects on fruit add ecology; older-book whole mature tree supplies the more useful habit view. Additional named file shows older pale opened pods retaining dark seeds.","plant-e55ab671b4ed5e51","22","",""
"Strychnos lucida","/Volumes/Crucial X10/HD/# COMPLETE NPNA NEW ED 2026/A. A. PHOTOS AND IMAGES/D. PLANT DESCRIPTIONS GENERA A-Z/SS/Strychnos lucida/PICK/EXTRA/Strychnos lucida.002.a.JPG","/Volumes/Crucial X10/HD/# COMPLETE NPNA NEW ED 2026/A. A. PHOTOS AND IMAGES/D. PLANT DESCRIPTIONS GENERA A-Z/SS/Strychnos lucida/PICK/EXTRA/Strychnos lucida.8609.WB.a.JPG","","","","","","A","loose photograph","","2631x1973","gallery option","Species named in the filename.","E426-01","07373bc9c81c18503f0ecbe92903774fe671909afe0ed1b80ed54a8c29cff074","A","loose photograph","","3214x2411","gallery option","Species named in the filename.","E426-03","1e6b108e1fd7a8566c947e5067e4896b243a546b5837982b8c8d240a4ab91d4a","","","","","","","","","","","","","","","","","","","","","","","","","","","","","","","","","","","","","","","","","2","2","0","Supported loose additions","Darker fruit stage and open flower detail complement orange fruit and buds already shown.","plant-98e4a8c8bbcb8714","8","",""
"Suregada glomerulata","/Volumes/Crucial X10/HD/# COMPLETE NPNA NEW ED 2026/A. A. PHOTOS AND IMAGES/D. PLANT DESCRIPTIONS GENERA A-Z/SS/Suregada glomerulata (N)/PICK/EXTRA/2.1 Suregada glomerulata female flwrs.96.WB.a.JPG","/Volumes/Crucial X10/SD/# A A A A NPNA 2026 NEW PHOTOS/WILLIE BURGESS Plants of the nt photos/Phyllanthaceae Antideama Endospermum Glocidon Macaranga Mallotus Margaritaria Surgada/suregada glomerulata 918.JPG","","","","","","A","loose photograph","","3063x2297","gallery option","Species named in the filename.","E427-02","1bb91347266f533f6fcf0deddf6445ccb8fb12f369d058571508a55dba2a9388","A","loose photograph","","5472x3648","gallery option","Species named in the filename.","E427-04","81ed412e7dd80ef0681ef3901fa0f297264aaea5f97c0a77986172d3ae18f1e9","","","","","","","","","","","","","","","","","","","","","","","","","","","","","","","","","","","","","","","","","2","2","0","Supported loose additions","Close flowers and red opened fruit/seed add detail beyond current broad flower and orange fruit views.","plant-9b2c825af5a99246","14","",""
"Syzygium angophoroides","/Volumes/Crucial X10/SD/HABITATS/GREENANT CREEK & TJAETABA FALLS LNP/SELECT/PICK/Tjaetaba Falls & Syzygium angophoroides.808.a.jpg","/Volumes/Crucial X10/HD/# COMPLETE NPNA NEW ED 2026/A. A. PHOTOS AND IMAGES/D. PLANT DESCRIPTIONS GENERA A-Z/SS/Syzygium angophoroides/PICK/EXTRA/Syzygium angophoroides.127.a.JPG","/Volumes/Crucial X10/WILDLIFE/Praying Mantis/SELECT/Praying Mantis on Syzygium angophoroides flowers.jpg246.a.JPG","","","","","A","loose photograph","","4000x3000","gallery option","Species named in the filename.","E428-01","59c69488ada699d5d347ae8babf94842b161dca9e34602351ba862828349afd7","A","loose photograph","","1601x1201","gallery option","Species named in the filename.","E428-02","688b25430acc31ae0130057dd80f89bf7ce760b069e269ddd1510f910d602663","A","loose photograph","","1551x1929","gallery option","Species named in the filename.","E428-06","515ecc7856015c35c4e5122679c2dedb60d9c17d932431d64ec9f13064344d0f","","","","","","","","","","","","","","","","","","","","","","","","","","","","","","","","","2","2","0","Supported loose additions","Stream habitat, closer flower stage and mantis interaction complement current flowers and dark fruit.","plant-6a26b5bc13f56267","10","",""
"Syzygium armstrongii","/Volumes/Crucial X10/SD/S S S/Syzygium armstrongii/SELECT/Syzygium armstrongii Duke St RF.658.b.jpg","/Volumes/Crucial X10/SD/S S S/Syzygium armstrongii/_1130415 Syzygium armstrongii.JPG","/Volumes/Crucial X10/HD/AA NATIVE PLANTS OF NA 2021/FINAL FULL DRAFT/PROOF Native Plants of N Australia-PDF.pdf","","","","","A","loose photograph","","2320x3093","gallery option","Species named in the filename.","E429-06","0e1e5163ed658b983cc3d9aabee93daed35441e70eb071bddda43b00c6237ec2","A","loose photograph","","4000x3000","gallery option","Species named in the filename.","E429-07","f9c6aca09442c76684c3d29e28b6b7ec1ad59fee8c221974b615db8936875c41","A","book image","PDF page 326; printed page 325; page-object index 1 (zero-based)","393x572","low-resolution fallback","Photograph positioned with the authored species account in the book proof.","B-p326-o1","","","","","","","","","","","","","","","","","","","","","","","","","","","","","","","","","","2","2","0","Supported loose additions","Trunk/bark and older-book whole tree complement flower/fruit close-ups. Additional named photograph shows the buttressed trunk base.","plant-edd1b355464f2000","14","",""
"Syzygium eucalyptoides subsp. eucalyptoides","/Volumes/Crucial X10/SD/# A A A A NPNA 2026 NEW PHOTOS/WILLIE BURGESS Plants of the nt photos/Myrtacea/Syzygium/Syzyguim eucalyptoides ssp eucalyptoides  6119.JPG","","","","","","","B","loose photograph","","5472x3648","gallery option","Species named in the filename; Name spelling, abbreviation or historical combination needs retaining in provenance; Full subspecies/variety not established: retain the source species-level caption.","E430-04","879ec7cf426aeafe6c2e6b89b71f2b243bef6aaaf1b60ab485449225f2a7531a","","","","","","","","","","","","","","","","","","","","","","","","","","","","","","","","","","","","","","","","","","","","","","","","","3","3","0","Supported loose additions","Pink fruit stage and whole habitat/tree view are useful additions. Species-only source labels do not establish the subspecies. Excluded Syzygium eucalyptoidrs spp blesseri 8909.JPG: despite spelling errors it explicitly names the other subspecies, bleeseri; it cannot serve as a species-only image for this autonym account.","plant-653b6029c940b471","28","",""
"Syzygium fibrosum","/Volumes/Crucial X10/SD/S S S/Syzygium fibrosum, 12.5.25, 22.5.25 & 23.5.25/SELECT/GO/Syzygium fibrosum 1 Riyala IM.jpg","/Volumes/Crucial X10/HD/AA NATIVE PLANTS OF NA 2021/FINAL FULL DRAFT/PROOF Native Plants of N Australia-PDF.pdf","","","","","","A","loose photograph","","3648x2736","gallery option","Species named in the filename.","E431-02","def6b96277e653d637c4974f3363ce2ee303a38668c5dc3d59f73bc4f51b8740","A","book image","PDF page 328; printed page 327; page-object index 1 (zero-based)","387x571","low-resolution fallback","Photograph positioned with the authored species account in the book proof.","B-p328-o1","","","","","","","","","","","","","","","","","","","","","","","","","","","","","","","","","","","","","","","","","","2","2","0","Supported loose additions","Earlier flower/bud stage and older-book broad leaf/fruit view add context to current flowers and red fruits.","plant-af70473bcfd0e380","9","",""
"Syzygium forte subsp. potamophilum","/Volumes/Crucial X10/SD/S S S/Syzygium forte/P1010887.JPG","/Volumes/Crucial X10/SD/S S S/Syzygium forte/P1070754.JPG","/Volumes/Crucial X10/SD/S S S/Syzygium forte/P1210466.JPG","","","","","B","loose photograph","","4864x3648","gallery option","Association through the named source folder or historical-name trail; Full subspecies/variety not established: retain the source species-level caption.","E432-01","9b5b1dc60ec47b02e1c9d836fc24d2cbce6fea8ac9663adf1ba9904ddc676f11","B","loose photograph","","4864x3648","gallery option","Association through the named source folder or historical-name trail; Full subspecies/variety not established: retain the source species-level caption.","E432-05","6baf40a2cd5b949b6babb91f5696fdc7035b70b2bcc1fb05a0641a2a4abc3c7c","B","loose photograph","","4000x3000","gallery option","Association through the named source folder or historical-name trail; Full subspecies/variety not established: retain the source species-level caption.","E432-12","c22ab73aa9bcd10b1bda6109bb06f9cef4fff9ad6b6c261617769dc7f787a964","","","","","","","","","","","","","","","","","","","","","","","","","","","","","","","","","3","3","0","Supported loose additions","Bark and broad pale-fruit bunch are useful additions; species-only folders do not establish the subspecies. Additional sequence includes fallen pale fruits; species-level association only.","plant-95e0bc08960c5d79","8","",""
"Syzygium hemilamprum subsp. hemilamprum","/Volumes/Crucial X10/SD/S S S/Syzygium hemilamprum/_1120354 Syzygium hemilamprum.JPG","","","","","","","B","loose photograph","","4000x3000","gallery option","Species named in the filename; Full subspecies/variety not established: retain the source species-level caption.","E433-03","d025952359062159c25bae756570288f14efe923bb89ba7d2168b735fd885d7c","","","","","","","","","","","","","","","","","","","","","","","","","","","","","","","","","","","","","","","","","","","","","","","","","3","3","0","Supported loose additions","Wider leafy flowering growth offers modest habit context; current gallery already covers fruit and flowers well. Species-only labels do not verify the subspecies.","plant-314b41765ebd7649","7","",""
"Syzygium minutuliflorum","/Volumes/Crucial X10/HD/# COMPLETE NPNA NEW ED 2026/A. A. PHOTOS AND IMAGES/C. HERO SHOTS A-Z/SS/PICK/EXTRA/Blue-banded Bee eating nectar of Syzygium minutiflorum.887.a.JPG","/Volumes/Crucial X10/SD/S S S/Syzygium minutiflorum/_1110631 Syzyg minutiflorum.JPG","/Volumes/Crucial X10/SD/S S S/Syzygium minutiflorum/_1100220.JPG","","","","","B","loose photograph","","1921x1441","gallery option","Species named in the filename; Name spelling, abbreviation or historical combination needs retaining in provenance.","E434-03","529612a35f7e31978eb043b9da9504396e5b0bb2606dfc7b1eb71082356a8c9b","B","loose photograph","","4000x3000","gallery option","Association through the named source folder or historical-name trail; Name spelling, abbreviation or historical combination needs retaining in provenance.","E434-06","bebf657d62a4665e35c3686b12c40caa02e49420233de67556a5327a93090e7f","B","loose photograph","","4000x3000","gallery option","Association through the named source folder or historical-name trail; Name spelling, abbreviation or historical combination needs retaining in provenance.","E434-09","d07326808e149c4e4f356ec063042be2b5dd1712a6d97871492ecc739a7d156f","","","","","","","","","","","","","","","","","","","","","","","","","","","","","","","","","2","2","0","Supported loose additions","Bee at flowers and low leafy habit complement current white fruits and buds. Additional sequence has close bark texture.","plant-b0947002e6a74f04","12","",""
"Syzygium nervosum","/Volumes/Crucial X10/HD/# COMPLETE NPNA NEW ED 2026/A. A. PHOTOS AND IMAGES/D. PLANT DESCRIPTIONS GENERA A-Z/SS/Syzygium nervosum (also use 2022 fruit shot as second image 2. )/PICK/EXTRA/Syzygium nervosum.215.b.JPG","/Volumes/Crucial X10/HD/AA NATIVE PLANTS OF NA 2021/FINAL FULL DRAFT/PROOF Native Plants of N Australia-PDF.pdf","/Volumes/Crucial X10/SD/S S S/Syzygium nervosum/P1220599.JPG","","","","","A","loose photograph","","1538x2050","gallery option","Species named in the filename.","E435-03","e4c7a5a73de4d5358de31441116452f0bffe283568463ad235c97811e7960a71","A","book image","PDF page 330; printed page 329; page-object index 2 (zero-based)","566x570","low-resolution fallback","Photograph positioned with the authored species account in the book proof.","B-p330-o2","","B","loose photograph","","4000x3000","gallery option","Association through the named source folder or historical-name trail.","E435-11","e7e2433d409cb3ae9573acd3c4cf3b014acf7839fc4072edb47f8aa0c9104647","","","","","","","","","","","","","","","","","","","","","","","","","","","","","","","","","2","2","0","Supported loose additions","Closer open flower clusters and older-book dark fruit inset broaden the existing branch and trunk. Additional sequence shows striking buttress/root architecture.","plant-b2a6edca86773cfc","8","",""
"Syzygium suborbiculare","/Volumes/Crucial X10/SD/S S S/Syzygium suborbiculare/SELECT/PICK/Syzygium suborbiculare.(raw064).1.JPG","/Volumes/Crucial X10/SD/S S S/Syzygium suborbiculare/Syzygium suborbiculare Pinyama Beach Form Bot Gdns/_1100428 Syzygium suborbiculare var w non shiny leaves & white fruits.JPG","","","","","","A","loose photograph","","2069x2758","gallery option","Species named in the filename.","E436-05","c857bc68468495125d0af8015b63b94fab780cc0be343300a3e58f11313e525c","A","loose photograph","","4000x3000","gallery option","Species named in the filename.","E436-10","153e5e5bfd929f7f528d14cc8f4f6981e892762cb75912ec8d6960a8c466b57d","","","","","","","","","","","","","","","","","","","","","","","","","","","","","","","","","","","","","","","","","2","2","0","Supported loose additions","Flower/bud grouping offers a modest alternative; most candidates repeat current red fruit. Candidate 6 is a plant label. Additional named photograph clearly shows rounded leaf shape.","plant-d6b9607f3e356ecb","14","",""
"Tabernaemontana orientalis","/Volumes/Crucial X10/SD/T T T/Tabernaemontana orientalis/_1100587 Tabernaemontana orientalis.JPG","/Volumes/Crucial X10/SD/# A A A A NPNA 2026 NEW PHOTOS/DARWIN EXCURSION 29.3.2026/SELECT/Tabernaemontana orietalis.647.a.JPG","","","","","","A","loose photograph","","4000x3000","gallery option","Species named in the filename.","E437-04","76a34de1a5eeeccdf85b0d9b6529a7fdff15285011c1f9fd6d615ec7e4a06350","B","loose photograph","","3573x2680","gallery option","Species named in the filename; Name spelling, abbreviation or historical combination needs retaining in provenance.","E437-11","84fedd4842b8365bc2066cb61f60f57b0c31ebb89d704c928e08387087f884aa","","","","","","","","","","","","","","","","","","","","","","","","","","","","","","","","","","","","","","","","","3","3","0","Supported loose additions","Whole flowering shrub is the useful addition; most other options repeat flowers and opened fruits already shown. Additional image shows a redder opened-fruit stage.","plant-a0367269edd677a1","8","",""
"Tacca leontopetaloides","/Volumes/Crucial X10/SD/# A A A A NPNA 2026 NEW PHOTOS/WILLIE BURGESS Plants of the nt photos/Taccaceae Tacca/Tacca leontopetaloides 194.JPG","/Volumes/Crucial X10/SD/T T T/Tacca leontopetaloides/SELECT/Tacca leontopetaloides and cricket.883.aa.JPG","/Volumes/Crucial X10/SD/# A A A A NPNA 2026 NEW PHOTOS/WILLIE BURGESS Plants of the nt photos/Taccaceae Tacca/Tacca leontopetaloides 01 (2).JPG","/Volumes/Crucial X10/SD/# A A A A NPNA 2026 NEW PHOTOS/WILLIE BURGESS Plants of the nt photos/Taccaceae Tacca/Tacca leontopetoides 484.JPG","","","","A","loose photograph","","5472x3648","gallery option","Species named in the filename.","E438-02","13ea0d4797053bafe838ef74f12e616c7d8acb60b123803cc2c0a9015ffbd08d","A","loose photograph","","1427x1070","gallery option","Species named in the filename.","E438-03","e9a39f82ad11e12f312bfa974970e73cfda8f2d29dd02d66ca2f7c1be055027a","A","loose photograph","","5472x3648","gallery option","Species named in the filename.","E438-04","f06b90e0589c467faf0cbde071b95e27694d2e4a0ffe876458f5f20306a42d16","B","loose photograph","","4912x3264","gallery option","Species named in the filename; Name spelling, abbreviation or historical combination needs retaining in provenance.","E438-10","cda0829f417cb546d8a24beac5e446cb788eb1061f78d63dac1c0dca450ba167","","","","","","","","","","","","","","","","","","","","","","","","","2","2","0","Supported loose additions","Whole plant with large leaves, close reproductive structure and fine early foliage add stages/habit. Additional named image includes hanging rounded fruits.","plant-d1c206ed93b6ef0e","5","",""
"Tamarindus indica","/Volumes/Crucial X10/SD/T T T/Tamarindus indica/Tamarind/TAMARIND/SELECT/Tamarindus indica.(raw036).x.jpg","/Volumes/Crucial X10/SD/# A A A A NPNA 2026 NEW PHOTOS/WILLIE BURGESS Plants of the nt photos/A Landscapes of the nt photos/tamarindus indica  macassan site sir edward pellow group (1).JPG","","","","","","A","loose photograph","","2626x3501","gallery option","Species named in the filename.","E439-05","45fc4d7cc3ba433cb17cedd732ec07407650496e5a26f40a676041cb2c31ff5f","A","loose photograph","","4912x3264","gallery option","Species named in the filename.","E439-06","d6b23dfb9cbd20aec990487a0a9801515bff895fbcfc757b160135301ae528f6","","","","","","","","","","","","","","","","","","","","","","","","","","","","","","","","","","","","","","","","","3","3","0","Supported loose additions","Close flower profile and waterside tree context complement the current flowers, whole tree and pods.","plant-8d6499ed8f239ea7","21","",""
"Tarenna dallachiana subsp. expandens","/Volumes/Crucial X10/SD/# A A COMPLETED/Tarenna dallachiana subsp. expandens/P1200872.JPG","/Volumes/Crucial X10/SD/# A A A A NPNA 2026 NEW PHOTOS/WILLIE BURGESS Plants of the nt photos/Rubiaceae Aidia Gardenia Coelospermum Cycophyllum Dentella Guettarda Ixora Pavetta PsychotriaTarenna Timonius/Tarenna dallachiana 138.JPG","/Volumes/Crucial X10/SD/# A A COMPLETED/Tarenna dallachiana subsp. expandens/_1240080.JPG","/Volumes/Crucial X10/SD/# A A A A NPNA 2026 NEW PHOTOS/WILLIE BURGESS Plants of the nt photos/Rubiaceae Aidia Gardenia Coelospermum Cycophyllum Dentella Guettarda Ixora Pavetta PsychotriaTarenna Timonius/Tarenna dallachiana 4818.JPG","","","","B","loose photograph","","4000x3000","gallery option","Association through the named source folder or historical-name trail.","E440-02","e73bdb7e54ab218d7e5d7f29d2f4c1a2a9058a992798bf994c938b0f07da42b2","B","loose photograph","","5472x3648","gallery option","Species named in the filename; Full subspecies/variety not established: retain the source species-level caption.","E440-03","9a9ac22b6d2d77dabd121c698858bbbf512d02e07b03fbf1a19a4c2165558b5b","B","loose photograph","","4000x3000","gallery option","Association through the named source folder or historical-name trail.","E440-04","20cb4473e14bdd90507b7b36efbd9bca183a7f387a0f66ebb7879c043771995f","B","loose photograph","","3648x2048","gallery option","Species named in the filename; Full subspecies/variety not established: retain the source species-level caption.","E440-07","32f25b1ef08fca746d73da7a495abe791bd44f01afd0c306bc145b36b7d1b986","","","","","","","","","","","","","","","","","","","","","","","","","1","1","0","Supported loose additions","Leaf detail, pale flowering head and side profile broaden the single current image; binomial labels do not verify the subspecies. Additional species-named image has a butterfly on flowers; subspecies remains unverified.","plant-bbb95f543b376084","6","",""
"Templetonia hookeri","/Volumes/Crucial X10/HD/AA NATIVE PLANTS OF NA 2021/FINAL FULL DRAFT/PROOF Native Plants of N Australia-PDF.pdf","/Volumes/Crucial X10/SD/T T T/Templetonia hookeri/_1040183.JPG","","","","","","A","book image","PDF page 333; printed page 332; page-object index 121 (zero-based)","567x561","low-resolution fallback","Photograph positioned with the authored species account in the book proof.","B-p333-o121","","B","loose photograph","","4000x3000","gallery option","Association through the named source folder or historical-name trail.","E441-03","6f1f100ad77fa50cde20d31b53261c49ee487df4f8088026487d23cf62ce48c5","","","","","","","","","","","","","","","","","","","","","","","","","","","","","","","","","","","","","","","","","1","1","0","Supported loose additions","Whole wispy habit and older-book closer yellow flowers complement the broad current branch.","plant-cd0fe96759e49bb1","3","",""
"Tephrosia oblongata","/Volumes/Crucial X10/HD/# COMPLETE NPNA NEW ED 2026/A. A. PHOTOS AND IMAGES/D. PLANT DESCRIPTIONS GENERA A-Z/TT/Tephrosia oblongata (N)/PICK/EXTRA/Tephrosia oblongata, Harney Beach.JPG","","","","","","","A","loose photograph","","3648x2736","gallery option","Species named in the filename.","E442-01","592d1feda45dc97feab81b0ac36e90f0a15a953cbe9bfc6c74a3f1bce7d24bcf","","","","","","","","","","","","","","","","","","","","","","","","","","","","","","","","","","","","","","","","","","","","","","","","","2","2","0","Supported loose additions","Named whole flowering shrub provides habit. Other loose series have uncertain naming and are not preferred.","plant-56e6a55ca621c3c7","13","",""
"Terminalia carpentariae","/Volumes/Crucial X10/HD/# COMPLETE NPNA NEW ED 2026/A. A. PHOTOS AND IMAGES/D. PLANT DESCRIPTIONS GENERA A-Z/TT/Terminalia carpentariae (delete 2022 tree shot)/PICK/EXTRA/Terminalia carpentariae.238.a.JPG","/Volumes/Crucial X10/HD/# COMPLETE NPNA NEW ED 2026/A. A. PHOTOS AND IMAGES/C. HERO SHOTS A-Z/TT/PICK/Red-tailed Black Cockatoo eating seeds of Terminalia carpentariae.396.RD.a.JPG","/Volumes/Crucial X10/SD/# A A A A NPNA 2026 NEW PHOTOS/WILLIE BURGESS Plants of the nt photos/Combertaceae Terminalia Macropteranthes/Terminalia/Terminalia carpentariae 3993.JPG","/Volumes/Crucial X10/SD/T T T/Terminalia carpentariae Umbrawarra Gorge, Kakadu NP/P1000191.JPG","","","","A","loose photograph","","4581x3436","gallery option","Species named in the filename.","E443-05","42ad2c65e4d665d92b5d78fde65fa06e05b7f159fdab2fc59cb406c5f9ba649c","A","loose photograph","","1545x2463","gallery option","Species named in the filename.","E443-02","885b8f9b82a2406602870ee99abeac98e421a0a982d6d60ef425776ce42852d1","A","loose photograph","","5472x3648","gallery option","Species named in the filename.","E443-06","6aeb756407d6c89a1306d234ae48f1ffdfcd244d1d33ee61c1a1916d092f7dcb","B","loose photograph","","4864x3648","gallery option","Association through the named source folder or historical-name trail.","E443-11","360eac3fbf105fd6fd90c69e2e4e5cff9751d4f8568a17e436a801ffd3db6d05","","","","","","","","","","","","","","","","","","","","","","","","","3","3","0","Supported loose additions","Whole isolated tree, cockatoo interaction and closer reproductive detail broaden current branches/crown. Additional sequence has patterned bark detail.","plant-b69a4d53de73a663","11","",""
"Terminalia catappa","/Volumes/Crucial X10/HD/# COMPLETE NPNA NEW ED 2026/A. A. PHOTOS AND IMAGES/D. PLANT DESCRIPTIONS GENERA A-Z/TT/Terminalia catappa/PICK/EXTRA/Terminalia catappa.022.a.JPG","/Volumes/Crucial X10/SD/# A A COMPLETED/Terminalia catappa/SELECT/Terminalia catappa.434.a.JPG","/Volumes/Crucial X10/SD/# A A COMPLETED/Terminalia catappa/SELECT/Terminalia catappa.253.a.jpg","/Volumes/Crucial X10/SD/# A A COMPLETED/Terminalia catappa/Autumn leaves 31.7.25/P1090096.JPG","","","","A","loose photograph","","4388x3291","gallery option","Species named in the filename.","E444-01","ffd1ae06eaa0774a915f9d47ebb981d09c36a826113d48e0089a2475f1e3b096","A","loose photograph","","2557x1953","gallery option","Species named in the filename.","E444-02","030ede2525b1bde832271e4045a3048d55b373502f02e4b0d16ffa65c51ada64","A","loose photograph","","3186x2390","gallery option","Species named in the filename.","E444-05","90f18ff6797b16421ada92aa60a4706df9a83a3197a3acdce7cc3ea84d8d9b84","B","loose photograph","","4864x3648","gallery option","Association through the named source folder or historical-name trail.","E444-11","c90a630b4643192927fb92993b445014441f6d44cafe8b4976af93970c8e258e","","","","","","","","","","","","","","","","","","","","","","","","","2","2","0","Supported loose additions","Attached dark fruit, backlit leaf venation and spreading low canopy add detail beyond leaf flowers and detached fruits. Additional sequence shows red leaves against the sky.","plant-a56497e7a56ca1bb","30","",""
"Terminalia erythrocarpa","/Volumes/Crucial X10/HD/# COMPLETE NPNA NEW ED 2026/A. A. PHOTOS AND IMAGES/D. PLANT DESCRIPTIONS GENERA A-Z/TT/Terminalia erythrocarpa/PICK/EXTRA/Terminalia erythrocarpa.720.a.JPG","/Volumes/Crucial X10/SD/# A A A A NPNA 2026 NEW PHOTOS/TERM ERYTHROCARPA NIGHTCLIFF 21.4.2026/P1130542.JPG","","","","","","A","loose photograph","","2157x1618","gallery option","Species named in the filename.","E445-03","5310dab2bc366bfbf80c9d44c67b91a3d52f41357a29c77c054780bd35ba4b7c","B","loose photograph","","4864x3648","gallery option","Association through the named source folder or historical-name trail; Name spelling, abbreviation or historical combination needs retaining in provenance.","E445-06","bf8f9b0165f1e243980b02931f5d178d594657d04098240c8ac0394605f65cb7","","","","","","","","","","","","","","","","","","","","","","","","","","","","","","","","","","","","","","","","","2","2","0","Supported loose additions","Earlier reproductive sprays and darker ripe fruit stage complement existing flowers and pale/red fruits.","plant-e5f8bdf6cf041013","6","",""
"Terminalia ferdinandiana","/Volumes/Crucial X10/SD/# A A A A NPNA 2026 NEW PHOTOS/WILLIE BURGESS Plants of the nt photos/Combertaceae Terminalia Macropteranthes/Terminalia/Terminalia ferdinandiana 9572.JPG","/Volumes/Crucial X10/SD/T T T/Terminalia ferdinandiana/_1090135 Terminalia ferdinandiana.JPG","/Volumes/Crucial X10/HD/AA NATIVE PLANTS OF NA 2021/FINAL FULL DRAFT/PROOF Native Plants of N Australia-PDF.pdf","/Volumes/Crucial X10/SD/T T T/Terminalia ferdinandiana/P1200380.JPG","","","","A","loose photograph","","5472x3648","gallery option","Species named in the filename.","E446-04","0409f37dd29195d62ef8ced0664e2d1a976724a5e58816de0f6a23f1944224d0","A","loose photograph","","4000x3000","gallery option","Species named in the filename.","E446-07","4b717aefea9edee3c4bf63bd942816d8d43f568387c7926df0b6274acc2bedcf","A","book image","PDF page 336; printed page 335; page-object index 2 (zero-based)","566x385","low-resolution fallback","Photograph positioned with the authored species account in the book proof.","B-p336-o2","","B","loose photograph","","4000x3000","gallery option","Association through the named source folder or historical-name trail.","E446-10","9ed0cbcc7f89024afe8daf487a0e3dade629eb949e6e1ec5cd6e47191c19258f","","","","","","","","","","","","","","","","","","","","","","","","","3","3","0","Supported loose additions","Young low plant and older-book whole mature tree complement current flowers, fruiting branches and detached fruits. Additional rocky habit and developing reproductive structures broaden stage/context coverage.","plant-2cda8950fcc9028a","8","",""
"Terminalia grandiflora","/Volumes/Crucial X10/HD/# COMPLETE NPNA NEW ED 2026/A. A. PHOTOS AND IMAGES/D. PLANT DESCRIPTIONS GENERA A-Z/TT/Terminalia grandiflora/PICK/EXTRA/Terminalia grandiflora.8205.WB.a.JPG","/Volumes/Crucial X10/SD/T T T/Terminalia grandiflora/_1090047.JPG","/Volumes/Crucial X10/SD/T T T/Terminalia grandiflora/_1090049.JPG","","","","","A","loose photograph","","2918x3648","gallery option","Species named in the filename.","E447-01","6e7c084e2dbd6dbf632487efa312a764077bed09e03c1a5f578e0d80dc0c2aa6","B","loose photograph","","4000x3000","gallery option","Association through the named source folder or historical-name trail.","E447-06","ecc9a02d6d484bef2f50b5ca8ef24a8dd4504ad0338a2b7d1c2ce95671933c0a","B","loose photograph","","4000x3000","gallery option","Association through the named source folder or historical-name trail.","E447-07","3772007394cdfe18a81c57bdde0a1f235c37d7e95baae0ba55abd8133cb2817b","","","","","","","","","","","","","","","","","","","","","","","","","","","","","","","","","2","2","0","Supported loose additions","Whole tree and wider narrow-leaved flowering branch add habit beyond close flower and dark fruit. Additional sequence has close bark detail.","plant-01d89afeb4a55fd1","6","",""
"Terminalia microcarpa","/Volumes/Crucial X10/SD/# A A A A NPNA 2026 NEW PHOTOS/A A A BOT GDNS 2.8.2026/SELECT/PICK/Terminalia microcarpa.tif655.a.jpeg","/Volumes/Crucial X10/HD/# COMPLETE NPNA NEW ED 2026/A. A. PHOTOS AND IMAGES/D. PLANT DESCRIPTIONS GENERA A-Z/TT/Terminalia microcarpa (delete 2022 tree shot). (Needs full page)/PICK/EXTRA/2. Terminalia microcarpa.213.a.JPG","/Volumes/Crucial X10/HD/AA NATIVE PLANTS OF NA 2021/FINAL FULL DRAFT/PROOF Native Plants of N Australia-PDF.pdf","","","","","A","loose photograph","","5445x3630","gallery option","Species named in the filename.","E448-01","5b8d101c0dc273ae1fd3b9e12ab882f83837562096487d3fa5cd3c95eb080c40","A","loose photograph","","3249x2437","gallery option","Species named in the filename.","E448-03","173a64365a1020ec90a717a738def54ea3062e67c4a140dfd54debd39611884a","A","book image","PDF page 337; printed page 336; page-object index 1 (zero-based)","566x388","low-resolution fallback","Photograph positioned with the authored species account in the book proof.","B-p337-o1","","","","","","","","","","","","","","","","","","","","","","","","","","","","","","","","","","4","4","0","Supported loose additions","Buttressed trunk, coloured young foliage and older-book whole spreading crown complement four current subjects.","plant-17ab552ecd77710e","21","",""
"Terminalia platyphylla","/Volumes/Crucial X10/SD/T T T/Terminalia platyphylla/_1110720 Terminalia platyphylla.JPG","/Volumes/Crucial X10/SD/T T T/Terminalia platyphylla/P1170739.JPG","/Volumes/Crucial X10/SD/T T T/Terminalia sp prob T. platyphylla Lake Alexandria 23.8.2024/_1030788.JPG","","","","","A","loose photograph","","4000x3000","gallery option","Species named in the filename.","E449-01","b6070726480e15dcc810eb5c5fe3f65e58de475f046a1b2897aa2858ea56cc0e","B","loose photograph","","4000x3000","gallery option","Association through the named source folder or historical-name trail.","E449-05","27dbcaf331a5c1ba3c8958782a3093f77d96b89794acaf24f3335c462d6465f8","C","loose photograph","","4000x3000","identification-review lead","Association through the named source folder or historical-name trail; Source explicitly uncertain or a mixed/incorrectly labelled collection.","E449-03","7abb67f14040f46fcb27a192af614b1643bc755571f2dc6d186f32bbc65506fe","","","","","","","","","","","","","","","","","","","","","","","","","","","","","","","","","2","2","0","Supported loose additions","Whole tree, coloured young foliage and close leaf/reproductive branch broaden current fruit and dry structures.","plant-b3d1b8d885a4f0a6","5","",""
"Terminalia platyptera","/Volumes/Crucial X10/SD/# A A COMPLETED/Terminalia platyptera/P1050225.JPG","","","","","","","B","loose photograph","","4864x3648","gallery option","Association through the named source folder or historical-name trail.","E450-01","371f3d168ec1807f82e7a92dcf5e400739176629c7fc6816b44fa9d479201f9b","","","","","","","","","","","","","","","","","","","","","","","","","","","","","","","","","","","","","","","","","","","","","","","","","3","3","0","Supported loose additions","Whole tree/habit is the clear addition; current gallery already covers bark, green structures and detached winged fruits.","plant-453660521f74a307","6","",""
"Terminalia pterocarya","/Volumes/Crucial X10/HD/# COMPLETE NPNA NEW ED 2026/A. A. PHOTOS AND IMAGES/D. PLANT DESCRIPTIONS GENERA A-Z/TT/Terminalia platyptera (N)/PICK/EXTRA/Terminalia pterocarya.425.a.JPG","/Volumes/Crucial X10/SD/T T T/Terminalia pterocarya/P1070868.JPG","","","","","","A","loose photograph","","3647x4863","gallery option","Species named in the filename.","E451-01","12ab3a4a08ee1ca2eda1cf1a0f31975d0dff8edced309b1dda2c7c27cb7b2412","B","loose photograph","","4864x3648","gallery option","Association through the named source folder or historical-name trail.","E451-05","c27cb0e646cf7ce99b86b2a4c006239617be3d3e6dba735140d1ce070ff9829b","","","","","","","","","","","","","","","","","","","","","","","","","","","","","","","","","","","","","","","","","2","2","0","Supported loose additions","Tall narrow whole tree and young plant complement existing flowers and winged fruits.","plant-479fe9b54ae31917","9","",""
"Terminalia subacroptera","/Volumes/Crucial X10/SD/# A A A A NPNA 2026 NEW PHOTOS/WILLIE BURGESS Plants of the nt photos/Combertaceae Terminalia Macropteranthes/Terminalia/Terminalia subacroptera 9712.JPG","/Volumes/Crucial X10/SD/# A A A A NPNA 2026 NEW PHOTOS/WILLIE BURGESS Plants of the nt photos/Combertaceae Terminalia Macropteranthes/Terminalia/Terminalia subacroptera 275.JPG","/Volumes/Crucial X10/SD/# A A COMPLETED/Terminalia subacroptera/_1240899.JPG","","","","","A","loose photograph","","5472x3648","gallery option","Species named in the filename.","E452-06","03e0889a2e7bb288d44d30a276565886da90396fcc06ac40f6c45645859c2a02","A","loose photograph","","5472x3648","gallery option","Species named in the filename.","E452-03","477cab349767238864aea2940bfbaf064b28bcccf050172cdf0e723db029ddff","B","loose photograph","","4000x3000","gallery option","Association through the named source folder or historical-name trail.","E452-10","71622f7f557ed94c9852ca10e53aee8f45758f143104fc2fe2e82e6cbc63652f","","","","","","","","","","","","","","","","","","","","","","","","","","","","","","","","","2","2","0","Supported loose additions","Whole spreading tree and broad leaves/young growth complement flowers and fruit. Additional sequence includes green attached fruits.","plant-de1d8f0b22460b7d","12","",""
"Terminalia volucris","/Volumes/Crucial X10/SD/# A A COMPLETED/Terminalia volucris/SELECT Photos GF/IMG_1916 Terminalia volucris.JPG","/Volumes/Crucial X10/SD/# A A COMPLETED/Terminalia volucris/SELECT Photos GF/IMG_2924 Terminalia volucris.JPG","/Volumes/Crucial X10/SD/1 AA NEW SPECIES TO ADD/#Terminalia volucris/_1030151.JPG","","","","","A","loose photograph","","4869x6845","gallery option","Species named in the filename.","E453-01","ef4deb4260499bdecd4404d92d1f4d02d863aa24ca3cf263bfb039dfd70a77fe","A","loose photograph","","6739x4949","gallery option","Species named in the filename.","E453-02","d9f82eb37eefceb68ad9164b72e91763ea21492130944d4c1b2dd83eed080ee0","B","loose photograph","","4000x3000","gallery option","Association through the named source folder or historical-name trail.","E453-03","946962dc94541464a00a36a77d1daac1385a8479f6642b01bfe2c7c77440bda6","","","","","","","","","","","","","","","","","","","","","","","","","","","","","","","","","3","3","0","Supported loose additions","Close flower spike, leaf whorl and green winged fruit stage complement existing bark and dry fruits.","plant-c7a9dd8c4324ac28","4","",""
"Thespesia populneoides","/Volumes/Crucial X10/SD/# A A A A NPNA 2026 NEW PHOTOS/ESPLANADE 9.4.2026/SELECT/Thespesia populneoides.901.a.JPG","/Volumes/Crucial X10/SD/# A A A A NPNA 2026 NEW PHOTOS/WILLIE BURGESS Plants of the nt photos/Malvaceae Brachychiton Helicteres Hibiscus sterculia Thespesia Abelmoschus Abutilon Adansonia Gossypium Urena/Thespesia/Thespesia populneoides 0 1 (1).JPG","/Volumes/Crucial X10/SD/T T T/Thespesia populneoides/P1060597.JPG","","","","","A","loose photograph","","3840x3072","gallery option","Species named in the filename.","E454-02","b48f10135a43178accd577fceae32d76bbbab857f5de9717b11a8dbf85498048","A","loose photograph","","5472x3648","gallery option","Species named in the filename.","E454-04","da4bed3dc81fdede791ab240403911b1e5937f62e33ffc3f3428a6ac01e85fba","B","loose photograph","","4864x3648","gallery option","Association through the named source folder or historical-name trail.","E454-12","7f7d8b9d3d28302194ae1057d5dacd825d8c451911a8d42712a10c3a4b86dea7","","","","","","","","","","","","","","","","","","","","","","","","","","","","","","","","","1","1","0","Supported loose additions","Older orange flower stage and leafy habit complement the existing fresh yellow flower. Additional sequence has dry fruiting structures among leaves.","plant-9dbc7961c4e3d763","13","",""
"Thespesia thespesioides","/Volumes/Crucial X10/HD/AA NATIVE PLANTS OF NA 2021/FINAL FULL DRAFT/PROOF Native Plants of N Australia-PDF.pdf","/Volumes/Crucial X10/SD/T T T/Thespesia thespesioides 27.2.25/_1270897.JPG","","","","","","A","book image","PDF page 339; printed page 338; page-object index 1 (zero-based)","387x567","low-resolution fallback","Photograph positioned with the authored species account in the book proof.","B-p339-o1","","B","loose photograph","","4000x3000","gallery option","Association through the named source folder or historical-name trail.","E455-06","183ef18d16aad2abdedea9e19e93a09dca7d114a62be30260d44d420b0a25237","","","","","","","","","","","","","","","","","","","","","","","","","","","","","","","","","","","","","","","","","1","1","0","Supported loose additions","Whole slender plant in grass and older-book broad leaf/flower composition add habit.","plant-788a245d7cb23eca","6","",""
"Thysanotus elatior","/Volumes/Crucial X10/SD/T T T/Thysanotus elatior (prev T. banksii ) TBC WA & NT/_1270972.JPG","/Volumes/Crucial X10/SD/T T T/Thysanotus elatior (prev T. banksii ) TBC WA & NT/SELECT/Thysantous eliator.993.a.JPG","","","","","","C","loose photograph","","4000x3000","identification-review lead","Association through the named source folder or historical-name trail; Source explicitly uncertain or a mixed/incorrectly labelled collection.","E456-02","a2fdeb676da5176190a08e941d63ac5dd08be78d0019788e47dbb9172edc26d4","C","loose photograph","","1695x1271","identification-review lead","Association through the named source folder or historical-name trail; Source explicitly uncertain or a mixed/incorrectly labelled collection.","E456-03","e67c0ac469ef2c3a1b704c8acdef69990644ce156a4cdee8e42fd9e2fd67b2f5","","","","","","","","","","","","","","","","","","","","","","","","","","","","","","","","","","","","","","","","","2","2","0","Uncertain loose leads only","Basal leaves/whole plant and side-on flower profile add useful structure, but source identification is uncertain and needs review.","plant-5f916b2973f2ec92","6","",""
"Timonius timon","/Volumes/Crucial X10/HD/# COMPLETE NPNA NEW ED 2026/A. A. PHOTOS AND IMAGES/D. PLANT DESCRIPTIONS GENERA A-Z/TT/Timonius timon/PICK/EXTRA/Timonius timon.885.a.JPG","/Volumes/Crucial X10/SD/# A A A A NPNA 2026 NEW PHOTOS/WILLIE BURGESS Plants of the nt photos/Rubiaceae Aidia Gardenia Coelospermum Cycophyllum Dentella Guettarda Ixora Pavetta PsychotriaTarenna Timonius/timonius timon 8707.JPG","/Volumes/Crucial X10/SD/T T T/Timonius timon/P1000887.JPG","","","","","A","loose photograph","","3093x2320","gallery option","Species named in the filename.","E457-03","f7826cc191c5adace8d091d6e93917caacbe2b6c353251b07eab20d46d71a5ff","A","loose photograph","","5472x3648","gallery option","Species named in the filename.","E457-04","b5723466e372a6a37792fed3e9732756471b8f69c7e98e9d92443975997e9748","B","loose photograph","","4000x3000","gallery option","Association through the named source folder or historical-name trail.","E457-10","2a7e276cb8d17686961b1dc31a0e5ee0131663919a79c3afa6c79e242aec76c7","","","","","","","","","","","","","","","","","","","","","","","","","","","","","","","","","1","1","0","Supported loose additions","Green fruits with elongated leaves and broader young foliage complement the existing flower/fruit view. Additional sequence shows trunk and branching crown from below.","plant-57578a2f2ed414e9","7","",""
"Tinospora smilacina","/Volumes/Crucial X10/SD/# AA NEW SPECIES/Tinospora smilacina Snake Vine NEW SPECIES to add/P1150747.JPG","/Volumes/Crucial X10/SD/T T T/Tinospora smilacina Snake Vine NEW SPECIES to add/_1070910.JPG","","","","","","B","loose photograph","","4864x3648","gallery option","Association through the named source folder or historical-name trail.","E458-03","0ca74365522ff78ed8c901287d3ed7b01cceb2c9ecab4cd721f6c76393e65af4","B","loose photograph","","4000x3000","gallery option","Association through the named source folder or historical-name trail.","E458-05","57a1bb0b12e1f078d7daa21744020e03f091bbddcbf41496a213a6d49074fd51","","","","","","","","","","","","","","","","","","","","","","","","","","","","","","","","","","","","","","","","","3","3","0","Supported loose additions","Closer flowering sprays and low trailing stems complement leaves and woody climbing vine.","plant-4d0edd8e4eaf7a7b","8","",""
"Trema tomentosa","/Volumes/Crucial X10/HD/# COMPLETE NPNA NEW ED 2026/A. A. PHOTOS AND IMAGES/D. PLANT DESCRIPTIONS GENERA A-Z/TT/Trema tomentosa/PICK/EXTRA/Trema tomentosa.341.a.JPG","/Volumes/Crucial X10/HD/AA NATIVE PLANTS OF NA 2021/FINAL FULL DRAFT/PROOF Native Plants of N Australia-PDF.pdf","","","","","","A","loose photograph","","1667x1250","gallery option","Species named in the filename.","E459-01","8835ed84734b82e7852ee83853d9d57ca5b7fd9347026bddba53158de7bbb364","A","book image","PDF page 341; printed page 340; page-object index 2 (zero-based)","387x569","low-resolution fallback: dark berries and serrated leaves","Photograph positioned with the authored species account in the book proof.","B-p341-o2","","","","","","","","","","","","","","","","","","","","","","","","","","","","","","","","","","","","","","","","","","2","2","0","Supported loose additions","Wider hanging leafy habit adds modest context; remaining shortlist largely repeats existing branches. The older proof also provides a useful dark-berry/leaf image on PDF page 341 (printed 340), object 2.","plant-5fb06c5f34e4b830","7","",""
"Trichodesma zeylanicum var. zeylanicum","/Volumes/Crucial X10/SD/T T T/Trichodesma zeylanicum/_1290991.JPG","/Volumes/Crucial X10/HD/AA NATIVE PLANTS OF NA 2021/FINAL FULL DRAFT/PROOF Native Plants of N Australia-PDF.pdf","","","","","","B","loose photograph","","4000x3000","gallery option","Association through the named source folder or historical-name trail; Full subspecies/variety not established: retain the source species-level caption.","E460-03","395d1f70a9a4e03dc829134802edea894093f629268d90d0ff0aeffdf88ec508","B","book image","PDF page 341; printed page 340; page-object index 1 (zero-based)","566x573","low-resolution fallback","Photograph positioned with the authored species account in the book proof. Source heading/name trail is Trichodesma zeylanicum; preserve that name and do not infer a finer rank.","B-p341-o1","","","","","","","","","","","","","","","","","","","","","","","","","","","","","","","","","","","","","","","","","","2","2","0","Supported loose additions","Whole slender plant and older-book composite with flower profile add habit/detail. Binomial-only folders do not verify variety.","plant-3b3ac8babfd08995","11","",""
"Trichosanthes cucumerina var. cucumerina","/Volumes/Crucial X10/HD/# COMPLETE NPNA NEW ED 2026/A. A. PHOTOS AND IMAGES/D. PLANT DESCRIPTIONS GENERA A-Z/TT/Trichosanthes cucumerina var. cucumerina (N)/PICK/2. Trichosanthes cucumerina.A.4120.RD.a.jpg","/Volumes/Crucial X10/SD/# A A COMPLETED/Trichosanthes cucumerina var. cucumerina (prev T. holtzei)/SELECT/Trichosanthes cucumerina var. cucumerina.900.a.JPG","/Volumes/Crucial X10/SD/# A A COMPLETED/Trichosanthes cucumerina var. cucumerina (prev T. holtzei)/P1060003.JPG","","","","","A","loose photograph","","1184x2342","gallery option","Species named in the filename.","E461-01","e5d3e4d9a06715e282cb93da5480e55adc8d3306f8be2ab6b6144d0c16a3057e","A","loose photograph","","2412x3216","gallery option","Species named in the filename.","E461-02","4e1c5d1ee2f25b01934cf0167716109851efabdc99ab456a5c2ba9b9f890c624","B","loose photograph","","4864x3648","gallery option","Association through the named source folder or historical-name trail.","E461-07","421554a98d93440f0acca4a14dff71c710f574c11cbe3ae5a858417fc726a777","","","","","","","","","","","","","","","","","","","","","","","","","","","","","","","","","1","1","0","Supported loose additions","Fringed flower close-up and green striped fruit stage are strong additions to the current orange fruits. Two TIFF copies failed decoding, but other readable candidates exist. Additional sequence has an isolated lobed leaf on a plain log background.","plant-3dd5544174a76700","8","",""
"Typhonium roxburghii","/Volumes/Crucial X10/SD/# A A COMPLETED/Typhonium roxburghii (prev T. sp. Elcho Island), PJ garden/SELECT/TYPHONIUM ROXBURGHII.20250416_185321##.jpg","/Volumes/Crucial X10/SD/# A A COMPLETED/Typhonium roxburghii (prev T. sp. Elcho Island), PJ garden/20250416_170522.jpg","","","","","","A","loose photograph","","3568x2330","gallery option","Species named in the filename.","E462-02","cb3395d952f470e7e55fa58be11dd339660c35e73801c15dd3040633b7629544","B","loose photograph","","4000x3000","gallery option","Association through the named source folder or historical-name trail.","E462-06","7b5e904916bdd985962f2ba1d9fc4bcc4241d9a1cc46d496b6fdbb9bbf20861c","","","","","","","","","","","","","","","","","","","","","","","","","","","","","","","","","","","","","","","","","1","1","0","Supported loose additions","Clearer dark spathe and larger leaf/whole-plant context complement the current distant view.","plant-81d13a0038ba8f4e","10","",""
"Urena lobata","/Volumes/Crucial X10/SD/U U U/Urena lobata (need photos)/Urena lobata Wildman R IM.jpg","/Volumes/Crucial X10/HD/AA NATIVE PLANTS OF NA 2021/FINAL FULL DRAFT/PROOF Native Plants of N Australia-PDF.pdf","","","","","","A","loose photograph","","1345x2031","gallery option","Species named in the filename.","E463-01","da9143a8f6c3fde07eacfbc382f2c7a7d5a2b387a47bdf7eddba9f951e5342dc","A","book image","PDF page 343; printed page 342; page-object index 2 (zero-based)","567x565","low-resolution fallback","Photograph positioned with the authored species account in the book proof.","B-p343-o2","","","","","","","","","","","","","","","","","","","","","","","","","","","","","","","","","","","","","","","","","","2","2","0","Supported loose additions","Whole upright flowering stem and older-book profile add habit beyond two flower close-ups.","plant-4013281206c7d26e","4","",""
"Utania racemosa","/Volumes/Crucial X10/HD/# COMPLETE NPNA NEW ED 2026/A. A. PHOTOS AND IMAGES/D. PLANT DESCRIPTIONS GENERA A-Z/UU/Utania racemosa/PICK/EXTRA/Utania racemosa.635.a.JPG","/Volumes/Crucial X10/HD/# COMPLETE NPNA NEW ED 2026/A. A. PHOTOS AND IMAGES/D. PLANT DESCRIPTIONS GENERA A-Z/UU/Utania racemosa/PICK/EXTRA/Utania racemosa.269.a.JPG","","","","","","A","loose photograph","","1733x2310","gallery option","Species named in the filename.","E464-01","e3e4a89c5ef83d2b67211753588dddb892ab4c0ac8407d46336f52417f55731d","A","loose photograph","","1591x2122","gallery option","Species named in the filename.","E464-02","46d17b42783c63c55c66aad516b3e7c7f079be40a714e618090d1ad307785a5a","","","","","","","","","","","","","","","","","","","","","","","","","","","","","","","","","","","","","","","","","1","1","0","Supported loose additions","Closer pale buds/flowers and leaf structure broaden the single current flowering branch.","plant-da29059dfe9d63a9","6","",""
"Utricularia fulva","/Volumes/Crucial X10/HD/# COMPLETE NPNA NEW ED 2026/A. A. PHOTOS AND IMAGES/D. PLANT DESCRIPTIONS GENERA A-Z/UU/Utricularia fulva/PICK/EXTRA/Utricularia fulva habitat.3.IM.a.jpg","/Volumes/Crucial X10/HD/AA NATIVE PLANTS OF NA 2021/FINAL FULL DRAFT/PROOF Native Plants of N Australia-PDF.pdf","","","","","","A","loose photograph","","2556x1917","gallery option","Species named in the filename.","E465-01","1ab48584e030ccd35f3b09afe88beafed1e6632bad926863febbf642ce74d766","A","book image","PDF page 344; printed page 343; page-object index 2 (zero-based)","566x569","low-resolution fallback","Photograph positioned with the authored species account in the book proof.","B-p344-o2","","","","","","","","","","","","","","","","","","","","","","","","","","","","","","","","","","","","","","","","","","1","1","0","Supported loose additions","Rocky seep habitat and older-book close flowers add subjects. Candidate 3 resembles the U. odorata photograph shown in that account; conflicting allocation must be checked, not accepted as U. fulva.","plant-42d0a7d3a453d5ce","7","",""
"Utricularia leptoplectra","/Volumes/Crucial X10/HD/# COMPLETE NPNA NEW ED 2026/A. A. PHOTOS AND IMAGES/D. PLANT DESCRIPTIONS GENERA A-Z/UU/Utricularia leptoplectra (N)/PICK/EXTRA/Utricularia leptoplectra.784.WB.a.JPG","/Volumes/Crucial X10/SD/# A A COMPLETED/Utricularia leptoplectra/DSC01059.JPG","/Volumes/Crucial X10/SD/# A A COMPLETED/Utricularia leptoplectra/DSC01828.JPG","","","","","A","loose photograph","","2731x3641","gallery option","Species named in the filename.","E466-01","621105691e328e2ecd3b24e78f9e6dcbcd34d455a9343ef4d0588b77b642d0bf","B","loose photograph","","4864x3648","gallery option","Association through the named source folder or historical-name trail.","E466-04","677e810a04597e4fb6fe63bfab7f605a8cbbc9f52a450e28feace186cd6b74ff","B","loose photograph","","5472x3648","gallery option","Association through the named source folder or historical-name trail.","E466-09","705be9a9a9ce692ba9417569c5d441d2376ff8d64b505d13b778ded64ef1beb0","","","","","","","","","","","","","","","","","","","","","","","","","","","","","","","","","2","2","0","Supported loose additions","Wet habitat and isolated longer flower stem complement existing close flower groups. Additional sequence shows a later pale/spent flower stage.","plant-9efa3e3060ef17e1","7","",""
"Utricularia odorata","/Volumes/Crucial X10/HD/AA NATIVE PLANTS OF NA 2021/FINAL FULL DRAFT/PROOF Native Plants of N Australia-PDF.pdf","/Volumes/Crucial X10/SD/U U U/Utricularia odorata/DSC01004 #WB.JPG","","","","","","A","book image","PDF page 344; printed page 343; page-object index 1 (zero-based)","571x646","low-resolution fallback","Photograph positioned with the authored species account in the book proof.","B-p344-o1","","B","loose photograph","","4864x3648","gallery option","Association through the named source folder or historical-name trail.","E467-02","9238018a66e890f7d22738df507ce78e12830a372fa4401550ceece5ff9d485e","","","","","","","","","","","","","","","","","","","","","","","","","","","","","","","","","","","","","","","","","1","1","0","Supported loose additions","Grassy wetland habit and older-book close yellow flowers complement the existing stream-side spike. U. fulva collection contains an apparently conflicting copy of this stream-side subject.","plant-1c6f9627a8fe619c","3","",""
"Uvaria holtzei","/Volumes/Crucial X10/HD/# COMPLETE NPNA NEW ED 2026/A. A. PHOTOS AND IMAGES/D. PLANT DESCRIPTIONS GENERA A-Z/UU/Uvaria holtzei/PICK/Uvaria holtzei 045 (1).JPG","/Volumes/Crucial X10/SD/U U U/Uvaria holtzei flwrs/Uvaria/Uvaria holtzei 23 (1).JPG","","","","","","A","loose photograph","","2216x1662","gallery option","Species named in the filename.","E468-01","635fecea985211c39eee4553f76e4d5c488079422dcb4909015f7eb400621553","A","loose photograph","","5472x3648","gallery option","Species named in the filename.","E468-05","d29f7b9488fe4ce51d5cee17ad6c6cd88f585f9e672f7f7bb2bc10b365acf706","","","","","","","","","","","","","","","","","","","","","","","","","","","","","","","","","","","","","","","","","2","2","0","Supported loose additions","Yellow fruit cluster and whole leafy flowering habit complement flower and foliage photographs.","plant-aec783f9db532945","12","",""
"Uvaria rupestre","/Volumes/Crucial X10/SD/U U U/Uvaria rupestre (prev Melodorum sp)/Uvaria rupestre (Melodorum) Fruit 2 Nawulandja.jpg","/Volumes/Crucial X10/SD/U U U/Uvaria rupestre (prev Melodorum sp)/Uvaria rupestre (Melodorum sp.) Red Cone Creek.jpg","","","","","","A","loose photograph","","3264x2448","gallery option","Species named in the filename.","E469-01","9d8a9f681bc5e808587b260d34c07ad09060f2b2f62ec262fd346347778b9e12","A","loose photograph","","3648x2736","gallery option","Species named in the filename.","E469-03","521f8fc563eb0da033ee84593837e3f7c7b20ce61549fb3e68ea1ca5d0c756e4","","","","","","","","","","","","","","","","","","","","","","","","","","","","","","","","","","","","","","","","","1","1","0","Supported loose additions","Flower/leaf detail and wider fruiting branches add stages beyond the single fruit image; uncertain source-name qualifiers remain significant.","plant-403b180d13630a83","4","",""
"Vachellia pachyphloia","/Volumes/Crucial X10/SD/V V V/Vachellia pachyphloia/_1090064.JPG","/Volumes/Crucial X10/SD/V V V/Vachellia pachyphloia/_1090065.JPG","","","","","","C","loose photograph","","4000x3000","identification-review lead","Association through the named source folder or historical-name trail; Byte-identical image also labelled for Vachellia valida; resolve competing allocation.","E470-02","d7eb0b86e492291337c26368f50fee20812a68602e30e70eec8e5a49c7511194","C","loose photograph","","4000x3000","identification-review lead","Association through the named source folder or historical-name trail; Byte-identical image also labelled for Vachellia valida; resolve competing allocation.","E470-04","413e64f48b638d33c59de3392a57e187124e6bd842b75eae161dfdc07ef6adaa","","","","","","","","","","","","","","","","","","","","","","","","","","","","","","","","","","","","","","","","","1","1","0","Uncertain loose leads only","Whole tree and bark add clear complementary subjects to the existing flower heads.","plant-34bc8f95e995e7d0","4","",""
"Vachellia valida","/Volumes/Crucial X10/SD/V V V/Vachellia valida/_1090059 Vachellia valida.JPG","/Volumes/Crucial X10/SD/# A A A A NPNA 2026 NEW PHOTOS/WILLIE BURGESS Plants of the nt photos/Fabaceae Acacia Erythrina Jacksonia Albizia Bossiaea Caseapinia Cathormion Erythrophleum Jacksonia Millettia Mucuna Senna Sesbania  Sophora Tamarindus/Acacia/Vachella/Vachella valida.JPG","/Volumes/Crucial X10/SD/# A A A A NPNA 2026 NEW PHOTOS/WILLIE BURGESS Plants of the nt photos/Fabaceae Acacia Erythrina Jacksonia Albizia Bossiaea Caseapinia Cathormion Erythrophleum Jacksonia Millettia Mucuna Senna Sesbania  Sophora Tamarindus/Acacia/Vachella/Vachella valida 3395.JPG","","","","","A","loose photograph","","4000x3000","gallery option","Species named in the filename.","E471-02","062dbe447acc3621cb719365a9b9760ed8ad681208f69e9d9a1ef633b4d8e5ee","B","loose photograph","","5472x3648","gallery option","Species named in the filename; Name spelling, abbreviation or historical combination needs retaining in provenance.","E471-04","b548152ddbb9184378cf69d7551ead7eb289dd46432df424a297fba2aaadc1e4","B","loose photograph","","5472x3648","gallery option","Species named in the filename; Name spelling, abbreviation or historical combination needs retaining in provenance.","E471-09","2bf27bdd64655c6461522ab8a0bc0f9fec842f18573eae822880972a9a739597","","","","","","","","","","","","","","","","","","","","","","","","","","","","","","","","","3","3","0","Supported loose additions","Leafy/thorny branch and laid-out pod with foliage broaden current pods and bark. Candidates 1 and 3 are reference screenshots; cross-named Acacia/Vachellia series need provenance review. Additional explicitly named photograph shows a flowering crown. Other secondary frames overlap a V. pachyphloia sequence and require care.","plant-5b503171b994624a","6","",""
"Vavaea amicorum","/Volumes/Crucial X10/HD/AA NATIVE PLANTS OF NA 2021/FINAL FULL DRAFT/PROOF Native Plants of N Australia-PDF.pdf","/Volumes/Crucial X10/SD/V V V/Vavaea amicorum/_1080502.JPG","/Volumes/Crucial X10/SD/V V V/Vavaea amicorum/_1240388.JPG","","","","","A","book image","PDF page 348; printed page 347; page-object index 2 (zero-based)","567x569","low-resolution fallback","Photograph positioned with the authored species account in the book proof.","B-p348-o2","","B","loose photograph","","4000x3000","gallery option","Association through the named source folder or historical-name trail.","E472-04","91343dc45791f196f85f0dceeb94e76edf3293ddd4f886ae241341dc9ea49713","B","loose photograph","","4000x3000","gallery option","Association through the named source folder or historical-name trail.","E472-05","aef28d63b4717ef9bffc8bf39ba73441a638119f5623f0d4c90273ba443944cc","","","","","","","","","","","","","","","","","","","","","","","","","","","","","","","","","2","2","0","Supported loose additions","Whole stand, young foliage and older-book flowers complement current yellow fruits and leaves.","plant-fc89ade8364919db","8","",""
"Verticordia cunninghamii","/Volumes/Crucial X10/SD/V V V/Verticordia cunninghamii/SELECT/#Verticordia cunninghamii.838.b.JPG","/Volumes/Crucial X10/HD/AA NATIVE PLANTS OF NA 2021/FINAL FULL DRAFT/PROOF Native Plants of N Australia-PDF.pdf","","","","","","A","loose photograph","","1377x1721","gallery option","Species named in the filename.","E473-03","832c66527df6bf6eefda95ce57f0c285df46b41a69b51b277ff1210ecea6541d","A","book image","PDF page 349; printed page 348; page-object index 2 (zero-based)","567x566","low-resolution fallback","Photograph positioned with the authored species account in the book proof.","B-p349-o2","","","","","","","","","","","","","","","","","","","","","","","","","","","","","","","","","","","","","","","","","","2","2","0","Supported loose additions","Leafy branch with earlier flower stage and older-book open white flowers complement current mature heads.","plant-1128a7768465a5ec","10","",""
"Verticordia decussata","/Volumes/Crucial X10/HD/# COMPLETE NPNA NEW ED 2026/A. A. PHOTOS AND IMAGES/D. PLANT DESCRIPTIONS GENERA A-Z/VV/Verticordia decussata/PICK/EXTRA/Verticordia decussata.8799.GF.JPG","/Volumes/Crucial X10/HD/AA NATIVE PLANTS OF NA 2021/FINAL FULL DRAFT/PROOF Native Plants of N Australia-PDF.pdf","","","","","","A","loose photograph","","7202x5925","gallery option","Species named in the filename.","E474-01","02f952349ee7335e80e8a48fa3ab84d5bb1b005714db655d9f8fb5bc084c2c3e","A","book image","PDF page 349; printed page 348; page-object index 1 (zero-based)","567x571","low-resolution fallback","Photograph positioned with the authored species account in the book proof.","B-p349-o1","","","","","","","","","","","","","","","","","","","","","","","","","","","","","","","","","","","","","","","","","","1","1","0","Supported loose additions","Closer flower structure is a modest alternative; older book shows a longer flowering stem and later stage.","plant-cd122bb295e4bfbc","4","",""
"Vigna vexillata var. angustifolia","/Volumes/Crucial X10/HD/AA NATIVE PLANTS OF NA 2021/FINAL FULL DRAFT/PROOF Native Plants of N Australia-PDF.pdf","/Volumes/Crucial X10/SD/V V V/Vigna vexillata var. angustifolia/SELECT/20250226_115315.jpg","/Volumes/Crucial X10/SD/V V V/Vigna vexillata var. angustifolia/_1270719.JPG","","","","","A","book image","PDF page 350; printed page 349; page-object index 2 (zero-based)","566x572","low-resolution fallback","Photograph positioned with the authored species account in the book proof.","B-p350-o2","","B","loose photograph","","1476x1106","gallery option","Association through the named source folder or historical-name trail.","E475-01","cecd22a64f56c2c6805401b187d480068027bdbb9de63105327855fd9dbe9ddd","B","loose photograph","","4000x3000","gallery option","Association through the named source folder or historical-name trail.","E475-10","e5d4a8dde644bad07e96d292cc53fecf6e25c7765dea88bf5dc2590dd569a141","","","","","","","","","","","","","","","","","","","","","","","","","","","","","","","","","1","1","0","Supported loose additions","Clearer flower close-up and older authored book flower/leaf view. Candidates 2, 4, 5 and 6 show tree canopy/flying foxes from a mixed sequence and are not allocated to the small vine. Species-only labels do not establish variety. Additional close side-profile flower is useful; secondary canopy/bat frames remain excluded.","plant-524c01379c7bb2cb","4","",""
"Vincetoxicum leibianum","/Volumes/Crucial X10/SD/# A A COMPLETED/Cynanchum leibianum/_1270008.JPG","","","","","","","B","loose photograph","","4000x3000","gallery option","Association through the named source folder or historical-name trail; Name spelling, abbreviation or historical combination needs retaining in provenance.","E476-03","b82dcd903357844815f4727bc8decd8a0a1f66ae7a6c5e2565ff9d997eb9f930","","","","","","","","","","","","","","","","","","","","","","","","","","","","","","","","","","","","","","","","","","","","","","","","","1","1","0","Supported loose additions","Hand-held thin reproductive structure offers scale, though the plant is hard to separate from branches. Embedded DOCX contains a higher-resolution version of the existing red-flower view, a source-recovery option rather than another gallery subject; historical Cynanchum naming is retained. Secondary candidates 7, 8 and 10 are reference screenshots, not original plant photographs.","plant-585ec34f191b2a7d","6","/Volumes/Crucial X10/SD/# A A COMPLETED/Cynanchum leibianum/##DESCRIPTION for NPNA 2025/For Willie/Cynanchum leibianum - Copy.docx","word/media/image1.jpeg; 5472x3648; existing subject, not an addition"
"Vitex acuminata","/Volumes/Crucial X10/SD/# A A A A NPNA 2026 NEW PHOTOS/WILLIE BURGESS Plants of the nt photos/Lamiaceae Clerodendrum Pityodia Vitex Wrightia Callicarpa Gmelina Plectranthus/Vitex/Vitex acuminata 9812.JPG","/Volumes/Crucial X10/SD/V V V/Vitex acuminata/SELECT/Vitex acuminata with bee.002.b.jpg","","","","","","A","loose photograph","","5472x3648","gallery option","Species named in the filename.","E477-03","07b21330672d2ee87fda2ad280014a7408b2e3a14dc87ec7611307325fcfda11","A","loose photograph","","914x685","gallery option","Species named in the filename.","E477-05","2878efb9617a99991bc3eeab2db7b06bac7d0308ef5d6a358fe42e73e24fff81","","","","","","","","","","","","","","","","","","","","","","","","","","","","","","","","","","","","","","","","","2","2","0","Supported loose additions","Low leafy habit and bee interaction complement existing flowers and dark fruits.","plant-d47faab6694b9195","13","",""
"Vitex glabrata","/Volumes/Crucial X10/SD/# A A A A NPNA 2026 NEW PHOTOS/WILLIE BURGESS Plants of the nt photos/Lamiaceae Clerodendrum Pityodia Vitex Wrightia Callicarpa Gmelina Plectranthus/Vitex/vitex glabrata 2.JPG","/Volumes/Crucial X10/SD/V V V/Vitex glabrata/_1100295 Vitex glabrata.JPG","/Volumes/Crucial X10/SD/# A A A A NPNA 2026 NEW PHOTOS/WILLIE BURGESS Plants of the nt photos/Lamiaceae Clerodendrum Pityodia Vitex Wrightia Callicarpa Gmelina Plectranthus/Vitex/Vitex glabrata 8356.JPG","/Volumes/Crucial X10/HD/AA NATIVE PLANTS OF NA 2021/FINAL FULL DRAFT/PROOF Native Plants of N Australia-PDF.pdf","","","","A","loose photograph","","5472x3648","gallery option","Species named in the filename.","E478-03","4ba2cc18c55fcfaf533ce2f0a69579c091751016d51fc0bc53880bb3d0ef21d4","A","loose photograph","","4000x3000","gallery option","Species named in the filename.","E478-05","51ad4a5afc4ab182672e8908ad2725a2b6a8c8129c5e06ff4f3f363ef8bcd803","A","loose photograph","","5472x3648","gallery option","Species named in the filename.","E478-08","1273c068da6ab15b72f0a38187bb99b3d27f36a6effa92f8122191b9ee83b08b","A","book image","PDF page 351; printed page 350; page-object index 1 (zero-based)","569x728","low-resolution fallback","Photograph positioned with the authored species account in the book proof.","B-p351-o1","","","","","","","","","","","","","","","","","","","","","","","","","","2","2","0","Supported loose additions","Flower structure, leafy growth and older-book whole mature tree broaden current fruit and flowering branch. Additional named image shows green attached fruits.","plant-30437633b35eda53","5","",""
"Vitex rotundifolia","/Volumes/Crucial X10/SD/# A A A A NPNA 2026 NEW PHOTOS/WILLIE BURGESS Plants of the nt photos/Lamiaceae Clerodendrum Pityodia Vitex Wrightia Callicarpa Gmelina Plectranthus/Vitex/Vitex rotundifolia 4333.JPG","/Volumes/Crucial X10/HD/AA NATIVE PLANTS OF NA 2021/FINAL FULL DRAFT/PROOF Native Plants of N Australia-PDF.pdf","/Volumes/Crucial X10/SD/V V V/Vitex rotundifolia/P1000227.JPG","","","","","A","loose photograph","","3648x2048","gallery option","Species named in the filename.","E479-01","f0a33327f5960fda9e9d9ac57868b98044355c55036be3fb627dc121794687ec","A","book image","PDF page 352; printed page 351; page-object index 2 (zero-based)","387x570","low-resolution fallback","Photograph positioned with the authored species account in the book proof.","B-p352-o2","","B","loose photograph","","4000x3000","gallery option","Association through the named source folder or historical-name trail.","E479-06","b7a1d3a70787733b89bbb88da11c4c798a9a03210d8c21ea35e0b53dd6d22cc1","","","","","","","","","","","","","","","","","","","","","","","","","","","","","","","","","1","1","0","Supported loose additions","Round-leaf/flower context and older-book whole creeping plant complement current close flower. Distinguish adjacent V. trifolia-labelled source series.","plant-f2b08344ead32905","5","",""
"Vitex trifolia","/Volumes/Crucial X10/SD/V V V/Vitex trifoliata/Bug on Vitex trifoliata/P1170557.JPG","/Volumes/Crucial X10/SD/V V V/Vitex trifoliata/_1140710.JPG","","","","","","B","loose photograph","","4000x3000","gallery option","Association through the named source folder or historical-name trail; Name spelling, abbreviation or historical combination needs retaining in provenance.","E480-03","08b8936e67b81be03ab3da11cd6746ac33914b832c6179875f19de61fa74407e","B","loose photograph","","4000x3000","gallery option","Association through the named source folder or historical-name trail; Name spelling, abbreviation or historical combination needs retaining in provenance.","E480-09","499da753d5ef2f906916dca2d65c9a6744000f8665678690502c2c8cc4c157d3","","","","","","","","","","","","","","","","","","","","","","","","","","","","","","","","","","","","","","","","","3","3","0","Supported loose additions","Earlier pale/green reproductive stage offers a modest addition; current gallery already covers flowers and coastal habit. Additional sequence includes green fruits, improving organ coverage.","plant-9cf58c51f5fc891e","7","",""
"Wrightia pubescens","/Volumes/Crucial X10/SD/WWW/Wrightia pubescens/_1130407 #Wrightia pubescens.JPG","/Volumes/Crucial X10/SD/WWW/Wrightia pubescens/_1120265 Wrightia pubescens.JPG","/Volumes/Crucial X10/SD/WWW/Wrightia pubescens/_1110559 Wrightia pubescens.JPG","","","","","A","loose photograph","","4000x3000","gallery option","Species named in the filename.","E481-04","3e3655d4e9755cdbf3e665df8787a5e9e59cacaeba2a74477de8e4c57c180374","A","loose photograph","","4000x3000","gallery option","Species named in the filename.","E481-06","6bdda9945823a078eeed8bcf8ee42ff8a26fa1d1ee1338b9102038ced45d87ac","A","loose photograph","","4000x3000","gallery option","Species named in the filename.","E481-09","a58c6d4b8a7b4f66dc0cee7b9a1a4bc8c620364c4cc5d0d65543c81535cd70e3","","","","","","","","","","","","","","","","","","","","","","","","","","","","","","","","","3","3","0","Supported loose additions","Whole flowering crown and long green pods broaden current flowers and mature hanging pod. Additional named image has long paired hanging pods.","plant-9515bdc073009bd6","11","",""
"Wrightia saligna","/Volumes/Crucial X10/SD/WWW/Wrightia saligna/_1120180 Wrightia saligna.JPG","/Volumes/Crucial X10/SD/WWW/Wrightia saligna/_1120182 Wrightia saligna.JPG","/Volumes/Crucial X10/SD/WWW/Wrightia saligna/_1240568.JPG","","","","","A","loose photograph","","4000x3000","gallery option","Species named in the filename.","E482-04","1f5360ae1f4c8f78496238bb6ba5a3659588ddd03fd0600df97b2f6f0bac88bb","A","loose photograph","","4000x3000","gallery option","Species named in the filename.","E482-05","5443aa35be0209b45d1a2e07466c9c901f8a67fbb66d35cb56743b65a19ce131","B","loose photograph","","4000x3000","gallery option","Association through the named source folder or historical-name trail.","E482-08","0cf816250334dc206763cad5b8de28e79812083aac3ed7cd9bcdb80c8ca4d663","","","","","","","","","","","","","","","","","","","","","","","","","","","","","","","","","2","2","0","Supported loose additions","Trunk/branch architecture and wispy whole crown complement current flowers and leaves. Additional sequence has close bark texture.","plant-823b1c4d0043892e","6","",""
"Xanthostemon eucalyptoides","/Volumes/Crucial X10/HD/# COMPLETE NPNA NEW ED 2026/A. A. PHOTOS AND IMAGES/D. PLANT DESCRIPTIONS GENERA A-Z/XX/Xanthostemon eucalyptoides/PICK/EXTRA/Xanthostemon eucalyptoides.A.IM.a.jpg","/Volumes/Crucial X10/SD/X X X/Xanthostemon eucalyptoides/P1160693.JPG","/Volumes/Crucial X10/SD/X X X/Xanthostemon eucalyptoides/_1060550.JPG","","","","","A","loose photograph","","3224x2418","gallery option","Species named in the filename.","E483-03","8df612b6a4add1b3a54b1837c793157d8a9691286cad349b3c4af7dd4dfacba7","B","loose photograph","","4000x3000","gallery option","Association through the named source folder or historical-name trail.","E483-04","ce9c153ad4587736847ecd0fa627f75ecf913a6737c74a0a2757de50c8854e8c","B","loose photograph","","4000x3000","gallery option","Association through the named source folder or historical-name trail.","E483-05","b69ff384977970eba50fadac52270426e7d16a1f9d0288b9b4a6a3d47ae6b697","","","","","","","","","","","","","","","","","","","","","","","","","","","","","","","","","2","2","0","Supported loose additions","Closer open flowers, dry fruits and whole low habit complement current buds and capsules.","plant-65cc91c93c4d0ac1","5","",""
"Xanthostemon paradoxus","/Volumes/Crucial X10/HD/# COMPLETE NPNA NEW ED 2026/A. A. PHOTOS AND IMAGES/B. PLANT COMMUNITIES/F. IAN MORRIS - NATIVE PLANT COMMUNITIES & WILDLIFE/PICK/27. Savanna Glider eating nectar of Xanthostemon paradoxus.jpg","/Volumes/Crucial X10/SD/X X X/Xanthostemon paradoxus/SELECT/Xanthostemon paradoxus.(jpg489).2.jpg","/Volumes/Crucial X10/SD/HABITATS/VICTORIA RIVER REGION/TIMBER CREEK AREA/MRF VINE-THICKET 28.4.25/SELECT/Xanthostemon paradoxus, Timber Ck MVT.056.a.JPG","","","","","A","loose photograph","","1844x1222","gallery option","Species named in the filename.","E484-02","a69e20dc5fec4c6ed2bb5594c0d790669a311421ebc9780c54d7b0b7ab95e60a","A","loose photograph","","1661x1661","gallery option","Species named in the filename.","E484-03","4e33b4ecc17cdb205b460c84e8e0ad2563535657b84501a06c0c08a6e2767c5c","A","loose photograph","","4864x3648","gallery option","Species named in the filename.","E484-04","7335528d7f3ba9067919a21ba1839ef8d6173be661e75b352735fcdeab2628ad","","","","","","","","","","","","","","","","","","","","","","","","","","","","","","","","","1","1","0","Supported loose additions","Glider interaction, close yellow flower head and whole tree broaden the single current flower-branch view.","plant-3844e8e20360380a","20","",""
"Xanthostemon psidioides","/Volumes/Crucial X10/SD/X X X/Xanthostemon psidioides/Xanthostemon psidioides 1 Yurmikmik.jpg","/Volumes/Crucial X10/SD/X X X/Xanthostemon psidioides/Xanthostemon psidioides 2 Yurmikmik.jpg","","","","","","A","loose photograph","","3264x2448","gallery option","Species named in the filename.","E485-01","e22fc2b36d0b46e214f958da833132d29b78edffdc70bb481beeccc6602d0a53","A","loose photograph","","3264x2448","gallery option","Species named in the filename.","E485-02","e16f6c91251e81376efccb37bc693132df6f012ad34467cd2c356a0bcb24c1f6","","","","","","","","","","","","","","","","","","","","","","","","","","","","","","","","","","","","","","","","","2","2","0","Supported loose additions","Closer flower structure and wider leafy flowering branch complement habitat and current broad flowers.","plant-ad16d9a5b307f9f6","3","",""
"Xanthostemon umbrosus","/Volumes/Crucial X10/SD/X X X/Xanthostemon umbrosus Bot Gdns/P1210252.JPG","/Volumes/Crucial X10/SD/X X X/Xanthostemon umbrosus Bot Gdns/P1020335.JPG","","","","","","B","loose photograph","","4000x3000","gallery option","Association through the named source folder or historical-name trail.","E486-01","28c3c3799e58ea2c757fd2621cb5a46c1128adf7c2309a92ae43d0e94e857244","B","loose photograph","","4864x3648","gallery option","Association through the named source folder or historical-name trail.","E486-06","fcc925a759111e42c461e42803f986110298184ab4526f5debc2a65426ff5bd4","","","","","","","","","","","","","","","","","","","","","","","","","","","","","","","","","","","","","","","","","3","3","0","Supported loose additions","Whole leafy flowering growth and earlier reproductive stage offer modest additions beyond current butterfly, capsules and flowers.","plant-511b39291003bef5","6","",""
"Xylocarpus moluccensis","/Volumes/Crucial X10/HD/# COMPLETE NPNA NEW ED 2026/A. A. PHOTOS AND IMAGES/C. HERO SHOTS A-Z/XX/PICK (perhaps both)/Xylocarpus moluccensis with red leaves.A.IM.jpg","/Volumes/Crucial X10/SD/# A A A A NPNA 2026 NEW PHOTOS/WILLIE BURGESS Plants of the nt photos/Meliaceae  Aglaia Xylocarpus/Xylocarpus moluccensis 6 7 8  (5).JPG","/Volumes/Crucial X10/SD/X X X/Xylocarpus moluccensis/P1060620.JPG","","","","","A","loose photograph","","5472x3080","gallery option","Species named in the filename.","E487-01","6178917f16b7294f9c5103bb3655d19bbd15ae21ce6c4d6eb2a6208d8463f0c9","A","loose photograph","","5472x3648","gallery option","Species named in the filename.","E487-04","04d7de6d8a48aec0483f7675bf4abc359451429036e7aaa8301834358455f060","B","loose photograph","","4864x3648","gallery option","Association through the named source folder or historical-name trail.","E487-11","53da63ec0773643c18d03d1f4ae82ba9da0f5ef4397f3b25d2fb5bc8122b1d2c","","","","","","","","","","","","","","","","","","","","","","","","","","","","","","","","","3","3","0","Supported loose additions","Waterside stand with coloured canopy and closer pale foliage add habitat/stage context to existing fruit, flowers and roots. Additional sequence has close rough bark texture.","plant-054a5962c1d0f3c4","7","",""
"Zanthoxylum rhetsa","/Volumes/Crucial X10/SD/# AA NEW SPECIES/Zanthoxylum rhetsa (prev Z. parviflorum) New Entry/SELECT/Zanthoxylum rhetsa  3 Rarrakala.jpg","/Volumes/Crucial X10/SD/# A A COMPLETED/Zanthoxylum rhetsa (prev Z. parviflorum) New Entry/_1110609 Tree to 5m, pinnate leaves w up to 7 pairs leaflets, very small white flwrs.JPG","/Volumes/Crucial X10/SD/# A A COMPLETED/Zanthoxylum rhetsa (prev Z. parviflorum) New Entry/_1110615.JPG","","","","","A","loose photograph","","3264x2448","gallery option","Species named in the filename.","E488-02","5d9c5c80a86ac08e804a9f0df27c7d64b1e0256cf6201188ba91c3fdf85047e0","B","loose photograph","","4000x3000","gallery option","Association through the named source folder or historical-name trail.","E488-06","8b707e1efb09a85d5f7636da2b9924d9ba6f782f0f51e2bf68ed62cde99d48cc","B","loose photograph","","4000x3000","gallery option","Association through the named source folder or historical-name trail.","E488-11","f49b1c6baa84a62194b888ff09dc61321d0cd0a56e2307d7d6c7b91fe8588990","","","","","","","","","","","","","","","","","","","","","","","","","","","","","","","","","3","3","0","Supported loose additions","Close developing fruit cluster and broader compound-leaf habit complement current fruits, trunk and flowers. Additional sequence shows whole young tree habit.","plant-acd50dc4a7849eb6","10","",""
"Ziziphus oenoplia","/Volumes/Crucial X10/SD/ZZZ/Ziziphus oenoplia/_1260074.JPG","/Volumes/Crucial X10/SD/ZZZ/Ziziphus oenoplia/_1260078.JPG","","","","","","B","loose photograph","","4000x3000","gallery option","Association through the named source folder or historical-name trail.","E489-03","74f8e6503409d70507d3cca9a0c3fbb7388f956475ee971a6e29087f777d2910","B","loose photograph","","4000x3000","gallery option","Association through the named source folder or historical-name trail.","E489-04","bda225b444190b6079e97b367fd097e4658485dc37cf550a0fda58a9ad9ee3ce","","","","","","","","","","","","","","","","","","","","","","","","","","","","","","","","","","","","","","","","","2","2","0","Supported loose additions","Long arching leafy shoots and young pale growth complement current fruit/flower details.","plant-1237a30272c65a99","7","",""
